"r","Tru_Level2Mean[1]","Est_Level2Mean[1]","se_Level2Mean[1]","LL_Level2Mean[1]","UL_Level2Mean[1]","cFlag_Level2Mean[1]","pFlag_Level2Mean[1]","Tru_Level2Mean[2]","Est_Level2Mean[2]","se_Level2Mean[2]","LL_Level2Mean[2]","UL_Level2Mean[2]","cFlag_Level2Mean[2]","pFlag_Level2Mean[2]","Tru_Level2Mean[3]","Est_Level2Mean[3]","se_Level2Mean[3]","LL_Level2Mean[3]","UL_Level2Mean[3]","cFlag_Level2Mean[3]","pFlag_Level2Mean[3]","Tru_Level2Mean[4]","Est_Level2Mean[4]","se_Level2Mean[4]","LL_Level2Mean[4]","UL_Level2Mean[4]","cFlag_Level2Mean[4]","pFlag_Level2Mean[4]","Tru_Level2Mean[5]","Est_Level2Mean[5]","se_Level2Mean[5]","LL_Level2Mean[5]","UL_Level2Mean[5]","cFlag_Level2Mean[5]","pFlag_Level2Mean[5]","Tru_Level2Mean[6]","Est_Level2Mean[6]","se_Level2Mean[6]","LL_Level2Mean[6]","UL_Level2Mean[6]","cFlag_Level2Mean[6]","pFlag_Level2Mean[6]","Tru_Level2Mean[7]","Est_Level2Mean[7]","se_Level2Mean[7]","LL_Level2Mean[7]","UL_Level2Mean[7]","cFlag_Level2Mean[7]","pFlag_Level2Mean[7]","Tru_Level2Mean[8]","Est_Level2Mean[8]","se_Level2Mean[8]","LL_Level2Mean[8]","UL_Level2Mean[8]","cFlag_Level2Mean[8]","pFlag_Level2Mean[8]","Tru_Level2Mean[9]","Est_Level2Mean[9]","se_Level2Mean[9]","LL_Level2Mean[9]","UL_Level2Mean[9]","cFlag_Level2Mean[9]","pFlag_Level2Mean[9]","Tru_Level2Mean[10]","Est_Level2Mean[10]","se_Level2Mean[10]","LL_Level2Mean[10]","UL_Level2Mean[10]","cFlag_Level2Mean[10]","pFlag_Level2Mean[10]","Tru_Level2Mean[11]","Est_Level2Mean[11]","se_Level2Mean[11]","LL_Level2Mean[11]","UL_Level2Mean[11]","cFlag_Level2Mean[11]","pFlag_Level2Mean[11]","Tru_Level2Mean[12]","Est_Level2Mean[12]","se_Level2Mean[12]","LL_Level2Mean[12]","UL_Level2Mean[12]","cFlag_Level2Mean[12]","pFlag_Level2Mean[12]","Tru_Level2Mean[13]","Est_Level2Mean[13]","se_Level2Mean[13]","LL_Level2Mean[13]","UL_Level2Mean[13]","cFlag_Level2Mean[13]","pFlag_Level2Mean[13]","Tru_Level2Mean[14]","Est_Level2Mean[14]","se_Level2Mean[14]","LL_Level2Mean[14]","UL_Level2Mean[14]","cFlag_Level2Mean[14]","pFlag_Level2Mean[14]","Tru_Level2Sigma[1]","Est_Level2Sigma[1]","se_Level2Sigma[1]","LL_Level2Sigma[1]","UL_Level2Sigma[1]","cFlag_Level2Sigma[1]","pFlag_Level2Sigma[1]","Tru_Level2Sigma[2]","Est_Level2Sigma[2]","se_Level2Sigma[2]","LL_Level2Sigma[2]","UL_Level2Sigma[2]","cFlag_Level2Sigma[2]","pFlag_Level2Sigma[2]","Tru_Level2Sigma[3]","Est_Level2Sigma[3]","se_Level2Sigma[3]","LL_Level2Sigma[3]","UL_Level2Sigma[3]","cFlag_Level2Sigma[3]","pFlag_Level2Sigma[3]","Tru_Level2Sigma[4]","Est_Level2Sigma[4]","se_Level2Sigma[4]","LL_Level2Sigma[4]","UL_Level2Sigma[4]","cFlag_Level2Sigma[4]","pFlag_Level2Sigma[4]","Tru_Level2Sigma[5]","Est_Level2Sigma[5]","se_Level2Sigma[5]","LL_Level2Sigma[5]","UL_Level2Sigma[5]","cFlag_Level2Sigma[5]","pFlag_Level2Sigma[5]","Tru_Level2Sigma[6]","Est_Level2Sigma[6]","se_Level2Sigma[6]","LL_Level2Sigma[6]","UL_Level2Sigma[6]","cFlag_Level2Sigma[6]","pFlag_Level2Sigma[6]","Tru_Level2Sigma[7]","Est_Level2Sigma[7]","se_Level2Sigma[7]","LL_Level2Sigma[7]","UL_Level2Sigma[7]","cFlag_Level2Sigma[7]","pFlag_Level2Sigma[7]","Tru_Level2Sigma[8]","Est_Level2Sigma[8]","se_Level2Sigma[8]","LL_Level2Sigma[8]","UL_Level2Sigma[8]","cFlag_Level2Sigma[8]","pFlag_Level2Sigma[8]","Tru_Level2Sigma[9]","Est_Level2Sigma[9]","se_Level2Sigma[9]","LL_Level2Sigma[9]","UL_Level2Sigma[9]","cFlag_Level2Sigma[9]","pFlag_Level2Sigma[9]","Tru_Level2Sigma[10]","Est_Level2Sigma[10]","se_Level2Sigma[10]","LL_Level2Sigma[10]","UL_Level2Sigma[10]","cFlag_Level2Sigma[10]","pFlag_Level2Sigma[10]","Tru_Level2Sigma[11]","Est_Level2Sigma[11]","se_Level2Sigma[11]","LL_Level2Sigma[11]","UL_Level2Sigma[11]","cFlag_Level2Sigma[11]","pFlag_Level2Sigma[11]","Tru_Level2Sigma[12]","Est_Level2Sigma[12]","se_Level2Sigma[12]","LL_Level2Sigma[12]","UL_Level2Sigma[12]","cFlag_Level2Sigma[12]","pFlag_Level2Sigma[12]","Tru_Level2Sigma[13]","Est_Level2Sigma[13]","se_Level2Sigma[13]","LL_Level2Sigma[13]","UL_Level2Sigma[13]","cFlag_Level2Sigma[13]","pFlag_Level2Sigma[13]","Tru_Level2Sigma[14]","Est_Level2Sigma[14]","se_Level2Sigma[14]","LL_Level2Sigma[14]","UL_Level2Sigma[14]","cFlag_Level2Sigma[14]","pFlag_Level2Sigma[14]","Tru_sigma_innovation[1,1]","Est_sigma_innovation[1,1]","se_sigma_innovation[1,1]","LL_sigma_innovation[1,1]","UL_sigma_innovation[1,1]","cFlag_sigma_innovation[1,1]","pFlag_sigma_innovation[1,1]","Tru_sigma_innovation[2,2]","Est_sigma_innovation[2,2]","se_sigma_innovation[2,2]","LL_sigma_innovation[2,2]","UL_sigma_innovation[2,2]","cFlag_sigma_innovation[2,2]","pFlag_sigma_innovation[2,2]","Tru_sigma_innovation[1,2]","Est_sigma_innovation[1,2]","se_sigma_innovation[1,2]","LL_sigma_innovation[1,2]","UL_sigma_innovation[1,2]","cFlag_sigma_innovation[1,2]","pFlag_sigma_innovation[1,2]","Tru_sigma_innovation[2,1]","Est_sigma_innovation[2,1]","se_sigma_innovation[2,1]","LL_sigma_innovation[2,1]","UL_sigma_innovation[2,1]","cFlag_sigma_innovation[2,1]","pFlag_sigma_innovation[2,1]"
1,NA,3.1594,0.143,2.8783,3.4405,NA,1,NA,2.5165,0.0996,2.3211,2.7127,NA,1,NA,6.3502,0.2025,5.9532,6.7476,NA,1,NA,4.5314,0.1417,4.2536,4.8113,NA,1,NA,8.2917,0.2055,7.8813,8.6895,NA,1,NA,5.8412,0.1428,5.5624,6.121,NA,1,NA,9.2059,0.2257,8.758,9.6474,NA,1,NA,6.7139,0.1546,6.4125,7.02,NA,1,NA,9.6617,0.211,9.2495,10.0761,NA,1,NA,7.0906,0.1502,6.7933,7.3846,NA,1,0.3,0.2631,0.0405,0.1854,0.3457,1,1,0.2,0.246,0.0397,0.1691,0.3257,1,1,-0.15,-0.181,0.0336,-0.2466,-0.1149,1,1,-0.1,-0.0664,0.0335,-0.1326,-0.0021,1,1,NA,1.295,0.1141,1.0878,1.5346,NA,1,NA,0.8191,0.0888,0.652,1.002,NA,1,NA,1.92,0.1498,1.6507,2.2395,NA,1,NA,1.2917,0.1118,1.0889,1.5269,NA,1,NA,1.9593,0.1512,1.685,2.2748,NA,1,NA,1.3041,0.1125,1.0976,1.5412,NA,1,NA,2.1749,0.1656,1.8767,2.5236,NA,1,NA,1.4185,0.1196,1.2016,1.6702,NA,1,NA,2.0207,0.1565,1.7381,2.3493,NA,1,NA,1.3837,0.1175,1.1682,1.6293,NA,1,0.1,0.1265,0.0409,0.0579,0.2125,1,1,0.1,0.1626,0.0465,0.0737,0.2512,1,1,0.1,0.1086,0.0345,0.0534,0.184,1,1,0.1,0.1129,0.0345,0.0556,0.1871,1,1,1,1.033,0.0381,0.9612,1.1103,1,1,1,1.019,0.0369,0.9494,1.0947,1,1,0.3,0.305,0.0273,0.2526,0.3598,1,1,0.3,0.305,0.0273,0.2526,0.3598,1,1
2,NA,3.4398,0.1368,3.1703,3.7091,NA,1,NA,2.4927,0.1016,2.2935,2.6938,NA,1,NA,6.7107,0.1995,6.3155,7.1045,NA,1,NA,4.753,0.1433,4.4731,5.0348,NA,1,NA,8.6484,0.2089,8.2396,9.06,NA,1,NA,6.2689,0.1658,5.946,6.5989,NA,1,NA,9.6109,0.2167,9.1814,10.0331,NA,1,NA,6.963,0.1648,6.6406,7.2857,NA,1,NA,9.9187,0.2186,9.4921,10.3509,NA,1,NA,7.2834,0.1728,6.947,7.6256,NA,1,0.3,0.2931,0.0426,0.2102,0.3774,1,1,0.2,0.2326,0.0408,0.1548,0.3149,1,1,-0.15,-0.1534,0.0354,-0.2235,-0.0845,1,1,-0.1,-0.1205,0.0324,-0.1841,-0.056,1,1,NA,1.2335,0.1077,1.038,1.461,NA,1,NA,0.8455,0.0891,0.6795,1.0303,NA,1,NA,1.9138,0.1488,1.6462,2.228,NA,1,NA,1.3105,0.1119,1.1062,1.5451,NA,1,NA,1.9945,0.1549,1.7168,2.3221,NA,1,NA,1.5561,0.1264,1.3272,1.8196,NA,1,NA,2.0758,0.1594,1.7879,2.4144,NA,1,NA,1.5407,0.1259,1.3121,1.8067,NA,1,NA,2.1099,0.1625,1.8165,2.4585,NA,1,NA,1.6207,0.1304,1.3852,1.8975,NA,1,0.1,0.1414,0.0454,0.0629,0.234,1,1,0.1,0.1697,0.0459,0.0764,0.2549,1,1,0.1,0.1449,0.0386,0.0699,0.2197,1,1,0.1,0.0901,0.0279,0.0471,0.1532,1,1,1,0.9757,0.0359,0.908,1.0489,1,1,1,0.9786,0.0354,0.9117,1.0497,1,1,0.3,0.3053,0.0261,0.2549,0.3573,1,1,0.3,0.3053,0.0261,0.2549,0.3573,1,1
3,NA,3.4884,0.1145,3.2626,3.714,NA,1,NA,2.6202,0.096,2.431,2.8086,NA,1,NA,6.5826,0.1766,6.2347,6.9295,NA,1,NA,4.7121,0.1319,4.4524,4.9705,NA,1,NA,8.3056,0.1877,7.9402,8.6755,NA,1,NA,6.1683,0.1405,5.8899,6.4437,NA,1,NA,9.182,0.1949,8.7966,9.5621,NA,1,NA,7.0589,0.1561,6.7536,7.3668,NA,1,NA,9.5181,0.1939,9.1324,9.899,NA,1,NA,7.5284,0.1583,7.2165,7.839,NA,1,0.3,0.3708,0.0427,0.2898,0.4559,1,1,0.2,0.1991,0.037,0.1282,0.272,1,1,-0.15,-0.1506,0.0328,-0.2151,-0.0854,1,1,-0.1,-0.1027,0.0363,-0.1745,-0.0321,1,1,NA,0.9309,0.104,0.7356,1.1421,NA,1,NA,0.8033,0.0823,0.6501,0.9727,NA,1,NA,1.64,0.1358,1.3931,1.9251,NA,1,NA,1.2009,0.1027,1.0153,1.4167,NA,1,NA,1.768,0.1441,1.5041,2.0726,NA,1,NA,1.2916,0.1078,1.0955,1.5188,NA,1,NA,1.8371,0.1475,1.5723,2.1465,NA,1,NA,1.4685,0.1177,1.2556,1.7162,NA,1,NA,1.8332,0.1473,1.5667,2.1467,NA,1,NA,1.4837,0.1188,1.2701,1.733,NA,1,0.1,0.0972,0.032,0.0483,0.17,1,1,0.1,0.0796,0.0233,0.0449,0.135,1,1,0.1,0.1206,0.0353,0.0587,0.1938,1,1,0.1,0.1407,0.0409,0.0661,0.2223,1,1,1,1.0681,0.041,0.9911,1.1511,1,1,1,0.9957,0.0358,0.9285,1.0683,1,1,0.3,0.2904,0.027,0.2383,0.3441,1,1,0.3,0.2904,0.027,0.2383,0.3441,1,1
4,NA,3.3262,0.1161,3.0971,3.5523,NA,1,NA,2.5054,0.0933,2.3225,2.6888,NA,1,NA,6.5643,0.1749,6.2204,6.9063,NA,1,NA,4.7103,0.1283,4.4581,4.9628,NA,1,NA,8.5915,0.1832,8.2342,8.9535,NA,1,NA,6.1478,0.1489,5.856,6.4413,NA,1,NA,9.3848,0.1857,9.0187,9.7464,NA,1,NA,6.8099,0.1601,6.4953,7.1233,NA,1,NA,9.7305,0.1938,9.3519,10.1106,NA,1,NA,7.2983,0.1575,6.9905,7.608,NA,1,0.3,0.3072,0.0408,0.229,0.3895,1,1,0.2,0.1941,0.0365,0.1239,0.268,1,1,-0.15,-0.1878,0.032,-0.2506,-0.1241,1,1,-0.1,-0.1199,0.0339,-0.186,-0.0543,1,1,NA,0.9886,0.0967,0.8093,1.1911,NA,1,NA,0.7776,0.0789,0.6328,0.9413,NA,1,NA,1.6414,0.1318,1.4016,1.9183,NA,1,NA,1.1682,0.0994,0.9888,1.3781,NA,1,NA,1.7375,0.138,1.4877,2.0293,NA,1,NA,1.3914,0.112,1.19,1.6271,NA,1,NA,1.752,0.1392,1.5025,2.0469,NA,1,NA,1.512,0.1199,1.2954,1.7637,NA,1,NA,1.8236,0.1447,1.5615,2.1285,NA,1,NA,1.4887,0.1186,1.2736,1.7396,NA,1,0.1,0.1306,0.0419,0.0593,0.2153,1,1,0.1,0.0878,0.0267,0.0476,0.1497,1,1,0.1,0.0785,0.0219,0.0448,0.1295,1,1,0.1,0.1066,0.0341,0.0527,0.182,1,1,1,1.0059,0.0366,0.9363,1.0804,1,1,1,0.947,0.0331,0.8842,1.0148,1,1,0.3,0.2998,0.0254,0.2509,0.3509,1,1,0.3,0.2998,0.0254,0.2509,0.3509,1,1
5,NA,3.4639,0.1394,3.1887,3.7371,NA,1,NA,2.8021,0.0923,2.6189,2.9832,NA,1,NA,6.5947,0.1889,6.225,6.9689,NA,1,NA,4.9451,0.1314,4.6855,5.2044,NA,1,NA,8.3484,0.2143,7.9283,8.7722,NA,1,NA,6.3142,0.1348,6.0496,6.5814,NA,1,NA,9.1747,0.212,8.7618,9.59,NA,1,NA,7.1724,0.1417,6.8951,7.4533,NA,1,NA,9.5827,0.2067,9.1788,9.9867,NA,1,NA,7.4714,0.1417,7.1934,7.7468,NA,1,0.3,0.3177,0.0411,0.2373,0.3993,1,1,0.2,0.2625,0.0357,0.1923,0.3333,1,1,-0.15,-0.1653,0.0322,-0.228,-0.102,1,1,-0.1,-0.0932,0.0343,-0.1613,-0.0262,1,1,NA,1.245,0.1108,1.0418,1.4765,NA,1,NA,0.7184,0.0814,0.5681,0.8879,NA,1,NA,1.7679,0.1422,1.5102,2.0681,NA,1,NA,1.1738,0.1027,0.9868,1.3901,NA,1,NA,2.0567,0.1588,1.77,2.3906,NA,1,NA,1.2166,0.106,1.0254,1.438,NA,1,NA,2.043,0.1592,1.7565,2.3764,NA,1,NA,1.2818,0.1097,1.0807,1.5117,NA,1,NA,1.9642,0.1534,1.687,2.2913,NA,1,NA,1.2962,0.1098,1.0971,1.5243,NA,1,0.1,0.0916,0.0291,0.0478,0.1589,1,1,0.1,0.0886,0.0268,0.0474,0.1513,1,1,0.1,0.0969,0.0302,0.0501,0.1654,1,1,0.1,0.1504,0.0399,0.0732,0.2289,1,1,1,1.0501,0.0396,0.9753,1.1307,1,1,1,1.0299,0.0366,0.9608,1.1037,1,1,0.3,0.2643,0.0267,0.2129,0.3176,1,1,0.3,0.2643,0.0267,0.2129,0.3176,1,1
6,NA,3.4505,0.1373,3.1838,3.7209,NA,1,NA,2.5423,0.0887,2.3661,2.7161,NA,1,NA,6.6051,0.1889,6.2312,6.9753,NA,1,NA,4.5391,0.1292,4.286,4.7915,NA,1,NA,8.4531,0.2121,8.0382,8.8702,NA,1,NA,6.0142,0.151,5.7178,6.3112,NA,1,NA,9.2728,0.1907,8.8976,9.6492,NA,1,NA,7.0193,0.1605,6.7011,7.3351,NA,1,NA,9.6023,0.2008,9.2066,9.9944,NA,1,NA,7.399,0.1639,7.0764,7.7226,NA,1,0.3,0.3227,0.0386,0.2477,0.3984,1,1,0.2,0.2455,0.0363,0.1767,0.3184,1,1,-0.15,-0.203,0.0339,-0.2684,-0.137,1,1,-0.1,-0.1149,0.0316,-0.1764,-0.053,1,1,NA,1.2376,0.1109,1.0349,1.4697,NA,1,NA,0.6834,0.0813,0.5307,0.8491,NA,1,NA,1.7948,0.1431,1.5358,2.0983,NA,1,NA,1.1689,0.1039,0.9803,1.3879,NA,1,NA,2.0284,0.1584,1.746,2.3623,NA,1,NA,1.3992,0.1161,1.1884,1.6436,NA,1,NA,1.812,0.1435,1.554,2.1149,NA,1,NA,1.5117,0.123,1.2886,1.7704,NA,1,NA,1.9105,0.1493,1.6426,2.2258,NA,1,NA,1.5351,0.1255,1.3084,1.799,NA,1,0.1,0.1126,0.0351,0.0542,0.1876,1,1,0.1,0.0926,0.0302,0.0472,0.1627,1,1,0.1,0.0844,0.025,0.0469,0.1435,1,1,0.1,0.0994,0.0306,0.0513,0.1679,1,1,1,0.9873,0.0358,0.9194,1.0597,1,1,1,1.042,0.0371,0.9719,1.1178,1,1,0.3,0.2901,0.0266,0.2389,0.3432,1,1,0.3,0.2901,0.0266,0.2389,0.3432,1,1
7,NA,3.3075,0.1205,3.0712,3.5444,NA,1,NA,2.4468,0.099,2.252,2.6423,NA,1,NA,6.5373,0.1797,6.1815,6.8882,NA,1,NA,4.7354,0.1291,4.4829,4.989,NA,1,NA,8.4224,0.2049,8.0189,8.8258,NA,1,NA,6.2237,0.1398,5.9494,6.4999,NA,1,NA,9.277,0.1869,8.913,9.644,NA,1,NA,6.9012,0.1473,6.6115,7.1892,NA,1,NA,9.6261,0.2133,9.208,10.0463,NA,1,NA,7.4574,0.1574,7.148,7.766,NA,1,0.3,0.33,0.0413,0.2483,0.4098,1,1,0.2,0.2886,0.0404,0.2106,0.3684,0,1,-0.15,-0.1574,0.0335,-0.2232,-0.0916,1,1,-0.1,-0.0843,0.0331,-0.1488,-0.0204,1,1,NA,1.0271,0.1013,0.8393,1.2368,NA,1,NA,0.7885,0.0881,0.6233,0.9706,NA,1,NA,1.6923,0.138,1.4423,1.9839,NA,1,NA,1.1484,0.1047,0.9562,1.3668,NA,1,NA,1.9524,0.1538,1.6728,2.2743,NA,1,NA,1.2573,0.111,1.0542,1.4891,NA,1,NA,1.76,0.1431,1.502,2.0626,NA,1,NA,1.3498,0.1163,1.1372,1.59,NA,1,NA,2.0292,0.1596,1.7402,2.3673,NA,1,NA,1.4602,0.1234,1.2376,1.7204,NA,1,0.1,0.1371,0.0441,0.0604,0.2263,1,1,0.1,0.1096,0.0354,0.0534,0.1877,1,1,0.1,0.0915,0.0291,0.0469,0.1589,1,1,0.1,0.0982,0.0304,0.0507,0.1657,1,1,1,1.0314,0.0376,0.9608,1.1081,1,1,1,1.0406,0.0377,0.9704,1.1171,1,1,0.3,0.2927,0.0268,0.241,0.3455,1,1,0.3,0.2927,0.0268,0.241,0.3455,1,1
8,NA,3.1912,0.1126,2.9721,3.4119,NA,1,NA,2.5525,0.101,2.3532,2.7501,NA,1,NA,6.3007,0.1752,5.9569,6.6435,NA,1,NA,4.6235,0.1442,4.3424,4.9074,NA,1,NA,8.0774,0.1728,7.7366,8.4165,NA,1,NA,5.9685,0.1534,5.6663,6.2678,NA,1,NA,9.0101,0.1887,8.6363,9.3841,NA,1,NA,6.8641,0.1674,6.5368,7.1918,NA,1,NA,9.5348,0.1923,9.1581,9.9128,NA,1,NA,7.1735,0.1795,6.8202,7.5246,NA,1,0.3,0.2986,0.0412,0.2192,0.3806,1,1,0.2,0.2098,0.037,0.1402,0.284,1,1,-0.15,-0.1355,0.0319,-0.1981,-0.0733,1,1,-0.1,-0.1241,0.0352,-0.1941,-0.0555,1,1,NA,0.9385,0.0953,0.7631,1.1364,NA,1,NA,0.8502,0.0853,0.6929,1.0285,NA,1,NA,1.6449,0.1351,1.4004,1.9263,NA,1,NA,1.3412,0.1115,1.138,1.5763,NA,1,NA,1.6082,0.1322,1.369,1.8894,NA,1,NA,1.4375,0.1175,1.2246,1.6872,NA,1,NA,1.7754,0.1433,1.518,2.0786,NA,1,NA,1.579,0.1262,1.3517,1.845,NA,1,NA,1.8202,0.1445,1.5597,2.1252,NA,1,NA,1.7089,0.1348,1.465,1.9938,NA,1,0.1,0.1438,0.0404,0.0691,0.2248,1,1,0.1,0.088,0.0273,0.0472,0.1515,1,1,0.1,0.0777,0.0219,0.0441,0.1289,1,1,0.1,0.1483,0.042,0.0692,0.232,1,1,1,1.0763,0.0402,1.0004,1.1583,0,1,1,1.0224,0.0364,0.9539,1.0959,1,1,0.3,0.296,0.0273,0.2436,0.3507,1,1,0.3,0.296,0.0273,0.2436,0.3507,1,1
9,NA,3.412,0.1413,3.1381,3.6896,NA,1,NA,2.7021,0.0852,2.5332,2.8692,NA,1,NA,6.5853,0.2078,6.1778,6.9934,NA,1,NA,4.8652,0.1169,4.6355,5.0938,NA,1,NA,8.4216,0.2273,7.9746,8.8663,NA,1,NA,6.3389,0.134,6.0753,6.6025,NA,1,NA,9.2936,0.2236,8.8527,9.7321,NA,1,NA,7.2875,0.1406,7.0095,7.562,NA,1,NA,9.6885,0.2232,9.2483,10.127,NA,1,NA,7.6822,0.1312,7.4232,7.9394,NA,1,0.3,0.3185,0.0433,0.2368,0.4056,1,1,0.2,0.2136,0.0354,0.1445,0.2852,1,1,-0.15,-0.1137,0.0343,-0.1806,-0.047,1,1,-0.1,-0.0439,0.033,-0.1089,0.0196,1,0,NA,1.2801,0.1119,1.0773,1.513,NA,1,NA,0.6513,0.0755,0.5091,0.8062,NA,1,NA,1.971,0.1543,1.693,2.2942,NA,1,NA,1.0401,0.0944,0.8662,1.2374,NA,1,NA,2.1936,0.1683,1.8931,2.5505,NA,1,NA,1.2325,0.1045,1.0426,1.4508,NA,1,NA,2.1477,0.1651,1.8487,2.4991,NA,1,NA,1.2925,0.1077,1.0967,1.5184,NA,1,NA,2.1454,0.164,1.851,2.494,NA,1,NA,1.2094,0.1029,1.0231,1.4278,NA,1,0.1,0.1284,0.0423,0.0584,0.2159,1,1,0.1,0.0815,0.025,0.0447,0.1406,1,1,0.1,0.1153,0.0355,0.056,0.1904,1,1,0.1,0.0871,0.0267,0.0472,0.1489,1,1,1,0.9894,0.037,0.9194,1.0644,1,1,1,0.9867,0.0353,0.9199,1.0579,1,1,0.3,0.291,0.0261,0.2404,0.3429,1,1,0.3,0.291,0.0261,0.2404,0.3429,1,1
10,NA,3.2711,0.133,3.0123,3.5338,NA,1,NA,2.6422,0.0952,2.455,2.8288,NA,1,NA,6.3776,0.1723,6.0397,6.717,NA,1,NA,4.8028,0.1389,4.5295,5.0778,NA,1,NA,8.1582,0.1974,7.7707,8.543,NA,1,NA,6.2097,0.1493,5.9177,6.5013,NA,1,NA,8.9119,0.2068,8.5035,9.314,NA,1,NA,7.0542,0.148,6.764,7.3432,NA,1,NA,9.5879,0.1973,9.1963,9.9743,NA,1,NA,7.4973,0.1361,7.2306,7.7645,NA,1,0.3,0.3064,0.0413,0.2267,0.3897,1,1,0.2,0.2021,0.0364,0.1307,0.2737,1,1,-0.15,-0.2005,0.035,-0.2691,-0.1305,1,1,-0.1,-0.1107,0.0315,-0.1718,-0.0487,1,1,NA,1.1824,0.1063,0.9881,1.4049,NA,1,NA,0.7609,0.0826,0.6078,0.9311,NA,1,NA,1.6056,0.1319,1.3675,1.8822,NA,1,NA,1.2624,0.1083,1.0671,1.4946,NA,1,NA,1.8762,0.147,1.6105,2.1897,NA,1,NA,1.3781,0.1154,1.1701,1.6228,NA,1,NA,1.9752,0.1532,1.6968,2.3023,NA,1,NA,1.3672,0.1146,1.1603,1.6091,NA,1,NA,1.8778,0.1466,1.6134,2.1883,NA,1,NA,1.2373,0.1075,1.0428,1.4632,NA,1,0.1,0.0974,0.0326,0.0491,0.1723,1,1,0.1,0.109,0.0359,0.0525,0.189,1,1,0.1,0.1103,0.0348,0.0539,0.1874,1,1,0.1,0.1122,0.034,0.0558,0.1854,1,1,1,1.0186,0.0376,0.9477,1.0953,1,1,1,1.1031,0.0389,1.0303,1.1821,0,1,0.3,0.2973,0.0275,0.2444,0.3523,1,1,0.3,0.2973,0.0275,0.2444,0.3523,1,1
11,NA,3.3306,0.1367,3.064,3.5979,NA,1,NA,2.6844,0.0984,2.4928,2.8786,NA,1,NA,6.3726,0.188,6.0011,6.7409,NA,1,NA,4.8642,0.1316,4.6079,5.1222,NA,1,NA,8.1732,0.2076,7.7639,8.5773,NA,1,NA,6.3518,0.1415,6.0744,6.6325,NA,1,NA,9.125,0.2057,8.7188,9.528,NA,1,NA,7.244,0.1543,6.9399,7.5473,NA,1,NA,9.474,0.2051,9.0732,9.8759,NA,1,NA,7.703,0.1706,7.3671,8.0408,NA,1,0.3,0.2806,0.0424,0.1996,0.3648,1,1,0.2,0.231,0.0406,0.1531,0.3123,1,1,-0.15,-0.1383,0.0357,-0.2095,-0.0685,1,1,-0.1,-0.0902,0.0325,-0.1541,-0.0271,1,1,NA,1.2286,0.1075,1.0298,1.4534,NA,1,NA,0.8169,0.0831,0.6624,0.9891,NA,1,NA,1.7857,0.1409,1.5328,2.0827,NA,1,NA,1.1897,0.1028,1.0034,1.4066,NA,1,NA,1.9978,0.1544,1.7198,2.3246,NA,1,NA,1.2947,0.1099,1.0951,1.5278,NA,1,NA,1.9675,0.1525,1.6937,2.2903,NA,1,NA,1.4417,0.1183,1.2277,1.6888,NA,1,NA,1.9548,0.1518,1.68,2.2731,NA,1,NA,1.6106,0.1277,1.3793,1.8792,NA,1,0.1,0.1214,0.0414,0.0545,0.2107,1,1,0.1,0.1278,0.042,0.0576,0.216,1,1,0.1,0.1301,0.0413,0.0579,0.215,1,1,0.1,0.1012,0.0314,0.0511,0.1709,1,1,1,0.9619,0.0354,0.895,1.0339,1,1,1,0.9766,0.0353,0.9096,1.048,1,1,0.3,0.2934,0.0255,0.2444,0.3448,1,1,0.3,0.2934,0.0255,0.2444,0.3448,1,1
12,NA,3.4118,0.1279,3.1583,3.6611,NA,1,NA,2.7301,0.1,2.5328,2.928,NA,1,NA,6.657,0.1857,6.2917,7.0196,NA,1,NA,4.9149,0.1378,4.6417,5.1819,NA,1,NA,8.3768,0.1976,7.9883,8.7611,NA,1,NA,6.3566,0.1378,6.0864,6.6272,NA,1,NA,9.2228,0.1955,8.8376,9.602,NA,1,NA,7.1027,0.143,6.8196,7.3833,NA,1,NA,9.4489,0.2102,9.0403,9.8612,NA,1,NA,7.5641,0.1417,7.2855,7.8416,NA,1,0.3,0.2846,0.0443,0.2004,0.3735,1,1,0.2,0.216,0.0387,0.1416,0.2937,1,1,-0.15,-0.1289,0.0352,-0.1982,-0.0589,1,1,-0.1,-0.0599,0.0343,-0.128,0.0076,1,0,NA,1.1305,0.104,0.9381,1.3465,NA,1,NA,0.8295,0.0862,0.6703,1.0078,NA,1,NA,1.7568,0.1402,1.5051,2.0529,NA,1,NA,1.2566,0.1068,1.0624,1.4812,NA,1,NA,1.8857,0.1486,1.6181,2.1993,NA,1,NA,1.2525,0.1068,1.0579,1.4769,NA,1,NA,1.8649,0.1481,1.5958,2.1749,NA,1,NA,1.3214,0.111,1.1206,1.5545,NA,1,NA,2.0053,0.1567,1.7237,2.3389,NA,1,NA,1.2993,0.1092,1.1021,1.5299,NA,1,0.1,0.1058,0.0364,0.0507,0.1881,1,1,0.1,0.1226,0.0376,0.0583,0.1997,1,1,0.1,0.1269,0.0377,0.0611,0.2041,1,1,0.1,0.0974,0.0291,0.0507,0.1618,1,1,1,1.0683,0.0407,0.992,1.1519,1,1,1,1.0517,0.0383,0.9796,1.1297,1,1,0.3,0.404,0.0294,0.3477,0.4634,0,1,0.3,0.404,0.0294,0.3477,0.4634,0,1
13,NA,3.2734,0.1299,3.0195,3.5274,NA,1,NA,2.819,0.1005,2.6216,3.0157,NA,1,NA,6.4081,0.1835,6.0485,6.77,NA,1,NA,4.9633,0.143,4.683,5.245,NA,1,NA,8.3494,0.2012,7.9499,8.7424,NA,1,NA,6.4585,0.1476,6.1665,6.7468,NA,1,NA,9.348,0.2053,8.9441,9.7502,NA,1,NA,7.1906,0.1502,6.8949,7.484,NA,1,NA,9.7602,0.2116,9.3433,10.1729,NA,1,NA,7.6176,0.1493,7.3247,7.9116,NA,1,0.3,0.3046,0.0386,0.2315,0.3829,1,1,0.2,0.1962,0.0397,0.1197,0.2761,1,1,-0.15,-0.1085,0.0324,-0.1738,-0.0467,1,1,-0.1,-0.1237,0.0346,-0.1917,-0.0552,1,1,NA,1.156,0.1042,0.9644,1.3716,NA,1,NA,0.8454,0.0864,0.6862,1.0254,NA,1,NA,1.7307,0.1385,1.4795,2.0219,NA,1,NA,1.3084,0.1115,1.1058,1.544,NA,1,NA,1.919,0.1507,1.6483,2.2392,NA,1,NA,1.3616,0.1138,1.1549,1.6022,NA,1,NA,1.9442,0.1515,1.6715,2.2661,NA,1,NA,1.3979,0.1156,1.1888,1.642,NA,1,NA,2.025,0.1569,1.7426,2.3557,NA,1,NA,1.3956,0.1145,1.1896,1.6365,NA,1,0.1,0.0829,0.0253,0.0452,0.1421,1,1,0.1,0.1152,0.0382,0.0558,0.1988,1,1,0.1,0.0854,0.025,0.0471,0.1437,1,1,0.1,0.126,0.0373,0.0608,0.2035,1,1,1,1.0414,0.038,0.97,1.1192,1,1,1,1.015,0.0368,0.9453,1.0897,1,1,0.3,0.3033,0.0271,0.2518,0.3577,1,1,0.3,0.3033,0.0271,0.2518,0.3577,1,1
14,NA,3.3902,0.1522,3.0928,3.689,NA,1,NA,2.557,0.0996,2.3604,2.7525,NA,1,NA,6.525,0.2044,6.1255,6.9276,NA,1,NA,4.6131,0.1344,4.3506,4.8768,NA,1,NA,8.4448,0.2155,8.0176,8.8688,NA,1,NA,6.1364,0.1628,5.8153,6.4562,NA,1,NA,9.1984,0.2161,8.7716,9.6235,NA,1,NA,6.9958,0.1666,6.6694,7.3224,NA,1,NA,9.6695,0.216,9.2481,10.0917,NA,1,NA,7.5417,0.1646,7.2192,7.8644,NA,1,0.3,0.3443,0.0429,0.2609,0.4301,1,1,0.2,0.1613,0.0369,0.0912,0.2355,1,1,-0.15,-0.1354,0.034,-0.2016,-0.0679,1,1,-0.1,-0.1391,0.0344,-0.2072,-0.0715,1,1,NA,1.3615,0.1221,1.139,1.6167,NA,1,NA,0.8422,0.0836,0.6886,1.0157,NA,1,NA,1.9406,0.1542,1.6596,2.2648,NA,1,NA,1.2296,0.104,1.0416,1.4481,NA,1,NA,2.0565,0.1605,1.7665,2.3925,NA,1,NA,1.5441,0.1233,1.3207,1.8042,NA,1,NA,2.0586,0.1607,1.7699,2.4008,NA,1,NA,1.58,0.1237,1.3588,1.8402,NA,1,NA,2.0678,0.1609,1.7768,2.4059,NA,1,NA,1.5649,0.1239,1.3431,1.8284,NA,1,0.1,0.1431,0.0507,0.0586,0.2442,1,1,0.1,0.1175,0.0384,0.0551,0.2009,1,1,0.1,0.1271,0.0367,0.062,0.2019,1,1,0.1,0.1102,0.0351,0.0537,0.1858,1,1,1,1.0771,0.0399,1.0021,1.1584,0,1,1,0.9876,0.0354,0.9208,1.0593,1,1,0.3,0.2952,0.0274,0.2422,0.35,1,1,0.3,0.2952,0.0274,0.2422,0.35,1,1
15,NA,3.4767,0.1329,3.2166,3.7392,NA,1,NA,2.6894,0.1003,2.4923,2.8876,NA,1,NA,6.6124,0.1939,6.2302,6.9933,NA,1,NA,4.8318,0.1401,4.5585,5.1074,NA,1,NA,8.6225,0.2218,8.1845,9.0542,NA,1,NA,6.2807,0.1458,5.9923,6.5665,NA,1,NA,9.6157,0.214,9.1918,10.0329,NA,1,NA,7.1976,0.1645,6.8731,7.5216,NA,1,NA,10.0687,0.2169,9.6379,10.4944,NA,1,NA,7.5502,0.1713,7.213,7.8861,NA,1,0.3,0.2586,0.0374,0.1859,0.3345,1,1,0.2,0.2437,0.0378,0.1688,0.3169,1,1,-0.15,-0.1758,0.0332,-0.2421,-0.1123,1,1,-0.1,-0.1056,0.0331,-0.1705,-0.0404,1,1,NA,1.1918,0.1035,1.0027,1.408,NA,1,NA,0.8289,0.0854,0.671,1.0056,NA,1,NA,1.8536,0.1447,1.594,2.1611,NA,1,NA,1.2726,0.1081,1.0764,1.4996,NA,1,NA,2.1339,0.1618,1.8438,2.479,NA,1,NA,1.3476,0.1131,1.1405,1.5851,NA,1,NA,2.0699,0.1589,1.7843,2.404,NA,1,NA,1.5443,0.1253,1.3181,1.8077,NA,1,NA,2.0921,0.1592,1.8054,2.4325,NA,1,NA,1.6222,0.1299,1.3892,1.8968,NA,1,0.1,0.0834,0.0246,0.046,0.1411,1,1,0.1,0.0923,0.0305,0.0479,0.1654,1,1,0.1,0.09,0.0272,0.0479,0.1517,1,1,0.1,0.1022,0.0322,0.0512,0.1734,1,1,1,1.0146,0.0365,0.9458,1.0893,1,1,1,1.0188,0.0365,0.9499,1.0934,1,1,0.3,0.3133,0.0267,0.262,0.3664,1,1,0.3,0.3133,0.0267,0.262,0.3664,1,1
16,NA,3.075,0.124,2.8327,3.3213,NA,1,NA,2.6447,0.0973,2.4553,2.8362,NA,1,NA,6.3202,0.177,5.9732,6.6673,NA,1,NA,4.7493,0.1169,4.5186,4.9797,NA,1,NA,8.1037,0.1859,7.7386,8.4701,NA,1,NA,6.2333,0.1316,5.9746,6.492,NA,1,NA,9.0118,0.1875,8.6461,9.3838,NA,1,NA,6.9347,0.1336,6.6707,7.1974,NA,1,NA,9.4591,0.1911,9.081,9.8342,NA,1,NA,7.5306,0.1406,7.2551,7.8081,NA,1,0.3,0.3195,0.0421,0.2387,0.4028,1,1,0.2,0.2042,0.0368,0.1327,0.2782,1,1,-0.15,-0.2007,0.0353,-0.2714,-0.1306,1,1,-0.1,-0.1122,0.0305,-0.1718,-0.0531,1,1,NA,1.0892,0.1013,0.9029,1.3,NA,1,NA,0.7992,0.0851,0.6408,0.9751,NA,1,NA,1.6543,0.1324,1.4148,1.9332,NA,1,NA,1.0217,0.0947,0.8493,1.2187,NA,1,NA,1.7544,0.14,1.5007,2.0505,NA,1,NA,1.1865,0.1032,0.998,1.4024,NA,1,NA,1.7776,0.1405,1.5248,2.0743,NA,1,NA,1.21,0.1064,1.0148,1.4323,NA,1,NA,1.8266,0.1446,1.5651,2.1336,NA,1,NA,1.2932,0.1093,1.0952,1.5228,NA,1,0.1,0.1049,0.0355,0.0516,0.1852,1,1,0.1,0.0993,0.0329,0.0496,0.1754,1,1,0.1,0.1107,0.0359,0.054,0.1888,1,1,0.1,0.0725,0.0191,0.0428,0.1165,1,1,1,0.9765,0.0362,0.9086,1.0501,1,1,1,1.0668,0.038,0.9948,1.1434,1,1,0.3,0.2691,0.0264,0.218,0.3215,1,1,0.3,0.2691,0.0264,0.218,0.3215,1,1
17,NA,3.507,0.1345,3.2448,3.7713,NA,1,NA,2.7506,0.097,2.5608,2.9404,NA,1,NA,6.5467,0.1985,6.1595,6.9358,NA,1,NA,4.9866,0.1429,4.7065,5.2668,NA,1,NA,8.467,0.2252,8.0223,8.9054,NA,1,NA,6.4524,0.1726,6.113,6.7876,NA,1,NA,9.22,0.2313,8.7635,9.6726,NA,1,NA,7.2509,0.182,6.8901,7.6078,NA,1,NA,9.6416,0.2203,9.2103,10.0725,NA,1,NA,7.6155,0.1845,7.2529,7.9783,NA,1,0.3,0.3314,0.0432,0.2486,0.4181,1,1,0.2,0.186,0.036,0.1168,0.258,1,1,-0.15,-0.1131,0.0359,-0.1838,-0.0422,1,1,-0.1,-0.0506,0.0324,-0.1142,0.0135,1,0,NA,1.1907,0.107,0.993,1.4144,NA,1,NA,0.8085,0.0817,0.6579,0.9783,NA,1,NA,1.8831,0.1486,1.6123,2.1965,NA,1,NA,1.3324,0.1098,1.1327,1.5658,NA,1,NA,2.1501,0.1653,1.8527,2.5014,NA,1,NA,1.6394,0.1281,1.4065,1.9095,NA,1,NA,2.2266,0.1694,1.9204,2.5853,NA,1,NA,1.7277,0.1343,1.4845,2.0094,NA,1,NA,2.1212,0.1636,1.826,2.4668,NA,1,NA,1.7631,0.1364,1.5159,2.0493,NA,1,0.1,0.131,0.0431,0.0594,0.2213,1,1,0.1,0.1022,0.0342,0.0502,0.1796,1,1,0.1,0.1454,0.0406,0.0683,0.2258,1,1,0.1,0.0992,0.0309,0.0513,0.1701,1,1,1,0.9523,0.0355,0.8852,1.0249,1,1,1,0.9633,0.0349,0.8975,1.0344,1,1,0.3,0.2808,0.0255,0.2322,0.3318,1,1,0.3,0.2808,0.0255,0.2322,0.3318,1,1
18,NA,3.2424,0.1311,2.984,3.5006,NA,1,NA,2.7083,0.1117,2.4861,2.927,NA,1,NA,6.2629,0.1767,5.9146,6.6096,NA,1,NA,4.7545,0.1582,4.445,5.0656,NA,1,NA,7.9846,0.1926,7.6078,8.3606,NA,1,NA,6.163,0.1753,5.8191,6.5081,NA,1,NA,8.8758,0.206,8.47,9.2811,NA,1,NA,6.9178,0.1856,6.5529,7.2806,NA,1,NA,9.303,0.2091,8.8929,9.7108,NA,1,NA,7.363,0.1828,7.0014,7.7214,NA,1,0.3,0.2256,0.0376,0.152,0.301,1,1,0.2,0.2488,0.0379,0.1757,0.3246,1,1,-0.15,-0.1816,0.0352,-0.2497,-0.1115,1,1,-0.1,-0.0921,0.0313,-0.1531,-0.0296,1,1,NA,1.2025,0.1019,1.0187,1.4165,NA,1,NA,0.9672,0.0933,0.7949,1.1618,NA,1,NA,1.6752,0.1314,1.4379,1.9522,NA,1,NA,1.4695,0.1201,1.2526,1.7228,NA,1,NA,1.847,0.1418,1.5921,2.1473,NA,1,NA,1.6549,0.1316,1.4181,1.9328,NA,1,NA,1.992,0.1518,1.7201,2.3112,NA,1,NA,1.7656,0.1389,1.5179,2.0591,NA,1,NA,2.0166,0.1531,1.7423,2.341,NA,1,NA,1.7301,0.1363,1.4847,2.0166,NA,1,0.1,0.0954,0.0313,0.0487,0.1677,1,1,0.1,0.1017,0.0317,0.0514,0.1713,1,1,0.1,0.1211,0.0372,0.0578,0.1986,1,1,0.1,0.0931,0.0281,0.0486,0.1562,1,1,1,0.9052,0.0324,0.8441,0.9708,0,1,1,1.007,0.0363,0.9382,1.0803,1,1,0.3,0.2782,0.0246,0.2313,0.3275,1,1,0.3,0.2782,0.0246,0.2313,0.3275,1,1
19,NA,3.3948,0.1217,3.1547,3.6343,NA,1,NA,2.4669,0.0948,2.2813,2.6535,NA,1,NA,6.5683,0.1615,6.2522,6.8853,NA,1,NA,4.5766,0.1358,4.3107,4.8438,NA,1,NA,8.435,0.1922,8.056,8.8126,NA,1,NA,6.1097,0.1501,5.8149,6.4043,NA,1,NA,9.2444,0.1903,8.8719,9.6188,NA,1,NA,7.0068,0.1559,6.6981,7.3137,NA,1,NA,9.7621,0.2044,9.3572,10.1605,NA,1,NA,7.2831,0.1501,6.9877,7.5747,NA,1,0.3,0.3186,0.0412,0.239,0.4008,1,1,0.2,0.2221,0.0379,0.1494,0.2986,1,1,-0.15,-0.1567,0.0325,-0.2208,-0.0929,1,1,-0.1,-0.0868,0.034,-0.1525,-0.0192,1,1,NA,1.0592,0.1003,0.8751,1.2669,NA,1,NA,0.7938,0.0822,0.6409,0.9641,NA,1,NA,1.4923,0.1249,1.2661,1.7557,NA,1,NA,1.2496,0.1059,1.0588,1.4712,NA,1,NA,1.8223,0.1457,1.5587,2.1336,NA,1,NA,1.4013,0.1158,1.1914,1.6446,NA,1,NA,1.793,0.1427,1.5349,2.0935,NA,1,NA,1.4654,0.1188,1.2502,1.7158,NA,1,NA,1.9574,0.155,1.6791,2.286,NA,1,NA,1.3942,0.1142,1.1871,1.6339,NA,1,0.1,0.1294,0.0403,0.0594,0.2113,1,1,0.1,0.1145,0.0378,0.054,0.1972,1,1,0.1,0.0893,0.0269,0.0476,0.1507,1,1,0.1,0.0982,0.0304,0.0511,0.1677,1,1,1,1.0225,0.0374,0.9524,1.0988,1,1,1,0.9726,0.0347,0.9076,1.0429,1,1,0.3,0.3283,0.0264,0.2778,0.3812,1,1,0.3,0.3283,0.0264,0.2778,0.3812,1,1
20,NA,3.6686,0.1472,3.3801,3.958,NA,1,NA,2.4412,0.0976,2.2486,2.6338,NA,1,NA,7.0468,0.1925,6.6722,7.4241,NA,1,NA,4.5813,0.1314,4.3241,4.8397,NA,1,NA,8.8204,0.2031,8.4186,9.2184,NA,1,NA,6.111,0.147,5.8219,6.4013,NA,1,NA,9.7738,0.212,9.3574,10.1937,NA,1,NA,6.852,0.1609,6.5382,7.1684,NA,1,NA,10.1556,0.2096,9.7416,10.5655,NA,1,NA,7.3574,0.1683,7.0269,7.687,NA,1,0.3,0.2747,0.039,0.2003,0.3533,1,1,0.2,0.2088,0.0379,0.1369,0.2846,1,1,-0.15,-0.1925,0.0333,-0.2569,-0.1275,1,1,-0.1,-0.143,0.0319,-0.2067,-0.0814,1,1,NA,1.354,0.1134,1.1466,1.5927,NA,1,NA,0.8163,0.0838,0.6614,0.9901,NA,1,NA,1.8377,0.1433,1.5796,2.1397,NA,1,NA,1.1954,0.1029,1.009,1.4127,NA,1,NA,1.9474,0.1496,1.6762,2.2624,NA,1,NA,1.3748,0.1129,1.1702,1.6157,NA,1,NA,2.0388,0.1558,1.7566,2.3687,NA,1,NA,1.5145,0.1208,1.2965,1.7695,NA,1,NA,2.021,0.1547,1.7419,2.3473,NA,1,NA,1.5881,0.1265,1.3577,1.8546,NA,1,0.1,0.1103,0.0362,0.0531,0.1896,1,1,0.1,0.1067,0.0348,0.0519,0.1841,1,1,0.1,0.0858,0.0252,0.0469,0.1435,1,1,0.1,0.1015,0.0313,0.052,0.1704,1,1,1,0.9531,0.0347,0.8883,1.024,1,1,1,0.9934,0.0354,0.9269,1.0653,1,1,0.3,0.2792,0.0251,0.231,0.3286,1,1,0.3,0.2792,0.0251,0.231,0.3286,1,1
21,NA,3.3689,0.1317,3.1103,3.6275,NA,1,NA,2.6083,0.093,2.4249,2.7889,NA,1,NA,6.6104,0.1907,6.2334,6.9843,NA,1,NA,4.8693,0.1242,4.6262,5.1124,NA,1,NA,8.3521,0.1989,7.9571,8.7413,NA,1,NA,6.3537,0.1428,6.0693,6.6333,NA,1,NA,9.3193,0.1999,8.9293,9.7113,NA,1,NA,7.2751,0.1508,6.9777,7.5699,NA,1,NA,9.7445,0.2066,9.339,10.1503,NA,1,NA,7.7107,0.1529,7.4118,8.0156,NA,1,0.3,0.3065,0.0405,0.2263,0.3848,1,1,0.2,0.2933,0.0404,0.2164,0.3736,0,1,-0.15,-0.1261,0.0327,-0.1896,-0.0611,1,1,-0.1,-0.0255,0.0329,-0.0894,0.0395,0,0,NA,1.1693,0.1064,0.9729,1.3914,NA,1,NA,0.7242,0.0906,0.5527,0.9092,NA,1,NA,1.8066,0.1436,1.5469,2.1108,NA,1,NA,1.0924,0.104,0.8997,1.3057,NA,1,NA,1.9064,0.1498,1.6357,2.2255,NA,1,NA,1.3046,0.1133,1.0977,1.5435,NA,1,NA,1.9011,0.1497,1.6297,2.2172,NA,1,NA,1.3897,0.1189,1.1737,1.6388,NA,1,NA,1.9758,0.154,1.696,2.3003,NA,1,NA,1.4126,0.118,1.1985,1.6616,NA,1,0.1,0.0978,0.0316,0.0498,0.1703,1,1,0.1,0.1323,0.0408,0.0604,0.2142,1,1,0.1,0.0822,0.0248,0.0453,0.1401,1,1,0.1,0.0862,0.0255,0.0467,0.1451,1,1,1,1.0119,0.0371,0.9415,1.0878,1,1,1,0.9858,0.036,0.9175,1.059,1,1,0.3,0.2904,0.0262,0.24,0.3425,1,1,0.3,0.2904,0.0262,0.24,0.3425,1,1
22,NA,3.1713,0.1373,2.8989,3.4405,NA,1,NA,2.7424,0.104,2.5359,2.9452,NA,1,NA,6.2436,0.2059,5.8369,6.6492,NA,1,NA,4.932,0.1451,4.647,5.2153,NA,1,NA,8.0768,0.215,7.6547,8.5001,NA,1,NA,6.4245,0.1515,6.1249,6.7218,NA,1,NA,8.9542,0.2067,8.5478,9.3585,NA,1,NA,7.1157,0.1588,6.8042,7.4292,NA,1,NA,9.414,0.2111,9.0011,9.8276,NA,1,NA,7.722,0.1545,7.4213,8.0257,NA,1,0.3,0.2899,0.0429,0.2083,0.3766,1,1,0.2,0.207,0.0372,0.1361,0.282,1,1,-0.15,-0.1324,0.0343,-0.1999,-0.0658,1,1,-0.1,-0.0504,0.033,-0.1158,0.0137,1,0,NA,1.2323,0.1084,1.0337,1.4607,NA,1,NA,0.888,0.0862,0.7297,1.0678,NA,1,NA,1.962,0.1525,1.6872,2.2822,NA,1,NA,1.3566,0.112,1.155,1.5933,NA,1,NA,2.0704,0.1596,1.7813,2.4073,NA,1,NA,1.4107,0.1151,1.2022,1.6557,NA,1,NA,1.9728,0.1531,1.6954,2.2964,NA,1,NA,1.5,0.1215,1.2805,1.7569,NA,1,NA,2.0227,0.1569,1.7408,2.3555,NA,1,NA,1.4486,0.1177,1.2351,1.6971,NA,1,0.1,0.1238,0.0439,0.0554,0.2183,1,1,0.1,0.1085,0.0366,0.0516,0.1896,1,1,0.1,0.1215,0.0379,0.0576,0.2019,1,1,0.1,0.0907,0.0276,0.0484,0.1538,1,1,1,1.0014,0.037,0.9312,1.0764,1,1,1,0.9915,0.0354,0.9241,1.0631,1,1,0.3,0.2968,0.0262,0.2463,0.3492,1,1,0.3,0.2968,0.0262,0.2463,0.3492,1,1
23,NA,3.4473,0.1304,3.1909,3.7026,NA,1,NA,2.6401,0.1048,2.4347,2.8472,NA,1,NA,6.6576,0.1744,6.3146,6.9988,NA,1,NA,4.6848,0.1304,4.4286,4.9402,NA,1,NA,8.3391,0.1844,7.9773,8.702,NA,1,NA,6.2343,0.144,5.9504,6.5165,NA,1,NA,9.3346,0.189,8.9647,9.7048,NA,1,NA,7.0867,0.1462,6.7986,7.374,NA,1,NA,9.7104,0.1947,9.329,10.0908,NA,1,NA,7.4297,0.1394,7.1545,7.7051,NA,1,0.3,0.3038,0.0394,0.2267,0.3831,1,1,0.2,0.1516,0.0355,0.0816,0.2205,1,1,-0.15,-0.1538,0.0331,-0.2191,-0.0889,1,1,-0.1,-0.1089,0.0328,-0.1733,-0.044,1,1,NA,1.1594,0.1037,0.971,1.3756,NA,1,NA,0.9114,0.085,0.7545,1.0889,NA,1,NA,1.629,0.1295,1.3944,1.9029,NA,1,NA,1.2002,0.1005,1.0181,1.4133,NA,1,NA,1.7519,0.1373,1.504,2.0428,NA,1,NA,1.3564,0.1103,1.1553,1.5885,NA,1,NA,1.7971,0.1414,1.5412,2.0984,NA,1,NA,1.3717,0.1114,1.1705,1.6047,NA,1,NA,1.8563,0.144,1.5988,2.1638,NA,1,NA,1.2921,0.1063,1.1018,1.5185,NA,1,0.1,0.0878,0.028,0.0465,0.1534,1,1,0.1,0.0867,0.0267,0.0462,0.1487,1,1,0.1,0.0831,0.025,0.0447,0.1411,1,1,0.1,0.1213,0.0348,0.0595,0.1933,1,1,1,0.9531,0.035,0.8876,1.0241,1,1,1,0.9731,0.0339,0.9089,1.0417,1,1,0.3,0.271,0.0247,0.2233,0.3201,1,1,0.3,0.271,0.0247,0.2233,0.3201,1,1
24,NA,3.0721,0.1245,2.8292,3.3198,NA,1,NA,2.4696,0.0972,2.2792,2.6614,NA,1,NA,6.1426,0.1759,5.7975,6.4867,NA,1,NA,4.6642,0.1196,4.4285,4.8982,NA,1,NA,8.0769,0.1938,7.6883,8.453,NA,1,NA,6.1496,0.1379,5.878,6.4192,NA,1,NA,8.8751,0.2025,8.476,9.2722,NA,1,NA,7.0807,0.1507,6.783,7.3758,NA,1,NA,9.22,0.205,8.8155,9.6218,NA,1,NA,7.6817,0.1612,7.3659,8.0001,NA,1,0.3,0.2997,0.0463,0.2114,0.3924,1,1,0.2,0.2187,0.0366,0.1479,0.2915,1,1,-0.15,-0.1735,0.0352,-0.2428,-0.1056,1,1,-0.1,-0.1309,0.0343,-0.197,-0.0626,1,1,NA,1.0866,0.1022,0.8984,1.2986,NA,1,NA,0.7964,0.0842,0.6395,0.9703,NA,1,NA,1.6591,0.1351,1.4149,1.9409,NA,1,NA,1.0649,0.0971,0.8858,1.2665,NA,1,NA,1.8383,0.1488,1.5674,2.1518,NA,1,NA,1.266,0.1079,1.0698,1.4933,NA,1,NA,1.9278,0.1525,1.6549,2.2491,NA,1,NA,1.3868,0.1138,1.1796,1.6257,NA,1,NA,1.9616,0.1536,1.6839,2.2846,NA,1,NA,1.5081,0.1223,1.2871,1.7658,NA,1,0.1,0.1584,0.0523,0.0643,0.258,1,1,0.1,0.1027,0.0328,0.0509,0.1751,1,1,0.1,0.0956,0.0302,0.0486,0.1626,1,1,0.1,0.1393,0.0366,0.0707,0.2119,1,1,1,0.9592,0.0361,0.8914,1.0327,1,1,1,1.0494,0.0371,0.9797,1.1253,1,1,0.3,0.3273,0.0266,0.2769,0.3811,1,1,0.3,0.3273,0.0266,0.2769,0.3811,1,1
25,NA,3.344,0.1358,3.0768,3.6089,NA,1,NA,2.6617,0.0985,2.4675,2.8549,NA,1,NA,6.3218,0.1899,5.9524,6.6953,NA,1,NA,4.7894,0.1385,4.5176,5.0617,NA,1,NA,8.2995,0.1877,7.9303,8.666,NA,1,NA,6.1753,0.1484,5.8818,6.4672,NA,1,NA,9.1744,0.1852,8.8105,9.5404,NA,1,NA,7.0321,0.1566,6.7202,7.3369,NA,1,NA,9.5631,0.2058,9.1579,9.9662,NA,1,NA,7.5631,0.1635,7.2399,7.8819,NA,1,0.3,0.2072,0.0408,0.1288,0.2894,0,1,0.2,0.1451,0.0402,0.0678,0.2249,1,1,-0.15,-0.1333,0.0341,-0.2014,-0.0676,1,1,-0.1,-0.0722,0.0342,-0.1388,-0.0048,1,1,NA,1.2411,0.1057,1.0496,1.463,NA,1,NA,0.8365,0.0811,0.6873,1.0059,NA,1,NA,1.8106,0.1406,1.5591,2.1096,NA,1,NA,1.2844,0.1068,1.0916,1.5083,NA,1,NA,1.7934,0.1388,1.5442,2.0853,NA,1,NA,1.3834,0.1119,1.1805,1.6178,NA,1,NA,1.7718,0.1384,1.5224,2.0649,NA,1,NA,1.481,0.1176,1.2667,1.7282,NA,1,NA,1.9819,0.1513,1.7109,2.3012,NA,1,NA,1.5585,0.1229,1.3356,1.8199,NA,1,0.1,0.1175,0.0392,0.0559,0.2044,1,1,0.1,0.1667,0.0424,0.0852,0.2492,1,1,0.1,0.124,0.0364,0.0617,0.2002,1,1,0.1,0.1066,0.0336,0.0527,0.182,1,1,1,0.9928,0.0356,0.9258,1.0648,1,1,1,0.9609,0.0342,0.8964,1.0305,1,1,0.3,0.3344,0.0257,0.2849,0.3855,1,1,0.3,0.3344,0.0257,0.2849,0.3855,1,1
26,NA,3.4028,0.1411,3.1261,3.6795,NA,1,NA,2.6586,0.0903,2.4804,2.8352,NA,1,NA,6.6195,0.1986,6.2305,7.0083,NA,1,NA,4.9227,0.1262,4.679,5.1714,NA,1,NA,8.4307,0.2195,7.9972,8.8619,NA,1,NA,6.4223,0.1521,6.1208,6.7199,NA,1,NA,9.2899,0.2244,8.8485,9.7302,NA,1,NA,7.3408,0.1605,7.026,7.6559,NA,1,NA,9.6713,0.215,9.2478,10.0955,NA,1,NA,7.6149,0.1575,7.3053,7.9272,NA,1,0.3,0.2669,0.0387,0.1915,0.3443,1,1,0.2,0.2118,0.0383,0.1386,0.2899,1,1,-0.15,-0.1434,0.0324,-0.2072,-0.0805,1,1,-0.1,-0.0687,0.0378,-0.1439,0.0049,1,0,NA,1.282,0.1093,1.0825,1.5101,NA,1,NA,0.7108,0.0793,0.5668,0.8765,NA,1,NA,1.896,0.1462,1.633,2.2048,NA,1,NA,1.1356,0.0992,0.9544,1.3443,NA,1,NA,2.1164,0.1613,1.8282,2.4603,NA,1,NA,1.4198,0.1172,1.2051,1.665,NA,1,NA,2.1597,0.1633,1.867,2.5055,NA,1,NA,1.4984,0.1216,1.2791,1.7544,NA,1,NA,2.0593,0.1572,1.7751,2.3908,NA,1,NA,1.4788,0.1201,1.2611,1.731,NA,1,0.1,0.109,0.0359,0.0526,0.1884,1,1,0.1,0.1061,0.0349,0.0523,0.1846,1,1,0.1,0.0819,0.0237,0.0457,0.137,1,1,0.1,0.2104,0.0385,0.1352,0.286,0,1,1,0.9975,0.0361,0.929,1.0717,1,1,1,1.0237,0.0366,0.9545,1.0979,1,1,0.3,0.3345,0.0264,0.2836,0.387,1,1,0.3,0.3345,0.0264,0.2836,0.387,1,1
27,NA,3.383,0.1353,3.1194,3.6485,NA,1,NA,2.5685,0.0956,2.38,2.7551,NA,1,NA,6.3508,0.1984,5.9585,6.74,NA,1,NA,4.7152,0.1249,4.4713,4.9584,NA,1,NA,8.2069,0.2053,7.8017,8.6088,NA,1,NA,6.0744,0.1393,5.8042,6.3487,NA,1,NA,8.9924,0.2048,8.5888,9.3942,NA,1,NA,7.0704,0.14,6.7957,7.3457,NA,1,NA,9.4042,0.2112,8.9873,9.8163,NA,1,NA,7.4208,0.1463,7.1338,7.7078,NA,1,0.3,0.3475,0.0428,0.2638,0.4316,1,1,0.2,0.1416,0.0401,0.0652,0.2231,1,1,-0.15,-0.1615,0.0336,-0.2264,-0.0948,1,1,-0.1,-0.1484,0.0336,-0.2156,-0.0835,1,1,NA,1.1885,0.1115,0.9813,1.4211,NA,1,NA,0.811,0.0826,0.6572,0.9802,NA,1,NA,1.8748,0.1495,1.6063,2.188,NA,1,NA,1.1404,0.0972,0.9638,1.3448,NA,1,NA,1.9579,0.1551,1.6774,2.2865,NA,1,NA,1.2987,0.108,1.1006,1.5248,NA,1,NA,1.9545,0.1541,1.6763,2.2808,NA,1,NA,1.3064,0.1097,1.1062,1.5366,NA,1,NA,2.0105,0.158,1.7247,2.3447,NA,1,NA,1.3595,0.1112,1.1578,1.5943,NA,1,0.1,0.1287,0.0409,0.059,0.214,1,1,0.1,0.1619,0.0431,0.0782,0.2462,1,1,0.1,0.0864,0.0252,0.0475,0.1444,1,1,0.1,0.0996,0.0305,0.0517,0.1671,1,1,1,1.041,0.0389,0.9679,1.1201,1,1,1,0.9754,0.0347,0.91,1.0455,1,1,0.3,0.2985,0.0268,0.2473,0.3524,1,1,0.3,0.2985,0.0268,0.2473,0.3524,1,1
28,NA,3.4244,0.1422,3.1434,3.703,NA,1,NA,2.6197,0.1001,2.4233,2.8149,NA,1,NA,6.6127,0.1864,6.2469,6.9791,NA,1,NA,4.7187,0.1343,4.4539,4.9818,NA,1,NA,8.4746,0.213,8.0512,8.8934,NA,1,NA,6.1155,0.1524,5.8172,6.4169,NA,1,NA,9.3003,0.2121,8.8865,9.7149,NA,1,NA,7.0508,0.1614,6.7322,7.3688,NA,1,NA,9.595,0.2159,9.1724,10.0182,NA,1,NA,7.4091,0.1693,7.0754,7.7421,NA,1,0.3,0.2824,0.0398,0.2061,0.3619,1,1,0.2,0.2355,0.0365,0.1645,0.3078,1,1,-0.15,-0.1802,0.0331,-0.244,-0.1143,1,1,-0.1,-0.0839,0.0324,-0.1473,-0.02,1,1,NA,1.2954,0.1101,1.0927,1.527,NA,1,NA,0.8403,0.0847,0.6847,1.0177,NA,1,NA,1.773,0.1393,1.5221,2.0692,NA,1,NA,1.2315,0.1053,1.0412,1.4515,NA,1,NA,2.0543,0.1584,1.7729,2.3894,NA,1,NA,1.4129,0.1162,1.2003,1.6553,NA,1,NA,2.0349,0.1569,1.7493,2.3686,NA,1,NA,1.5228,0.1227,1.2997,1.7835,NA,1,NA,2.0819,0.1585,1.7969,2.4175,NA,1,NA,1.5915,0.1281,1.3613,1.8622,NA,1,0.1,0.113,0.0387,0.0523,0.1987,1,1,0.1,0.1114,0.0378,0.0518,0.1958,1,1,0.1,0.0977,0.0309,0.0494,0.1683,1,1,0.1,0.0899,0.0271,0.0487,0.1527,1,1,1,0.9667,0.035,0.901,1.0379,1,1,1,0.9809,0.0344,0.9156,1.0507,1,1,0.3,0.2947,0.0253,0.2458,0.3454,1,1,0.3,0.2947,0.0253,0.2458,0.3454,1,1
29,NA,3.3126,0.1316,3.0546,3.5694,NA,1,NA,2.5535,0.1032,2.3492,2.7555,NA,1,NA,6.44,0.1983,6.0517,6.8308,NA,1,NA,4.624,0.1392,4.3534,4.8952,NA,1,NA,8.1947,0.2113,7.7804,8.6067,NA,1,NA,6.2018,0.1611,5.8847,6.5162,NA,1,NA,8.8824,0.217,8.4585,9.3114,NA,1,NA,6.9963,0.1574,6.6851,7.3063,NA,1,NA,9.4029,0.2245,8.9592,9.8427,NA,1,NA,7.5064,0.1588,7.1927,7.8187,NA,1,0.3,0.3466,0.0405,0.2672,0.4269,1,1,0.2,0.1985,0.0381,0.1252,0.2745,1,1,-0.15,-0.114,0.0372,-0.1874,-0.042,1,1,-0.1,-0.1218,0.0332,-0.1883,-0.0572,1,1,NA,1.1605,0.1062,0.9663,1.3811,NA,1,NA,0.8738,0.0899,0.707,1.0605,NA,1,NA,1.8808,0.1489,1.6134,2.1968,NA,1,NA,1.2735,0.1069,1.0812,1.4976,NA,1,NA,2.0214,0.1575,1.7371,2.3572,NA,1,NA,1.5147,0.1223,1.2918,1.7759,NA,1,NA,2.0754,0.1627,1.7797,2.4195,NA,1,NA,1.4794,0.1194,1.2635,1.7314,NA,1,NA,2.138,0.1658,1.838,2.4893,NA,1,NA,1.4996,0.1216,1.2776,1.7558,NA,1,0.1,0.1094,0.0364,0.0522,0.1891,1,1,0.1,0.1255,0.0433,0.0548,0.2155,1,1,0.1,0.1697,0.0422,0.0861,0.2515,1,1,0.1,0.1223,0.0363,0.06,0.1985,1,1,1,1.038,0.0383,0.9653,1.116,1,1,1,1.0009,0.0365,0.9315,1.0753,1,1,0.3,0.312,0.027,0.2598,0.3657,1,1,0.3,0.312,0.027,0.2598,0.3657,1,1
30,NA,3.1729,0.1369,2.9056,3.4412,NA,1,NA,2.6148,0.0936,2.4295,2.7981,NA,1,NA,6.183,0.1818,5.8285,6.5398,NA,1,NA,4.8364,0.1327,4.5755,5.0954,NA,1,NA,7.9649,0.1927,7.5841,8.3447,NA,1,NA,6.2765,0.1562,5.9695,6.5843,NA,1,NA,8.7774,0.1961,8.3938,9.1603,NA,1,NA,7.1377,0.1625,6.8178,7.4573,NA,1,NA,9.1986,0.2074,8.788,9.6043,NA,1,NA,7.6373,0.1731,7.2963,7.9797,NA,1,0.3,0.3579,0.0401,0.2789,0.4366,1,1,0.2,0.2451,0.0376,0.1722,0.3193,1,1,-0.15,-0.2012,0.0334,-0.2663,-0.137,1,1,-0.1,-0.1419,0.0329,-0.2062,-0.0775,1,1,NA,1.223,0.1095,1.0233,1.453,NA,1,NA,0.7527,0.0819,0.6004,0.9235,NA,1,NA,1.7054,0.1378,1.4582,1.9959,NA,1,NA,1.1908,0.1039,1.0029,1.4109,NA,1,NA,1.8177,0.1452,1.5534,2.1237,NA,1,NA,1.4594,0.1193,1.2422,1.7104,NA,1,NA,1.8564,0.1472,1.5924,2.1676,NA,1,NA,1.5335,0.1237,1.3095,1.7955,NA,1,NA,1.9927,0.156,1.7136,2.3251,NA,1,NA,1.6332,0.13,1.3987,1.9054,NA,1,0.1,0.1111,0.0362,0.0537,0.1899,1,1,0.1,0.0925,0.0295,0.0478,0.1603,1,1,0.1,0.0929,0.0294,0.048,0.1603,1,1,0.1,0.0991,0.0307,0.0513,0.1682,1,1,1,0.9762,0.0357,0.9082,1.0489,1,1,1,0.9919,0.0352,0.925,1.0635,1,1,0.3,0.2701,0.0254,0.2212,0.3209,1,1,0.3,0.2701,0.0254,0.2212,0.3209,1,1
31,NA,3.3293,0.131,3.0744,3.5855,NA,1,NA,2.4674,0.0979,2.2766,2.659,NA,1,NA,6.6008,0.1791,6.2492,6.9514,NA,1,NA,4.6079,0.1313,4.3498,4.8655,NA,1,NA,8.5651,0.1999,8.1706,8.9583,NA,1,NA,6.0734,0.1454,5.7906,6.361,NA,1,NA,9.4527,0.2099,9.0367,9.8665,NA,1,NA,6.9579,0.144,6.6757,7.2402,NA,1,NA,9.7853,0.2137,9.365,10.2024,NA,1,NA,7.3733,0.1343,7.1113,7.6378,NA,1,0.3,0.2518,0.0381,0.1794,0.327,1,1,0.2,0.1893,0.0376,0.1167,0.2651,1,1,-0.15,-0.1472,0.0312,-0.2081,-0.0853,1,1,-0.1,-0.1253,0.0343,-0.1931,-0.0574,1,1,NA,1.1788,0.1046,0.9876,1.3982,NA,1,NA,0.8276,0.081,0.6788,0.9965,NA,1,NA,1.7034,0.1354,1.459,1.9871,NA,1,NA,1.2033,0.1009,1.0188,1.4172,NA,1,NA,1.9133,0.1473,1.6478,2.2289,NA,1,NA,1.356,0.1105,1.1582,1.5903,NA,1,NA,2.016,0.1536,1.7396,2.3373,NA,1,NA,1.3416,0.1089,1.1432,1.5699,NA,1,NA,2.0631,0.1571,1.7804,2.396,NA,1,NA,1.2469,0.104,1.0584,1.4661,NA,1,0.1,0.1149,0.04,0.0531,0.2029,1,1,0.1,0.0918,0.0293,0.0474,0.1597,1,1,0.1,0.077,0.0211,0.0441,0.1249,1,1,0.1,0.1016,0.0321,0.0512,0.1735,1,1,1,0.9943,0.0357,0.9271,1.0674,1,1,1,0.9532,0.0337,0.8894,1.022,1,1,0.3,0.2915,0.0253,0.243,0.3422,1,1,0.3,0.2915,0.0253,0.243,0.3422,1,1
32,NA,3.2024,0.1222,2.9621,3.4412,NA,1,NA,2.5015,0.0831,2.3381,2.6664,NA,1,NA,6.4271,0.1736,6.087,6.768,NA,1,NA,4.7463,0.1252,4.5008,4.9939,NA,1,NA,8.3459,0.1788,7.9985,8.6979,NA,1,NA,6.1179,0.1348,5.8532,6.3813,NA,1,NA,9.1027,0.2003,8.7093,9.493,NA,1,NA,6.9337,0.1406,6.6577,7.2109,NA,1,NA,9.4877,0.2004,9.0982,9.8793,NA,1,NA,7.3236,0.137,7.0543,7.5932,NA,1,0.3,0.3192,0.0426,0.2371,0.4039,1,1,0.2,0.1616,0.0387,0.087,0.2402,1,1,-0.15,-0.1694,0.0328,-0.2339,-0.1049,1,1,-0.1,-0.1532,0.0335,-0.2202,-0.0874,1,1,NA,1.0722,0.1018,0.8836,1.2829,NA,1,NA,0.652,0.0723,0.5178,0.8015,NA,1,NA,1.6188,0.132,1.3799,1.8974,NA,1,NA,1.1407,0.097,0.9635,1.3431,NA,1,NA,1.6786,0.1358,1.4337,1.9643,NA,1,NA,1.2469,0.104,1.0579,1.4637,NA,1,NA,1.9005,0.1495,1.6298,2.2159,NA,1,NA,1.3153,0.1076,1.1189,1.5408,NA,1,NA,1.897,0.1475,1.6328,2.2086,NA,1,NA,1.2708,0.1055,1.0784,1.4933,NA,1,0.1,0.1073,0.0365,0.051,0.1884,1,1,0.1,0.1515,0.0432,0.0696,0.2363,1,1,0.1,0.1145,0.034,0.0572,0.1874,1,1,0.1,0.0955,0.0306,0.049,0.1655,1,1,1,1.0126,0.0377,0.9418,1.0891,1,1,1,0.9348,0.0334,0.8708,1.0022,1,1,0.3,0.2644,0.0251,0.2162,0.3144,1,1,0.3,0.2644,0.0251,0.2162,0.3144,1,1
33,NA,3.2637,0.1193,3.0297,3.4967,NA,1,NA,2.864,0.1028,2.6615,3.0678,NA,1,NA,6.4432,0.175,6.0981,6.7846,NA,1,NA,5.072,0.1444,4.7899,5.3568,NA,1,NA,8.2994,0.1895,7.9271,8.6725,NA,1,NA,6.3319,0.1573,6.0235,6.6425,NA,1,NA,9.1401,0.199,8.7506,9.5335,NA,1,NA,7.3021,0.1672,6.9713,7.6286,NA,1,NA,9.5011,0.2076,9.0979,9.9073,NA,1,NA,7.6322,0.1788,7.28,7.9839,NA,1,0.3,0.2993,0.0413,0.2201,0.3809,1,1,0.2,0.2809,0.0408,0.2023,0.3621,0,1,-0.15,-0.201,0.0344,-0.2684,-0.1324,1,1,-0.1,-0.152,0.0334,-0.2177,-0.0874,1,1,NA,1.0435,0.0975,0.8652,1.2476,NA,1,NA,0.8472,0.0957,0.6697,1.0448,NA,1,NA,1.6405,0.131,1.4039,1.9178,NA,1,NA,1.3254,0.1176,1.112,1.5702,NA,1,NA,1.7961,0.1406,1.5411,2.0942,NA,1,NA,1.4538,0.1224,1.2319,1.7127,NA,1,NA,1.9089,0.1482,1.6429,2.2226,NA,1,NA,1.5677,0.129,1.3347,1.8407,NA,1,NA,2.0006,0.1547,1.7213,2.3296,NA,1,NA,1.6856,0.1353,1.4399,1.9691,NA,1,0.1,0.1156,0.0393,0.0532,0.2024,1,1,0.1,0.19,0.0443,0.0892,0.2682,1,1,0.1,0.1035,0.0319,0.0524,0.1732,1,1,0.1,0.1013,0.0316,0.0506,0.1718,1,1,1,0.9369,0.0341,0.873,1.0064,1,1,1,0.9554,0.0349,0.8898,1.0266,1,1,0.3,0.2704,0.0251,0.2219,0.3203,1,1,0.3,0.2704,0.0251,0.2219,0.3203,1,1
34,NA,3.2295,0.1362,2.9604,3.4959,NA,1,NA,2.6919,0.1078,2.48,2.9055,NA,1,NA,6.2029,0.185,5.8383,6.5683,NA,1,NA,4.9597,0.1399,4.6867,5.236,NA,1,NA,8.0601,0.1976,7.6705,8.4484,NA,1,NA,6.3788,0.1442,6.0937,6.6615,NA,1,NA,9.0022,0.2087,8.5916,9.4107,NA,1,NA,7.17,0.1536,6.8676,7.4728,NA,1,NA,9.4887,0.1985,9.095,9.8739,NA,1,NA,7.5126,0.1563,7.2059,7.8185,NA,1,0.3,0.2811,0.0401,0.2043,0.3617,1,1,0.2,0.1487,0.0363,0.0799,0.2214,1,1,-0.15,-0.1283,0.0362,-0.1986,-0.0567,1,1,-0.1,-0.1195,0.0328,-0.1828,-0.0552,1,1,NA,1.234,0.1076,1.0369,1.4629,NA,1,NA,0.9528,0.0868,0.7952,1.136,NA,1,NA,1.7481,0.1375,1.501,2.0391,NA,1,NA,1.2986,0.107,1.1049,1.5226,NA,1,NA,1.8802,0.1459,1.6196,2.1902,NA,1,NA,1.3582,0.1099,1.1594,1.5896,NA,1,NA,2.0031,0.1544,1.7266,2.3301,NA,1,NA,1.444,0.1152,1.2357,1.6895,NA,1,NA,1.8999,0.148,1.6336,2.213,NA,1,NA,1.4676,0.1167,1.257,1.7137,NA,1,0.1,0.0909,0.0289,0.0475,0.1573,1,1,0.1,0.1101,0.0354,0.0536,0.1877,1,1,0.1,0.1715,0.0385,0.0954,0.2474,1,1,0.1,0.0971,0.0292,0.0518,0.1635,1,1,1,0.9858,0.0358,0.9182,1.0591,1,1,1,0.9479,0.034,0.8838,1.0173,1,1,0.3,0.3276,0.0254,0.2786,0.3786,1,1,0.3,0.3276,0.0254,0.2786,0.3786,1,1
35,NA,3.5971,0.1379,3.326,3.8667,NA,1,NA,2.5091,0.0918,2.3302,2.6882,NA,1,NA,7.0515,0.1933,6.6761,7.4346,NA,1,NA,4.7176,0.1355,4.4486,4.9836,NA,1,NA,8.8167,0.2079,8.4111,9.2253,NA,1,NA,6.2896,0.1496,5.9956,6.5826,NA,1,NA,9.7095,0.2106,9.2983,10.1228,NA,1,NA,7.0573,0.1624,6.74,7.3776,NA,1,NA,10.0657,0.2173,9.6387,10.4914,NA,1,NA,7.5193,0.1641,7.1983,7.8417,NA,1,0.3,0.2844,0.0412,0.2035,0.3652,1,1,0.2,0.2826,0.0379,0.2092,0.3587,0,1,-0.15,-0.1392,0.0367,-0.2115,-0.0669,1,1,-0.1,-0.0379,0.0307,-0.0973,0.0226,0,0,NA,1.2467,0.1074,1.0524,1.4714,NA,1,NA,0.6954,0.0845,0.5374,0.8693,NA,1,NA,1.8371,0.1431,1.5803,2.1404,NA,1,NA,1.2017,0.1082,1.0014,1.4266,NA,1,NA,1.9929,0.1537,1.7181,2.3164,NA,1,NA,1.3664,0.1168,1.154,1.6102,NA,1,NA,2.0197,0.1548,1.74,2.3482,NA,1,NA,1.5114,0.1255,1.2841,1.7778,NA,1,NA,2.0934,0.1598,1.8055,2.4286,NA,1,NA,1.5128,0.1253,1.2848,1.7745,NA,1,0.1,0.147,0.0435,0.0662,0.2331,1,1,0.1,0.0929,0.0291,0.0485,0.1604,1,1,0.1,0.0977,0.0318,0.0499,0.1705,1,1,0.1,0.0956,0.0292,0.0504,0.1619,1,1,1,0.9596,0.035,0.8941,1.0314,1,1,1,1.1249,0.0404,1.0495,1.2076,0,1,0.3,0.3391,0.0273,0.2868,0.3935,1,1,0.3,0.3391,0.0273,0.2868,0.3935,1,1
36,NA,3.3955,0.1459,3.1109,3.6822,NA,1,NA,2.6996,0.094,2.5148,2.8845,NA,1,NA,6.5887,0.1992,6.2027,6.9827,NA,1,NA,4.9544,0.134,4.6905,5.2192,NA,1,NA,8.1936,0.2181,7.7664,8.621,NA,1,NA,6.3706,0.1509,6.0755,6.6674,NA,1,NA,9.1048,0.2063,8.7025,9.5111,NA,1,NA,7.1061,0.146,6.8164,7.3916,NA,1,NA,9.4313,0.2093,9.0206,9.8444,NA,1,NA,7.3998,0.1575,7.0932,7.7095,NA,1,0.3,0.3541,0.0408,0.2765,0.4359,1,1,0.2,0.1738,0.0402,0.0964,0.2547,1,1,-0.15,-0.0948,0.0321,-0.1565,-0.0301,1,1,-0.1,-0.1226,0.0342,-0.1893,-0.0565,1,1,NA,1.3199,0.1197,1.1008,1.5699,NA,1,NA,0.7678,0.0824,0.6149,0.9385,NA,1,NA,1.8795,0.1492,1.6074,2.1903,NA,1,NA,1.2188,0.1056,1.0265,1.4401,NA,1,NA,2.0761,0.1617,1.786,2.4173,NA,1,NA,1.4039,0.1154,1.1935,1.645,NA,1,NA,1.9603,0.1569,1.6763,2.289,NA,1,NA,1.3524,0.112,1.1499,1.5891,NA,1,NA,2.0004,0.1578,1.7162,2.3303,NA,1,NA,1.4751,0.1187,1.2585,1.7246,NA,1,0.1,0.108,0.0361,0.0523,0.1887,1,1,0.1,0.1847,0.0372,0.1128,0.2585,0,1,0.1,0.0852,0.0253,0.0465,0.1427,1,1,0.1,0.1042,0.0325,0.0528,0.1765,1,1,1,1.0717,0.0396,0.9973,1.1531,1,1,1,1.0197,0.036,0.9515,1.093,1,1,0.3,0.3444,0.0278,0.2913,0.3999,1,1,0.3,0.3444,0.0278,0.2913,0.3999,1,1
37,NA,3.3586,0.1396,3.0854,3.6304,NA,1,NA,2.6829,0.1005,2.4862,2.8802,NA,1,NA,6.2973,0.197,5.9061,6.68,NA,1,NA,4.8824,0.1413,4.6047,5.1586,NA,1,NA,8.22,0.2068,7.8088,8.6258,NA,1,NA,6.3179,0.1649,5.9953,6.6411,NA,1,NA,9.0113,0.2133,8.5968,9.4323,NA,1,NA,7.1995,0.1676,6.8687,7.5285,NA,1,NA,9.4894,0.2195,9.0565,9.9224,NA,1,NA,7.5718,0.1824,7.2109,7.9284,NA,1,0.3,0.3383,0.0457,0.2515,0.4296,1,1,0.2,0.1565,0.0362,0.0866,0.2265,1,1,-0.15,-0.1312,0.0344,-0.1995,-0.0639,1,1,-0.1,-0.1315,0.0339,-0.1979,-0.0651,1,1,NA,1.2462,0.1111,1.0436,1.478,NA,1,NA,0.8569,0.0843,0.7009,1.033,NA,1,NA,1.8682,0.1493,1.5991,2.1819,NA,1,NA,1.3083,0.1089,1.1121,1.5373,NA,1,NA,1.9728,0.1552,1.6927,2.2997,NA,1,NA,1.553,0.1235,1.3308,1.814,NA,1,NA,2.0259,0.1615,1.7335,2.3666,NA,1,NA,1.5905,0.1264,1.363,1.8577,NA,1,NA,2.0746,0.1644,1.7766,2.4226,NA,1,NA,1.7415,0.1358,1.498,2.0303,NA,1,0.1,0.1652,0.0496,0.0701,0.2588,1,1,0.1,0.0922,0.0299,0.0477,0.1627,1,1,0.1,0.0846,0.0246,0.0461,0.1404,1,1,0.1,0.1222,0.038,0.0576,0.2024,1,1,1,1.0048,0.0386,0.9325,1.0837,1,1,1,1.0572,0.0374,0.9866,1.1329,1,1,0.3,0.2938,0.0275,0.2407,0.3486,1,1,0.3,0.2938,0.0275,0.2407,0.3486,1,1
38,NA,3.3771,0.1212,3.1401,3.6151,NA,1,NA,2.6766,0.0944,2.4918,2.8633,NA,1,NA,6.6655,0.1829,6.3032,7.022,NA,1,NA,4.839,0.1299,4.5848,5.0936,NA,1,NA,8.4377,0.184,8.0754,8.7994,NA,1,NA,6.2096,0.1358,5.9394,6.4772,NA,1,NA,9.3411,0.2082,8.9302,9.7458,NA,1,NA,7.153,0.1275,6.9005,7.4019,NA,1,NA,9.6903,0.2116,9.2732,10.1021,NA,1,NA,7.4534,0.1367,7.1852,7.7219,NA,1,0.3,0.2997,0.04,0.2245,0.3805,1,1,0.2,0.2248,0.0381,0.151,0.3001,1,1,-0.15,-0.149,0.0348,-0.2167,-0.0805,1,1,-0.1,-0.0471,0.0308,-0.1079,0.0118,1,0,NA,1.0638,0.0976,0.8862,1.2695,NA,1,NA,0.7527,0.0832,0.5979,0.9251,NA,1,NA,1.7334,0.1363,1.4889,2.0227,NA,1,NA,1.1742,0.1044,0.9832,1.3941,NA,1,NA,1.7488,0.138,1.4982,2.0408,NA,1,NA,1.2346,0.1069,1.0401,1.4588,NA,1,NA,2.0004,0.1544,1.7219,2.3249,NA,1,NA,1.1469,0.1014,0.9623,1.3606,NA,1,NA,2.0325,0.1564,1.7494,2.36,NA,1,NA,1.2505,0.1084,1.0549,1.478,NA,1,0.1,0.1055,0.0354,0.0513,0.1876,1,1,0.1,0.1919,0.038,0.1164,0.266,0,1,0.1,0.0969,0.0316,0.0493,0.1691,1,1,0.1,0.0944,0.0289,0.0496,0.1607,1,1,1,0.936,0.0341,0.8721,1.0057,1,1,1,0.9826,0.0347,0.9164,1.053,1,1,0.3,0.2743,0.0249,0.2267,0.324,1,1,0.3,0.2743,0.0249,0.2267,0.324,1,1
39,NA,3.3098,0.1291,3.0557,3.5629,NA,1,NA,2.759,0.0999,2.5635,2.9555,NA,1,NA,6.4635,0.1803,6.1139,6.8171,NA,1,NA,5.0009,0.1109,4.7814,5.2191,NA,1,NA,8.2377,0.1951,7.8545,8.6222,NA,1,NA,6.4926,0.1349,6.2278,6.7565,NA,1,NA,9.1054,0.203,8.7072,9.5038,NA,1,NA,7.2864,0.1334,7.0212,7.5491,NA,1,NA,9.5056,0.2041,9.1017,9.9065,NA,1,NA,7.8283,0.1465,7.5396,8.1152,NA,1,0.3,0.221,0.0387,0.1482,0.2979,0,1,0.2,0.1849,0.039,0.1103,0.2636,1,1,-0.15,-0.0972,0.0351,-0.1657,-0.0296,1,1,-0.1,-0.0486,0.0326,-0.1131,0.0143,1,0,NA,1.1687,0.1007,0.9849,1.3793,NA,1,NA,0.8373,0.083,0.6831,1.0088,NA,1,NA,1.7147,0.1342,1.4737,1.9977,NA,1,NA,0.9666,0.0907,0.7999,1.1569,NA,1,NA,1.861,0.1445,1.6,2.1665,NA,1,NA,1.2386,0.1072,1.0434,1.4634,NA,1,NA,1.9478,0.1497,1.6798,2.2644,NA,1,NA,1.2133,0.1048,1.0221,1.4333,NA,1,NA,1.9659,0.151,1.6943,2.2871,NA,1,NA,1.3538,0.1134,1.1489,1.5919,NA,1,0.1,0.0797,0.0239,0.0443,0.136,1,1,0.1,0.1682,0.0427,0.0826,0.2519,1,1,0.1,0.1238,0.0403,0.0557,0.2075,1,1,0.1,0.1118,0.0337,0.0551,0.1838,1,1,1,0.9803,0.0356,0.9137,1.0531,1,1,1,1.0366,0.0372,0.9661,1.1116,1,1,0.3,0.3424,0.0267,0.2914,0.3959,1,1,0.3,0.3424,0.0267,0.2914,0.3959,1,1
40,NA,3.3464,0.1304,3.09,3.6019,NA,1,NA,2.6942,0.1027,2.4936,2.8953,NA,1,NA,6.4181,0.186,6.0521,6.7827,NA,1,NA,4.8168,0.129,4.5639,5.071,NA,1,NA,8.3297,0.1966,7.944,8.7197,NA,1,NA,6.3907,0.1551,6.0853,6.6963,NA,1,NA,9.1076,0.1987,8.7151,9.4941,NA,1,NA,7.1214,0.1478,6.8307,7.4095,NA,1,NA,9.5398,0.1943,9.1574,9.9174,NA,1,NA,7.6289,0.1627,7.3115,7.9484,NA,1,0.3,0.3219,0.041,0.2425,0.403,1,1,0.2,0.2409,0.037,0.1712,0.3158,1,1,-0.15,-0.1131,0.0332,-0.1792,-0.0484,1,1,-0.1,-0.1097,0.0334,-0.1735,-0.0431,1,1,NA,1.1471,0.1061,0.9535,1.3708,NA,1,NA,0.8443,0.0883,0.6795,1.027,NA,1,NA,1.7632,0.1416,1.507,2.0626,NA,1,NA,1.1574,0.1026,0.9707,1.3713,NA,1,NA,1.8738,0.1479,1.6063,2.1827,NA,1,NA,1.4341,0.1184,1.2189,1.6841,NA,1,NA,1.8913,0.149,1.6231,2.2086,NA,1,NA,1.3462,0.1144,1.1396,1.5894,NA,1,NA,1.8326,0.1466,1.5699,2.1412,NA,1,NA,1.5231,0.1235,1.3005,1.7835,NA,1,0.1,0.1321,0.0419,0.0584,0.2177,1,1,0.1,0.1054,0.0342,0.0515,0.1817,1,1,0.1,0.0884,0.0266,0.0471,0.149,1,1,0.1,0.1155,0.0345,0.0562,0.1879,1,1,1,1.0539,0.039,0.9799,1.133,1,1,1,1.0889,0.0385,1.0161,1.1668,0,1,0.3,0.3386,0.0282,0.2844,0.395,1,1,0.3,0.3386,0.0282,0.2844,0.395,1,1
41,NA,3.482,0.149,3.1911,3.7723,NA,1,NA,2.6755,0.095,2.488,2.8621,NA,1,NA,6.7593,0.2059,6.357,7.1615,NA,1,NA,4.8793,0.1293,4.6269,5.1314,NA,1,NA,8.5019,0.2231,8.0651,8.9416,NA,1,NA,6.2942,0.151,5.9958,6.5914,NA,1,NA,9.3277,0.2135,8.9081,9.7448,NA,1,NA,7.1247,0.1522,6.8222,7.4201,NA,1,NA,9.615,0.2288,9.1656,10.0635,NA,1,NA,7.4569,0.1412,7.1793,7.7358,NA,1,0.3,0.3016,0.0426,0.219,0.3875,1,1,0.2,0.182,0.0355,0.1138,0.2536,1,1,-0.15,-0.1631,0.0345,-0.2303,-0.0956,1,1,-0.1,-0.0967,0.0334,-0.1622,-0.0303,1,1,NA,1.3618,0.1145,1.1524,1.6017,NA,1,NA,0.7911,0.0803,0.6449,0.9586,NA,1,NA,1.9748,0.153,1.6984,2.2991,NA,1,NA,1.1916,0.101,1.0081,1.406,NA,1,NA,2.1406,0.1645,1.8451,2.4892,NA,1,NA,1.4173,0.1146,1.2089,1.6571,NA,1,NA,2.0696,0.1584,1.7838,2.4064,NA,1,NA,1.4204,0.1153,1.2113,1.6636,NA,1,NA,2.2192,0.1694,1.9148,2.5789,NA,1,NA,1.3175,0.1092,1.1203,1.5454,NA,1,0.1,0.0979,0.0324,0.049,0.1726,1,1,0.1,0.085,0.0263,0.0457,0.1472,1,1,0.1,0.0882,0.0272,0.0476,0.1533,1,1,0.1,0.1241,0.0371,0.0586,0.1997,1,1,1,0.9676,0.0366,0.8992,1.0422,1,1,1,0.9922,0.035,0.926,1.0634,1,1,0.3,0.2869,0.0258,0.2372,0.3386,1,1,0.3,0.2869,0.0258,0.2372,0.3386,1,1
42,NA,3.4204,0.1259,3.1729,3.6667,NA,1,NA,2.6112,0.0894,2.4369,2.786,NA,1,NA,6.6713,0.1687,6.344,7.0038,NA,1,NA,4.7507,0.1239,4.5067,4.9942,NA,1,NA,8.5963,0.1901,8.2201,8.9687,NA,1,NA,6.2782,0.1504,5.9865,6.5742,NA,1,NA,9.4636,0.1937,9.0826,9.8453,NA,1,NA,6.9083,0.1482,6.6164,7.2017,NA,1,NA,9.8619,0.1945,9.4816,10.2444,NA,1,NA,7.3915,0.1473,7.1007,7.6812,NA,1,0.3,0.3406,0.0394,0.2637,0.4186,1,1,0.2,0.2353,0.0379,0.1624,0.3116,1,1,-0.15,-0.1394,0.0335,-0.2053,-0.0737,1,1,-0.1,-0.1029,0.0327,-0.1666,-0.0387,1,1,NA,1.0968,0.1033,0.907,1.3137,NA,1,NA,0.6852,0.0811,0.5352,0.8528,NA,1,NA,1.574,0.1292,1.341,1.8488,NA,1,NA,1.1076,0.0997,0.9259,1.3157,NA,1,NA,1.7933,0.1428,1.534,2.0945,NA,1,NA,1.3909,0.116,1.1795,1.6347,NA,1,NA,1.8392,0.1461,1.5747,2.1479,NA,1,NA,1.3561,0.1139,1.1511,1.5944,NA,1,NA,1.8446,0.1464,1.5789,2.1547,NA,1,NA,1.3569,0.1134,1.1524,1.5956,NA,1,0.1,0.1101,0.0361,0.0537,0.1904,1,1,0.1,0.1258,0.0386,0.0583,0.2058,1,1,0.1,0.1038,0.0338,0.0509,0.1801,1,1,0.1,0.1061,0.0326,0.054,0.1778,1,1,1,1.0377,0.0377,0.9668,1.1141,1,1,1,1.0323,0.0367,0.9625,1.1068,1,1,0.3,0.2946,0.0266,0.2436,0.3481,1,1,0.3,0.2946,0.0266,0.2436,0.3481,1,1
43,NA,3.2411,0.1153,3.0156,3.4683,NA,1,NA,2.8186,0.1044,2.6136,3.023,NA,1,NA,6.8342,0.1634,6.5125,7.1572,NA,1,NA,4.9169,0.1307,4.659,5.1728,NA,1,NA,8.6601,0.1747,8.3178,9.0023,NA,1,NA,6.3363,0.1419,6.0549,6.6169,NA,1,NA,9.504,0.1999,9.1097,9.8954,NA,1,NA,7.318,0.1466,7.0325,7.6083,NA,1,NA,9.8744,0.2062,9.4671,10.2772,NA,1,NA,7.638,0.1612,7.3194,7.9549,NA,1,0.3,0.2786,0.0402,0.2019,0.3608,1,1,0.2,0.2356,0.0377,0.1619,0.3098,1,1,-0.15,-0.167,0.0332,-0.2324,-0.1029,1,1,-0.1,-0.0892,0.0328,-0.1555,-0.0264,1,1,NA,0.9918,0.0941,0.8182,1.1865,NA,1,NA,0.8783,0.088,0.7162,1.0613,NA,1,NA,1.5306,0.1236,1.3042,1.7878,NA,1,NA,1.182,0.1026,0.9939,1.399,NA,1,NA,1.6535,0.1318,1.4147,1.934,NA,1,NA,1.3011,0.1098,1.1024,1.5317,NA,1,NA,1.9073,0.1478,1.6408,2.2211,NA,1,NA,1.3622,0.1135,1.1573,1.6008,NA,1,NA,1.9896,0.1545,1.7117,2.315,NA,1,NA,1.497,0.1209,1.2776,1.7511,NA,1,0.1,0.0917,0.0301,0.0477,0.1631,1,1,0.1,0.1223,0.0386,0.058,0.2037,1,1,0.1,0.0804,0.0225,0.0455,0.1321,1,1,0.1,0.0928,0.0283,0.0485,0.1568,1,1,1,0.9628,0.0356,0.8963,1.0359,1,1,1,0.9761,0.0348,0.9102,1.0469,1,1,0.3,0.2694,0.0254,0.2206,0.3205,1,1,0.3,0.2694,0.0254,0.2206,0.3205,1,1
44,NA,3.3186,0.1353,3.0552,3.5823,NA,1,NA,2.4071,0.0906,2.2293,2.585,NA,1,NA,6.2505,0.1713,5.9143,6.5845,NA,1,NA,4.5571,0.129,4.3028,4.8088,NA,1,NA,8.1654,0.1926,7.7895,8.5437,NA,1,NA,6.1141,0.1373,5.8416,6.3824,NA,1,NA,9.0903,0.1864,8.7237,9.4563,NA,1,NA,6.9662,0.1404,6.6912,7.2422,NA,1,NA,9.6203,0.1881,9.2516,9.9945,NA,1,NA,7.5009,0.146,7.2172,7.7887,NA,1,0.3,0.2718,0.0407,0.192,0.3526,1,1,0.2,0.2059,0.0377,0.1344,0.2815,1,1,-0.15,-0.1709,0.0337,-0.2372,-0.1051,1,1,-0.1,-0.0996,0.0324,-0.1639,-0.0364,1,1,NA,1.2203,0.1061,1.0272,1.4421,NA,1,NA,0.7168,0.0812,0.5643,0.8824,NA,1,NA,1.6235,0.1307,1.3877,1.8968,NA,1,NA,1.1723,0.1015,0.9876,1.3856,NA,1,NA,1.8414,0.1445,1.58,2.1485,NA,1,NA,1.2541,0.107,1.0592,1.4765,NA,1,NA,1.7691,0.1399,1.5155,2.0666,NA,1,NA,1.3018,0.1091,1.1031,1.5311,NA,1,NA,1.7854,0.1402,1.5311,2.0794,NA,1,NA,1.3558,0.1116,1.1523,1.5895,NA,1,0.1,0.1034,0.0346,0.051,0.1814,1,1,0.1,0.1194,0.0413,0.0535,0.2089,1,1,0.1,0.105,0.0341,0.0517,0.1797,1,1,0.1,0.0936,0.0283,0.0495,0.1575,1,1,1,0.9871,0.0363,0.9189,1.0611,1,1,1,1.0154,0.0359,0.9478,1.0889,1,1,0.3,0.297,0.026,0.2468,0.3485,1,1,0.3,0.297,0.026,0.2468,0.3485,1,1
45,NA,3.4675,0.1299,3.2128,3.7213,NA,1,NA,2.7139,0.1021,2.5159,2.9149,NA,1,NA,6.5696,0.1917,6.1945,6.9474,NA,1,NA,4.9184,0.1319,4.6585,5.1762,NA,1,NA,8.4752,0.2093,8.0639,8.8869,NA,1,NA,6.3261,0.1486,6.0369,6.6191,NA,1,NA,9.3883,0.2044,8.9853,9.7862,NA,1,NA,7.1862,0.1517,6.888,7.4832,NA,1,NA,9.8355,0.2019,9.4429,10.2322,NA,1,NA,7.5318,0.1505,7.2336,7.8257,NA,1,0.3,0.2613,0.0394,0.185,0.3398,1,1,0.2,0.2592,0.0385,0.1854,0.3365,1,1,-0.15,-0.1888,0.0344,-0.2572,-0.1221,1,1,-0.1,-0.0962,0.0323,-0.1601,-0.0337,1,1,NA,1.1622,0.1036,0.977,1.3783,NA,1,NA,0.839,0.0881,0.6752,1.0205,NA,1,NA,1.8356,0.1423,1.5767,2.1358,NA,1,NA,1.1851,0.1067,0.991,1.4085,NA,1,NA,2.0137,0.1542,1.7377,2.3437,NA,1,NA,1.3656,0.1148,1.1567,1.6038,NA,1,NA,1.9614,0.1513,1.6908,2.2815,NA,1,NA,1.399,0.1172,1.185,1.6475,NA,1,NA,1.9416,0.15,1.6733,2.2581,NA,1,NA,1.3847,0.1162,1.1721,1.6253,NA,1,0.1,0.1183,0.0395,0.0543,0.2035,1,1,0.1,0.1047,0.0354,0.0509,0.1851,1,1,0.1,0.0912,0.0275,0.0488,0.1554,1,1,0.1,0.102,0.031,0.0526,0.1707,1,1,1,0.9718,0.035,0.9054,1.0426,1,1,1,1.0507,0.0375,0.9805,1.1281,1,1,0.3,0.32,0.0263,0.2695,0.3721,1,1,0.3,0.32,0.0263,0.2695,0.3721,1,1
46,NA,3.4178,0.1388,3.1453,3.6902,NA,1,NA,2.5717,0.0931,2.3876,2.7537,NA,1,NA,6.4137,0.1943,6.0292,6.7964,NA,1,NA,4.8824,0.1272,4.6331,5.1318,NA,1,NA,8.1604,0.208,7.7557,8.5687,NA,1,NA,6.3621,0.1431,6.0813,6.6453,NA,1,NA,9.139,0.2079,8.7287,9.5454,NA,1,NA,7.3015,0.1465,7.0165,7.5899,NA,1,NA,9.507,0.1958,9.1194,9.8907,NA,1,NA,7.7617,0.1509,7.4662,8.0606,NA,1,0.3,0.3067,0.0407,0.2281,0.3867,1,1,0.2,0.237,0.038,0.163,0.3136,1,1,-0.15,-0.1831,0.0342,-0.25,-0.1169,1,1,-0.1,-0.116,0.0341,-0.1836,-0.0497,1,1,NA,1.25,0.1099,1.0499,1.4807,NA,1,NA,0.7312,0.0843,0.5732,0.9027,NA,1,NA,1.8457,0.1463,1.5819,2.1576,NA,1,NA,1.1379,0.1017,0.952,1.3519,NA,1,NA,2.0033,0.1547,1.7247,2.3295,NA,1,NA,1.315,0.1122,1.1094,1.5512,NA,1,NA,1.9891,0.1546,1.7095,2.3168,NA,1,NA,1.3496,0.1125,1.1445,1.587,NA,1,NA,1.8554,0.1456,1.5936,2.1647,NA,1,NA,1.3912,0.1166,1.1794,1.6341,NA,1,0.1,0.1004,0.0325,0.0504,0.1732,1,1,0.1,0.0929,0.0303,0.0478,0.1627,1,1,0.1,0.0809,0.0237,0.0449,0.1353,1,1,0.1,0.1102,0.0332,0.0544,0.1812,1,1,1,0.9757,0.0357,0.909,1.0492,1,1,1,1.0533,0.038,0.9819,1.1301,1,1,0.3,0.2964,0.0267,0.2452,0.35,1,1,0.3,0.2964,0.0267,0.2452,0.35,1,1
47,NA,3.1676,0.1226,2.9265,3.4075,NA,1,NA,2.5781,0.1087,2.3662,2.7939,NA,1,NA,6.4108,0.1688,6.0799,6.7434,NA,1,NA,4.6591,0.1404,4.3837,4.9348,NA,1,NA,8.437,0.1803,8.0817,8.7918,NA,1,NA,6.2312,0.1631,5.9111,6.5518,NA,1,NA,9.3971,0.183,9.0363,9.759,NA,1,NA,7.1218,0.1692,6.7892,7.4538,NA,1,NA,9.6783,0.1873,9.3107,10.0434,NA,1,NA,7.5499,0.1695,7.2171,7.8845,NA,1,0.3,0.3089,0.0412,0.2309,0.3918,1,1,0.2,0.1724,0.037,0.1025,0.2479,1,1,-0.15,-0.1177,0.0345,-0.1848,-0.0493,1,1,-0.1,-0.0817,0.0355,-0.1508,-0.0123,1,1,NA,1.06,0.1016,0.8737,1.2721,NA,1,NA,0.943,0.0881,0.7822,1.126,NA,1,NA,1.5764,0.1283,1.3425,1.8478,NA,1,NA,1.2936,0.1071,1.101,1.5168,NA,1,NA,1.6918,0.1348,1.4483,1.9751,NA,1,NA,1.5493,0.1221,1.3269,1.8067,NA,1,NA,1.7233,0.1387,1.4701,2.0148,NA,1,NA,1.6084,0.1266,1.3786,1.8775,NA,1,NA,1.7722,0.1408,1.5175,2.0695,NA,1,NA,1.6014,0.126,1.3737,1.8651,NA,1,0.1,0.1073,0.0352,0.0525,0.1861,1,1,0.1,0.1141,0.0378,0.0544,0.1982,1,1,0.1,0.1175,0.0364,0.0572,0.1944,1,1,0.1,0.1573,0.0434,0.0707,0.2412,1,1,1,1.0195,0.0382,0.9476,1.0979,1,1,1,1.0187,0.0359,0.9511,1.0909,1,1,0.3,0.3062,0.0266,0.2549,0.3595,1,1,0.3,0.3062,0.0266,0.2549,0.3595,1,1
48,NA,3.3577,0.1355,3.0907,3.6237,NA,1,NA,2.7439,0.1025,2.5422,2.9448,NA,1,NA,6.4964,0.1911,6.1212,6.8696,NA,1,NA,4.7986,0.1283,4.5459,5.0493,NA,1,NA,8.3172,0.205,7.9153,8.7177,NA,1,NA,6.1846,0.1375,5.9138,6.4543,NA,1,NA,9.2997,0.2128,8.8822,9.7169,NA,1,NA,7.1039,0.1551,6.8004,7.4126,NA,1,NA,9.5337,0.201,9.1401,9.9288,NA,1,NA,7.4902,0.151,7.1953,7.7879,NA,1,0.3,0.3134,0.0398,0.2362,0.3939,1,1,0.2,0.2188,0.0369,0.1466,0.2918,1,1,-0.15,-0.1976,0.0347,-0.2647,-0.1289,1,1,-0.1,-0.1203,0.0336,-0.186,-0.0544,1,1,NA,1.2209,0.1081,1.024,1.4483,NA,1,NA,0.8566,0.0857,0.6977,1.0368,NA,1,NA,1.8128,0.1427,1.5552,2.1136,NA,1,NA,1.156,0.1012,0.9724,1.3691,NA,1,NA,1.9587,0.1526,1.6855,2.2806,NA,1,NA,1.2579,0.1062,1.0642,1.4812,NA,1,NA,2.0297,0.1571,1.7478,2.3655,NA,1,NA,1.4456,0.1171,1.2332,1.6938,NA,1,NA,1.9284,0.1505,1.6583,2.2477,NA,1,NA,1.3901,0.114,1.1824,1.6303,NA,1,0.1,0.1021,0.034,0.0492,0.1792,1,1,0.1,0.1199,0.0394,0.0555,0.203,1,1,0.1,0.1251,0.0386,0.0591,0.2066,1,1,0.1,0.1318,0.0384,0.0638,0.2105,1,1,1,0.9853,0.0367,0.9159,1.0598,1,1,1,0.9966,0.0359,0.9289,1.0694,1,1,0.3,0.2683,0.026,0.2179,0.3196,1,1,0.3,0.2683,0.026,0.2179,0.3196,1,1
49,NA,3.2581,0.127,3.0082,3.5056,NA,1,NA,2.52,0.0965,2.3315,2.7108,NA,1,NA,6.4168,0.1792,6.0673,6.7708,NA,1,NA,4.6338,0.13,4.3785,4.8868,NA,1,NA,8.1315,0.2082,7.7209,8.5394,NA,1,NA,6.0661,0.1535,5.7654,6.3703,NA,1,NA,8.8848,0.2032,8.4866,9.284,NA,1,NA,6.8891,0.1514,6.5913,7.1853,NA,1,NA,9.1727,0.2104,8.764,9.587,NA,1,NA,7.3393,0.1611,7.02,7.6541,NA,1,0.3,0.249,0.0399,0.1725,0.3296,1,1,0.2,0.186,0.0377,0.1136,0.2615,1,1,-0.15,-0.1959,0.0372,-0.2691,-0.1233,1,1,-0.1,-0.0576,0.0315,-0.1195,0.0042,1,0,NA,1.139,0.1002,0.956,1.3498,NA,1,NA,0.794,0.0847,0.637,0.9677,NA,1,NA,1.7021,0.1351,1.4586,1.986,NA,1,NA,1.1781,0.1014,0.9933,1.3909,NA,1,NA,2.0001,0.1539,1.7248,2.3246,NA,1,NA,1.4383,0.118,1.2234,1.6845,NA,1,NA,1.9384,0.1491,1.6689,2.2548,NA,1,NA,1.4086,0.1149,1.1985,1.6498,NA,1,NA,2.028,0.1553,1.7503,2.3565,NA,1,NA,1.5108,0.1211,1.2918,1.7653,NA,1,0.1,0.1211,0.0418,0.0551,0.2118,1,1,0.1,0.1396,0.0432,0.0621,0.2263,1,1,0.1,0.1673,0.0446,0.0782,0.2531,1,1,0.1,0.1122,0.0331,0.0563,0.1824,1,1,1,0.9804,0.0355,0.9142,1.0531,1,1,1,1.0043,0.0364,0.9352,1.0787,1,1,0.3,0.2887,0.0263,0.2382,0.3412,1,1,0.3,0.2887,0.0263,0.2382,0.3412,1,1
50,NA,3.4859,0.1277,3.2331,3.7368,NA,1,NA,2.6019,0.0898,2.4245,2.7771,NA,1,NA,6.5391,0.1712,6.2009,6.8751,NA,1,NA,4.8969,0.1423,4.6198,5.177,NA,1,NA,8.3694,0.2067,7.963,8.776,NA,1,NA,6.3129,0.148,6.0187,6.6013,NA,1,NA,9.3015,0.2094,8.8886,9.7151,NA,1,NA,7.0619,0.1608,6.7446,7.3763,NA,1,NA,9.6643,0.2098,9.2531,10.0763,NA,1,NA,7.4617,0.1636,7.1389,7.7802,NA,1,0.3,0.3232,0.0378,0.2504,0.3974,1,1,0.2,0.1148,0.0352,0.0476,0.1858,0,1,-0.15,-0.1683,0.0303,-0.2268,-0.1083,1,1,-0.1,-0.1186,0.0328,-0.1827,-0.0538,1,1,NA,1.1265,0.1027,0.9359,1.3419,NA,1,NA,0.7539,0.0745,0.6174,0.9082,NA,1,NA,1.5984,0.1291,1.3659,1.873,NA,1,NA,1.3283,0.1067,1.134,1.5536,NA,1,NA,1.9819,0.1553,1.7001,2.3132,NA,1,NA,1.4022,0.1121,1.1996,1.641,NA,1,NA,2.0012,0.1546,1.7215,2.3261,NA,1,NA,1.5381,0.1196,1.3227,1.7907,NA,1,NA,2.0038,0.1556,1.7235,2.3346,NA,1,NA,1.5569,0.122,1.3373,1.8155,NA,1,0.1,0.0891,0.0269,0.0491,0.1516,1,1,0.1,0.1005,0.033,0.0506,0.178,1,1,0.1,0.0842,0.0254,0.0456,0.1433,1,1,0.1,0.1031,0.0326,0.0507,0.1757,1,1,1,1.0007,0.0362,0.9317,1.0733,1,1,1,0.9141,0.0317,0.8543,0.9785,0,1,0.3,0.2442,0.0244,0.1969,0.2929,0,1,0.3,0.2442,0.0244,0.1969,0.2929,0,1
51,NA,3.1977,0.1248,2.9531,3.4429,NA,1,NA,2.6606,0.0964,2.4716,2.8501,NA,1,NA,6.4739,0.1961,6.0892,6.8573,NA,1,NA,4.8798,0.1263,4.6318,5.1275,NA,1,NA,8.3501,0.2047,7.9464,8.7508,NA,1,NA,6.3817,0.1555,6.0759,6.6892,NA,1,NA,9.3414,0.2057,8.9345,9.7469,NA,1,NA,7.1774,0.1564,6.8706,7.4807,NA,1,NA,9.7931,0.222,9.3614,10.229,NA,1,NA,7.5846,0.1631,7.2645,7.9045,NA,1,0.3,0.2139,0.0385,0.1391,0.2902,0,1,0.2,0.2531,0.0421,0.1711,0.3366,1,1,-0.15,-0.2389,0.0335,-0.3033,-0.1732,0,1,-0.1,-0.0982,0.0305,-0.1585,-0.0386,1,1,NA,1.1274,0.0979,0.9498,1.3327,NA,1,NA,0.7587,0.0854,0.5992,0.9344,NA,1,NA,1.878,0.1458,1.6163,2.1874,NA,1,NA,1.1148,0.1056,0.9222,1.336,NA,1,NA,1.9793,0.1514,1.7051,2.3005,NA,1,NA,1.4401,0.1239,1.2154,1.701,NA,1,NA,1.9845,0.1524,1.7113,2.3081,NA,1,NA,1.4332,0.1227,1.209,1.6916,NA,1,NA,2.1575,0.164,1.8615,2.5049,NA,1,NA,1.5146,0.1284,1.2819,1.7854,NA,1,0.1,0.0941,0.0309,0.0488,0.1669,1,1,0.1,0.2702,0.0324,0.2094,0.3367,0,1,0.1,0.1119,0.0348,0.0554,0.1876,1,1,0.1,0.0915,0.0275,0.0481,0.1528,1,1,1,0.9662,0.0348,0.9009,1.0363,1,1,1,0.9916,0.0351,0.9247,1.0635,1,1,0.3,0.2725,0.0257,0.2233,0.3239,1,1,0.3,0.2725,0.0257,0.2233,0.3239,1,1
52,NA,3.3181,0.1201,3.0807,3.5536,NA,1,NA,2.6627,0.0966,2.473,2.8507,NA,1,NA,6.2939,0.1515,5.9981,6.5939,NA,1,NA,4.9183,0.1297,4.6636,5.1738,NA,1,NA,7.9851,0.1845,7.6235,8.3469,NA,1,NA,6.3324,0.1532,6.034,6.6312,NA,1,NA,9.0165,0.1889,8.6476,9.382,NA,1,NA,7.1507,0.1448,6.8633,7.4327,NA,1,NA,9.3793,0.1942,8.9957,9.758,NA,1,NA,7.6019,0.1678,7.2747,7.9318,NA,1,0.3,0.2178,0.04,0.1419,0.2979,0,1,0.2,0.1557,0.0366,0.0845,0.2298,1,1,-0.15,-0.1137,0.0335,-0.18,-0.0482,1,1,-0.1,-0.0328,0.032,-0.0958,0.0291,0,0,NA,1.0682,0.096,0.8927,1.2688,NA,1,NA,0.8174,0.0787,0.673,0.9807,NA,1,NA,1.4083,0.1151,1.1982,1.65,NA,1,NA,1.1788,0.0985,1,1.386,NA,1,NA,1.7532,0.1372,1.5072,2.0449,NA,1,NA,1.4448,0.1154,1.2356,1.6879,NA,1,NA,1.7991,0.1394,1.5509,2.0962,NA,1,NA,1.3568,0.1099,1.159,1.5896,NA,1,NA,1.8588,0.1437,1.5994,2.1646,NA,1,NA,1.5924,0.124,1.3661,1.8523,NA,1,0.1,0.1363,0.0401,0.0635,0.2176,1,1,0.1,0.1079,0.0351,0.0527,0.186,1,1,0.1,0.0978,0.0312,0.0502,0.1685,1,1,0.1,0.0927,0.0272,0.0498,0.1547,1,1,1,0.9791,0.0354,0.9123,1.0514,1,1,1,0.976,0.0345,0.9104,1.046,1,1,0.3,0.3234,0.0256,0.2742,0.3742,1,1,0.3,0.3234,0.0256,0.2742,0.3742,1,1
53,NA,3.0866,0.1207,2.8484,3.3223,NA,1,NA,2.4886,0.0903,2.3104,2.6676,NA,1,NA,6.3878,0.1861,6.0221,6.7539,NA,1,NA,4.5937,0.1117,4.3721,4.8105,NA,1,NA,8.2343,0.1909,7.8589,8.6083,NA,1,NA,5.8575,0.1226,5.6168,6.0979,NA,1,NA,8.9699,0.2107,8.558,9.3825,NA,1,NA,6.8115,0.1399,6.5364,7.0873,NA,1,NA,9.363,0.1937,8.9844,9.741,NA,1,NA,7.1084,0.1376,6.8396,7.3802,NA,1,0.3,0.2965,0.0394,0.2214,0.3748,1,1,0.2,0.1884,0.0372,0.1167,0.263,1,1,-0.15,-0.136,0.0357,-0.2067,-0.0675,1,1,-0.1,-0.0781,0.0327,-0.1415,-0.0131,1,1,NA,1.0456,0.0989,0.8641,1.2525,NA,1,NA,0.7268,0.0785,0.5809,0.8884,NA,1,NA,1.7539,0.1396,1.5028,2.0471,NA,1,NA,0.9822,0.0912,0.815,1.17,NA,1,NA,1.8135,0.1424,1.5566,2.1128,NA,1,NA,1.1065,0.0976,0.9278,1.3108,NA,1,NA,2.0252,0.1569,1.741,2.3568,NA,1,NA,1.2965,0.1078,1.1014,1.5252,NA,1,NA,1.8489,0.1444,1.589,2.1548,NA,1,NA,1.2751,0.1077,1.0813,1.5032,NA,1,0.1,0.0886,0.0277,0.0474,0.1544,1,1,0.1,0.1196,0.0377,0.0566,0.1995,1,1,0.1,0.1464,0.0407,0.0683,0.226,1,1,0.1,0.1081,0.0326,0.0547,0.179,1,1,1,1.0075,0.037,0.9382,1.0828,1,1,1,0.9983,0.0357,0.9309,1.0705,1,1,0.3,0.3429,0.0264,0.2924,0.3958,1,1,0.3,0.3429,0.0264,0.2924,0.3958,1,1
54,NA,3.5431,0.1337,3.2816,3.8049,NA,1,NA,2.5959,0.099,2.4031,2.7922,NA,1,NA,6.8228,0.2006,6.4283,7.2163,NA,1,NA,4.6408,0.1242,4.398,4.8857,NA,1,NA,8.6996,0.2227,8.26,9.1332,NA,1,NA,6.0775,0.1504,5.7809,6.3728,NA,1,NA,9.6016,0.2263,9.1543,10.046,NA,1,NA,6.7772,0.1454,6.4926,7.0645,NA,1,NA,10.0114,0.2325,9.5527,10.4665,NA,1,NA,7.1544,0.1483,6.8633,7.4453,NA,1,0.3,0.4044,0.0436,0.3206,0.49,0,1,0.2,0.1759,0.0385,0.1022,0.2521,1,1,-0.15,-0.1009,0.0356,-0.1708,-0.0314,1,1,-0.1,-0.1155,0.0355,-0.1843,-0.0457,1,1,NA,1.1642,0.1112,0.9603,1.3971,NA,1,NA,0.8291,0.0835,0.6748,1.0031,NA,1,NA,1.892,0.1518,1.6186,2.2086,NA,1,NA,1.1215,0.0983,0.9418,1.3281,NA,1,NA,2.1269,0.1665,1.8268,2.4773,NA,1,NA,1.4034,0.1139,1.1966,1.645,NA,1,NA,2.1696,0.1699,1.866,2.5298,NA,1,NA,1.35,0.1113,1.1471,1.5839,NA,1,NA,2.2157,0.1717,1.9051,2.5772,NA,1,NA,1.3765,0.1127,1.1732,1.6158,NA,1,0.1,0.0979,0.033,0.0482,0.1739,1,1,0.1,0.1028,0.0331,0.051,0.1763,1,1,0.1,0.0956,0.0315,0.0485,0.1687,1,1,0.1,0.1516,0.039,0.0771,0.2289,1,1,1,1.0444,0.0398,0.9693,1.1247,1,1,1,1.03,0.0371,0.9604,1.1053,1,1,0.3,0.3271,0.0275,0.2742,0.3823,1,1,0.3,0.3271,0.0275,0.2742,0.3823,1,1
55,NA,3.0983,0.1288,2.8447,3.3504,NA,1,NA,2.7641,0.097,2.5751,2.9551,NA,1,NA,6.1743,0.1806,5.8192,6.5298,NA,1,NA,4.9941,0.1274,4.7424,5.2439,NA,1,NA,8.2124,0.1828,7.853,8.5693,NA,1,NA,6.4971,0.1526,6.1952,6.7973,NA,1,NA,8.9214,0.2004,8.5255,9.3142,NA,1,NA,7.2307,0.1589,6.9194,7.5432,NA,1,NA,9.3806,0.1884,9.0081,9.7512,NA,1,NA,7.6783,0.1565,7.3704,7.9819,NA,1,0.3,0.3167,0.0398,0.2399,0.3945,1,1,0.2,0.2057,0.039,0.1313,0.2835,1,1,-0.15,-0.2013,0.0349,-0.2674,-0.131,1,1,-0.1,-0.0866,0.031,-0.1474,-0.025,1,1,NA,1.1306,0.107,0.9344,1.3541,NA,1,NA,0.8008,0.0842,0.6446,0.9762,NA,1,NA,1.6927,0.138,1.4407,1.9827,NA,1,NA,1.1487,0.1012,0.9649,1.3605,NA,1,NA,1.729,0.1383,1.4777,2.0207,NA,1,NA,1.4268,0.117,1.2168,1.672,NA,1,NA,1.9101,0.1498,1.6433,2.2277,NA,1,NA,1.4945,0.1221,1.2736,1.7505,NA,1,NA,1.7929,0.1423,1.5341,2.0924,NA,1,NA,1.4686,0.1201,1.2516,1.7201,NA,1,0.1,0.1119,0.0385,0.0524,0.1963,1,1,0.1,0.1212,0.039,0.0569,0.2035,1,1,0.1,0.1046,0.0331,0.0513,0.1776,1,1,0.1,0.0855,0.0253,0.0467,0.1437,1,1,1,1.0313,0.0372,0.9612,1.1065,1,1,1,1.0284,0.0374,0.9583,1.1044,1,1,0.3,0.3014,0.0271,0.2498,0.3555,1,1,0.3,0.3014,0.0271,0.2498,0.3555,1,1
56,NA,3.0389,0.1084,2.8268,3.2524,NA,1,NA,2.7365,0.0973,2.5438,2.9281,NA,1,NA,6.2175,0.1814,5.8634,6.5732,NA,1,NA,4.7969,0.1295,4.5427,5.0499,NA,1,NA,8.1004,0.2066,7.6892,8.5037,NA,1,NA,6.3319,0.1391,6.0587,6.6065,NA,1,NA,9.1074,0.2126,8.6926,9.525,NA,1,NA,7.2137,0.1445,6.9297,7.497,NA,1,NA,9.558,0.2149,9.1369,9.9775,NA,1,NA,7.4251,0.1384,7.1522,7.6951,NA,1,0.3,0.2472,0.039,0.1729,0.3249,1,1,0.2,0.1896,0.0392,0.1135,0.2681,1,1,-0.15,-0.1795,0.034,-0.2467,-0.1131,1,1,-0.1,-0.1488,0.0324,-0.213,-0.0853,1,1,NA,0.9353,0.088,0.774,1.1183,NA,1,NA,0.8134,0.0825,0.6607,0.9857,NA,1,NA,1.7423,0.1361,1.4972,2.0301,NA,1,NA,1.1856,0.1028,0.9974,1.4001,NA,1,NA,1.992,0.1522,1.7165,2.3129,NA,1,NA,1.2848,0.1074,1.0892,1.5105,NA,1,NA,2.0592,0.1575,1.7751,2.3908,NA,1,NA,1.3502,0.1128,1.1456,1.5856,NA,1,NA,2.0677,0.1583,1.7831,2.4021,NA,1,NA,1.2741,0.1078,1.0783,1.5011,NA,1,0.1,0.1074,0.0339,0.0526,0.1822,1,1,0.1,0.1409,0.0468,0.0605,0.2344,1,1,0.1,0.1052,0.0339,0.0519,0.1798,1,1,0.1,0.1089,0.0332,0.0549,0.1813,1,1,1,0.9438,0.0343,0.8793,1.013,1,1,1,0.9837,0.0356,0.9164,1.0555,1,1,0.3,0.2733,0.025,0.2252,0.323,1,1,0.3,0.2733,0.025,0.2252,0.323,1,1
57,NA,3.5724,0.1348,3.3075,3.8372,NA,1,NA,2.5262,0.104,2.3201,2.7291,NA,1,NA,6.8558,0.1975,6.4688,7.2443,NA,1,NA,4.6285,0.1349,4.3644,4.8915,NA,1,NA,8.6644,0.2002,8.2703,9.0561,NA,1,NA,6.1076,0.1574,5.8002,6.4145,NA,1,NA,9.5238,0.2206,9.0891,9.9563,NA,1,NA,6.9532,0.146,6.6665,7.2395,NA,1,NA,9.8073,0.2123,9.3928,10.2266,NA,1,NA,7.2953,0.1479,7.0015,7.5852,NA,1,0.3,0.2921,0.0391,0.2173,0.3701,1,1,0.2,0.2131,0.0362,0.146,0.2876,1,1,-0.15,-0.1849,0.0342,-0.2515,-0.1169,1,1,-0.1,-0.1138,0.0346,-0.1815,-0.0454,1,1,NA,1.2199,0.1061,1.0263,1.4408,NA,1,NA,0.8954,0.088,0.7337,1.0796,NA,1,NA,1.892,0.1476,1.6258,2.2047,NA,1,NA,1.2325,0.1056,1.0413,1.4546,NA,1,NA,1.9137,0.149,1.6472,2.2287,NA,1,NA,1.4789,0.1205,1.2608,1.7335,NA,1,NA,2.1305,0.1623,1.8391,2.475,NA,1,NA,1.3617,0.1128,1.1591,1.6027,NA,1,NA,2.0432,0.1581,1.7588,2.3784,NA,1,NA,1.3705,0.1131,1.165,1.6083,NA,1,0.1,0.0897,0.028,0.048,0.1546,1,1,0.1,0.0926,0.03,0.0481,0.1607,1,1,0.1,0.115,0.0349,0.0563,0.1897,1,1,0.1,0.1472,0.0413,0.0704,0.2305,1,1,1,0.9756,0.036,0.9079,1.0484,1,1,1,0.9811,0.0349,0.915,1.0523,1,1,0.3,0.2628,0.0256,0.2138,0.314,1,1,0.3,0.2628,0.0256,0.2138,0.314,1,1
58,NA,3.2352,0.1171,3.0048,3.4656,NA,1,NA,2.6489,0.1086,2.4343,2.862,NA,1,NA,6.6176,0.1842,6.2536,6.9804,NA,1,NA,4.882,0.1251,4.6377,5.1296,NA,1,NA,8.4305,0.1971,8.0445,8.8185,NA,1,NA,6.3086,0.1398,6.0335,6.5819,NA,1,NA,9.4356,0.1979,9.0476,9.8239,NA,1,NA,7.2017,0.1454,6.9148,7.4888,NA,1,NA,9.8675,0.1988,9.4762,10.2571,NA,1,NA,7.6222,0.149,7.3321,7.9153,NA,1,0.3,0.2824,0.0404,0.2042,0.3632,1,1,0.2,0.2264,0.0384,0.1517,0.3036,1,1,-0.15,-0.1468,0.0326,-0.2104,-0.0835,1,1,-0.1,-0.1206,0.0314,-0.1831,-0.0587,1,1,NA,1.0211,0.098,0.8411,1.2244,NA,1,NA,0.935,0.0897,0.7688,1.1214,NA,1,NA,1.7375,0.1378,1.4899,2.0272,NA,1,NA,1.1243,0.0986,0.9437,1.3308,NA,1,NA,1.8935,0.1479,1.6242,2.206,NA,1,NA,1.2824,0.1085,1.0846,1.5101,NA,1,NA,1.8943,0.1481,1.6271,2.2102,NA,1,NA,1.3395,0.111,1.1381,1.5725,NA,1,NA,1.8928,0.1474,1.6283,2.2046,NA,1,NA,1.3847,0.1144,1.1784,1.6273,NA,1,0.1,0.1559,0.0432,0.0712,0.2385,1,1,0.1,0.0936,0.0292,0.0495,0.1611,1,1,0.1,0.093,0.0296,0.0486,0.1624,1,1,0.1,0.0842,0.0246,0.0468,0.1408,1,1,1,0.95,0.0341,0.8856,1.0195,1,1,1,0.9908,0.0352,0.9244,1.0626,1,1,0.3,0.2706,0.0252,0.2218,0.3204,1,1,0.3,0.2706,0.0252,0.2218,0.3204,1,1
59,NA,3.599,0.133,3.3402,3.8606,NA,1,NA,2.7155,0.0941,2.5319,2.9009,NA,1,NA,6.9146,0.193,6.5358,7.2917,NA,1,NA,4.8342,0.1174,4.6041,5.0674,NA,1,NA,8.8568,0.2235,8.4162,9.2935,NA,1,NA,6.3225,0.1376,6.0526,6.5925,NA,1,NA,9.7071,0.2288,9.2608,10.1598,NA,1,NA,7.108,0.1526,6.8071,7.4056,NA,1,NA,9.9224,0.2369,9.4566,10.384,NA,1,NA,7.3829,0.1676,7.0563,7.7099,NA,1,0.3,0.3023,0.0407,0.2239,0.3832,1,1,0.2,0.2113,0.0396,0.1362,0.2913,1,1,-0.15,-0.1735,0.0337,-0.2412,-0.1077,1,1,-0.1,-0.1205,0.0348,-0.1901,-0.053,1,1,NA,1.192,0.1058,0.9988,1.4139,NA,1,NA,0.763,0.0858,0.6024,0.9389,NA,1,NA,1.8331,0.1439,1.5733,2.1355,NA,1,NA,1.037,0.0977,0.8576,1.2415,NA,1,NA,2.1549,0.1633,1.8585,2.4979,NA,1,NA,1.254,0.1079,1.0551,1.4811,NA,1,NA,2.2077,0.1677,1.9061,2.5617,NA,1,NA,1.4285,0.1173,1.2153,1.676,NA,1,NA,2.299,0.1742,1.9815,2.6677,NA,1,NA,1.587,0.1265,1.3571,1.8558,NA,1,0.1,0.101,0.0334,0.0511,0.177,1,1,0.1,0.1378,0.0443,0.0593,0.2279,1,1,0.1,0.1027,0.0322,0.0515,0.1741,1,1,0.1,0.1283,0.0367,0.0618,0.2028,1,1,1,0.975,0.036,0.9071,1.0484,1,1,1,1.0279,0.0367,0.9589,1.1024,1,1,0.3,0.307,0.0262,0.2563,0.3592,1,1,0.3,0.307,0.0262,0.2563,0.3592,1,1
60,NA,3.4572,0.1275,3.2055,3.7055,NA,1,NA,2.4926,0.0988,2.2983,2.6852,NA,1,NA,6.7409,0.1903,6.3693,7.1134,NA,1,NA,4.6281,0.1279,4.3771,4.8803,NA,1,NA,8.4871,0.1999,8.0943,8.8771,NA,1,NA,6.1075,0.1387,5.833,6.379,NA,1,NA,9.3506,0.2069,8.9439,9.759,NA,1,NA,6.9923,0.1569,6.6828,7.2996,NA,1,NA,9.6982,0.2147,9.2789,10.12,NA,1,NA,7.3955,0.1626,7.0747,7.7138,NA,1,0.3,0.3031,0.0411,0.2232,0.3856,1,1,0.2,0.1786,0.037,0.1069,0.2522,1,1,-0.15,-0.1038,0.0341,-0.1706,-0.0363,1,1,-0.1,-0.0733,0.0333,-0.1379,-0.0071,1,1,NA,1.1285,0.1026,0.9408,1.3446,NA,1,NA,0.8344,0.0831,0.6797,1.0073,NA,1,NA,1.8081,0.1433,1.5475,2.1119,NA,1,NA,1.1544,0.1001,0.973,1.3667,NA,1,NA,1.9036,0.1488,1.635,2.2184,NA,1,NA,1.2921,0.1066,1.1006,1.5167,NA,1,NA,1.9553,0.1522,1.6785,2.2754,NA,1,NA,1.483,0.1182,1.268,1.7319,NA,1,NA,2.0566,0.1595,1.7705,2.394,NA,1,NA,1.5335,0.1221,1.3137,1.7914,NA,1,0.1,0.1148,0.0383,0.0535,0.1995,1,1,0.1,0.0786,0.0225,0.0445,0.1319,1,1,0.1,0.098,0.0307,0.0494,0.1666,1,1,0.1,0.1042,0.0325,0.0525,0.1754,1,1,1,1.0383,0.0381,0.966,1.1151,1,1,1,1.0228,0.0366,0.9541,1.0968,1,1,0.3,0.3501,0.0274,0.298,0.4053,1,1,0.3,0.3501,0.0274,0.298,0.4053,1,1
61,NA,3.2601,0.1349,2.9945,3.5247,NA,1,NA,2.6771,0.1029,2.4766,2.878,NA,1,NA,6.3961,0.1789,6.0421,6.7491,NA,1,NA,4.7026,0.14,4.4269,4.9758,NA,1,NA,8.3456,0.1945,7.9668,8.7254,NA,1,NA,6.1324,0.1529,5.832,6.4355,NA,1,NA,9.3431,0.2051,8.9348,9.7415,NA,1,NA,6.9692,0.1638,6.6477,7.2911,NA,1,NA,9.6734,0.2116,9.2585,10.0893,NA,1,NA,7.4284,0.1537,7.1272,7.7304,NA,1,0.3,0.3022,0.0405,0.2259,0.3824,1,1,0.2,0.2389,0.0402,0.1611,0.3187,1,1,-0.15,-0.1346,0.0329,-0.1983,-0.0698,1,1,-0.1,-0.0661,0.0376,-0.1402,0.0068,1,0,NA,1.2023,0.1088,1.0033,1.4313,NA,1,NA,0.8673,0.0876,0.7047,1.0474,NA,1,NA,1.6782,0.1356,1.4324,1.9658,NA,1,NA,1.2909,0.1093,1.0912,1.5214,NA,1,NA,1.8517,0.1458,1.5881,2.1607,NA,1,NA,1.4128,0.1172,1.2017,1.6599,NA,1,NA,1.9673,0.1534,1.6898,2.2905,NA,1,NA,1.5403,0.1253,1.3137,1.8051,NA,1,NA,2.0395,0.1586,1.7524,2.3756,NA,1,NA,1.4199,0.1181,1.2076,1.6707,NA,1,0.1,0.1081,0.0357,0.0532,0.1882,1,1,0.1,0.1377,0.0434,0.0616,0.2276,1,1,0.1,0.0895,0.0269,0.0474,0.1511,1,1,0.1,0.1565,0.0414,0.0756,0.2389,1,1,1,1.0646,0.0394,0.9899,1.1448,1,1,1,1.0266,0.0367,0.9572,1.1014,1,1,0.3,0.3509,0.0277,0.2975,0.406,1,1,0.3,0.3509,0.0277,0.2975,0.406,1,1
62,NA,3.3926,0.1387,3.1172,3.6679,NA,1,NA,2.7216,0.1119,2.502,2.9395,NA,1,NA,6.7048,0.1722,6.3659,7.0426,NA,1,NA,4.9056,0.1449,4.6202,5.1881,NA,1,NA,8.6602,0.1859,8.2964,9.0272,NA,1,NA,6.4351,0.1612,6.1217,6.7532,NA,1,NA,9.6169,0.178,9.2674,9.969,NA,1,NA,7.2329,0.159,6.9196,7.5441,NA,1,NA,10.0203,0.1914,9.6413,10.3965,NA,1,NA,7.764,0.1694,7.4295,8.0965,NA,1,0.3,0.2682,0.0371,0.1963,0.3405,1,1,0.2,0.1942,0.0374,0.1229,0.2686,1,1,-0.15,-0.1577,0.0326,-0.2211,-0.0934,1,1,-0.1,-0.1337,0.0329,-0.1989,-0.0705,1,1,NA,1.2574,0.1083,1.0604,1.4835,NA,1,NA,0.9794,0.092,0.8095,1.171,NA,1,NA,1.6215,0.1295,1.3848,1.8939,NA,1,NA,1.3465,0.1119,1.1426,1.5835,NA,1,NA,1.7755,0.1394,1.5254,2.0714,NA,1,NA,1.5235,0.1224,1.3017,1.7811,NA,1,NA,1.6914,0.1343,1.4504,1.9747,NA,1,NA,1.4937,0.1202,1.2759,1.745,NA,1,NA,1.8142,0.1408,1.5592,2.1115,NA,1,NA,1.608,0.1279,1.3774,1.8803,NA,1,0.1,0.0916,0.0291,0.0475,0.1598,1,1,0.1,0.1248,0.0401,0.0586,0.2092,1,1,0.1,0.0893,0.0274,0.0477,0.1528,1,1,0.1,0.1307,0.0372,0.0644,0.2069,1,1,1,0.9858,0.0356,0.9192,1.0585,1,1,1,1.0114,0.0358,0.944,1.0844,1,1,0.3,0.2751,0.026,0.2251,0.3271,1,1,0.3,0.2751,0.026,0.2251,0.3271,1,1
63,NA,3.3328,0.1261,3.085,3.5809,NA,1,NA,2.6985,0.1039,2.4923,2.9025,NA,1,NA,6.4349,0.178,6.0865,6.7854,NA,1,NA,4.8197,0.1334,4.5598,5.0808,NA,1,NA,8.3701,0.2067,7.9611,8.7736,NA,1,NA,6.2152,0.1641,5.89,6.5373,NA,1,NA,9.2624,0.2017,8.868,9.6567,NA,1,NA,7.0279,0.1523,6.7293,7.3267,NA,1,NA,9.5971,0.1985,9.2036,9.9851,NA,1,NA,7.5889,0.1593,7.2779,7.9028,NA,1,0.3,0.3,0.0401,0.2227,0.3787,1,1,0.2,0.211,0.037,0.1394,0.2846,1,1,-0.15,-0.1376,0.0356,-0.2064,-0.0673,1,1,-0.1,-0.0732,0.0318,-0.1376,-0.0122,1,1,NA,1.1101,0.1015,0.9249,1.3212,NA,1,NA,0.8899,0.0864,0.7319,1.069,NA,1,NA,1.6888,0.1341,1.4463,1.972,NA,1,NA,1.2226,0.1027,1.0382,1.4398,NA,1,NA,1.9743,0.1525,1.6994,2.2971,NA,1,NA,1.5415,0.1225,1.3193,1.8008,NA,1,NA,1.9297,0.1498,1.6596,2.2451,NA,1,NA,1.4268,0.1163,1.2163,1.6718,NA,1,NA,1.8989,0.1484,1.6309,2.2133,NA,1,NA,1.4967,0.1204,1.2793,1.7478,NA,1,0.1,0.1042,0.0336,0.0516,0.1788,1,1,0.1,0.1123,0.037,0.0542,0.1933,1,1,0.1,0.1357,0.0417,0.0636,0.2228,1,1,0.1,0.0929,0.0287,0.0484,0.1583,1,1,1,0.9757,0.0359,0.9084,1.0486,1,1,1,0.9747,0.0351,0.9083,1.0461,1,1,0.3,0.2841,0.0256,0.2351,0.3353,1,1,0.3,0.2841,0.0256,0.2351,0.3353,1,1
64,NA,3.5257,0.1309,3.2693,3.7804,NA,1,NA,2.5893,0.0942,2.4045,2.7742,NA,1,NA,6.6963,0.2023,6.3018,7.0967,NA,1,NA,4.806,0.1184,4.5737,5.0393,NA,1,NA,8.4514,0.2133,8.0302,8.8685,NA,1,NA,6.3516,0.14,6.0748,6.6279,NA,1,NA,9.3509,0.2106,8.9352,9.7632,NA,1,NA,7.1908,0.1409,6.9142,7.4654,NA,1,NA,9.7157,0.2033,9.3117,10.1155,NA,1,NA,7.5956,0.1575,7.2878,7.9044,NA,1,0.3,0.369,0.0423,0.2864,0.453,1,1,0.2,0.174,0.0372,0.1028,0.2486,1,1,-0.15,-0.0666,0.0357,-0.1358,0.0031,0,0,-0.1,-0.0246,0.0342,-0.0916,0.0423,0,0,NA,1.1331,0.1049,0.9405,1.3528,NA,1,NA,0.7759,0.0799,0.6291,0.9421,NA,1,NA,1.9123,0.1511,1.6414,2.2322,NA,1,NA,1.0637,0.0957,0.8871,1.2626,NA,1,NA,2.0277,0.1589,1.7407,2.3614,NA,1,NA,1.2773,0.1068,1.0847,1.4997,NA,1,NA,2.0019,0.1581,1.7148,2.3354,NA,1,NA,1.2971,0.1085,1.1003,1.5258,NA,1,NA,1.9332,0.1541,1.6554,2.2579,NA,1,NA,1.4759,0.1192,1.2613,1.7283,NA,1,0.1,0.1351,0.0429,0.0609,0.2224,1,1,0.1,0.0973,0.0313,0.0493,0.1694,1,1,0.1,0.1252,0.039,0.0566,0.2043,1,1,0.1,0.1372,0.0386,0.0663,0.2155,1,1,1,0.9929,0.0371,0.9232,1.0685,1,1,1,1.0345,0.0373,0.9647,1.111,1,1,0.3,0.347,0.0273,0.2941,0.4016,1,1,0.3,0.347,0.0273,0.2941,0.4016,1,1
65,NA,3.478,0.1413,3.1987,3.7558,NA,1,NA,2.6011,0.1042,2.3968,2.808,NA,1,NA,6.5344,0.1845,6.173,6.8938,NA,1,NA,4.7131,0.1355,4.4481,4.9801,NA,1,NA,8.3805,0.2064,7.976,8.7846,NA,1,NA,6.223,0.1598,5.9089,6.5367,NA,1,NA,9.3371,0.2012,8.9419,9.7317,NA,1,NA,7.0365,0.1648,6.715,7.3595,NA,1,NA,9.6022,0.199,9.2127,9.99,NA,1,NA,7.5348,0.1578,7.2256,7.8437,NA,1,0.3,0.3517,0.0407,0.2729,0.433,1,1,0.2,0.218,0.039,0.143,0.2952,1,1,-0.15,-0.1571,0.0345,-0.225,-0.0904,1,1,-0.1,-0.1313,0.0365,-0.2028,-0.0589,1,1,NA,1.2726,0.112,1.0682,1.5075,NA,1,NA,0.8751,0.0888,0.7116,1.0573,NA,1,NA,1.7479,0.14,1.4945,2.0438,NA,1,NA,1.226,0.1068,1.0313,1.451,NA,1,NA,1.9664,0.1539,1.6886,2.2909,NA,1,NA,1.4853,0.1211,1.2649,1.7384,NA,1,NA,1.92,0.1522,1.6453,2.2416,NA,1,NA,1.5338,0.1232,1.3111,1.7929,NA,1,NA,1.8919,0.1494,1.6234,2.2063,NA,1,NA,1.4743,0.1209,1.2565,1.7303,NA,1,0.1,0.0946,0.0311,0.0486,0.1674,1,1,0.1,0.1063,0.0364,0.0513,0.1894,1,1,0.1,0.1057,0.0337,0.052,0.1792,1,1,0.1,0.1821,0.0422,0.0972,0.2642,1,1,1,0.9812,0.0369,0.9122,1.0564,1,1,1,1.0506,0.038,0.9787,1.128,1,1,0.3,0.2824,0.0268,0.231,0.336,1,1,0.3,0.2824,0.0268,0.231,0.336,1,1
66,NA,3.4036,0.1323,3.1446,3.6633,NA,1,NA,2.6151,0.0985,2.4243,2.8097,NA,1,NA,6.5646,0.1986,6.1722,6.9537,NA,1,NA,4.7815,0.129,4.5279,5.0346,NA,1,NA,8.4748,0.2092,8.0657,8.8852,NA,1,NA,6.1201,0.1387,5.848,6.3952,NA,1,NA,9.4042,0.2181,8.9739,9.8317,NA,1,NA,7.0503,0.1425,6.7716,7.3324,NA,1,NA,9.6456,0.2153,9.222,10.0678,NA,1,NA,7.499,0.1464,7.2107,7.7857,NA,1,0.3,0.3616,0.0422,0.2791,0.4448,1,1,0.2,0.1025,0.0354,0.0341,0.1724,0,1,-0.15,-0.0899,0.0337,-0.156,-0.0228,1,1,-0.1,-0.082,0.0343,-0.1506,-0.0155,1,1,NA,1.166,0.1067,0.9699,1.3903,NA,1,NA,0.8639,0.0794,0.7192,1.0291,NA,1,NA,1.8812,0.149,1.6105,2.1942,NA,1,NA,1.1916,0.0968,1.0178,1.3936,NA,1,NA,2.0002,0.1565,1.7179,2.3289,NA,1,NA,1.3089,0.1045,1.1201,1.5287,NA,1,NA,2.0727,0.1615,1.783,2.4178,NA,1,NA,1.3277,0.1069,1.1358,1.5548,NA,1,NA,2.0621,0.1605,1.7725,2.3992,NA,1,NA,1.39,0.1092,1.1933,1.6215,NA,1,0.1,0.0964,0.0321,0.0498,0.1723,1,1,0.1,0.0938,0.0304,0.048,0.164,1,1,0.1,0.1245,0.0363,0.0609,0.2002,1,1,0.1,0.0915,0.0284,0.0478,0.1567,1,1,1,1.0011,0.0369,0.9312,1.076,1,1,1,0.8942,0.0315,0.8344,0.958,0,1,0.3,0.3145,0.0254,0.2658,0.366,1,1,0.3,0.3145,0.0254,0.2658,0.366,1,1
67,NA,3.5638,0.1164,3.3353,3.7933,NA,1,NA,2.6594,0.0922,2.4787,2.8393,NA,1,NA,6.8228,0.1681,6.4921,7.155,NA,1,NA,4.8197,0.1311,4.5619,5.0759,NA,1,NA,8.5921,0.186,8.2262,8.957,NA,1,NA,6.346,0.1541,6.0443,6.6479,NA,1,NA,9.5199,0.1772,9.1712,9.8708,NA,1,NA,7.0327,0.1671,6.6991,7.3579,NA,1,NA,9.8949,0.1757,9.5507,10.2382,NA,1,NA,7.4451,0.172,7.1039,7.7776,NA,1,0.3,0.2704,0.0383,0.1974,0.3473,1,1,0.2,0.2489,0.0368,0.1761,0.3202,1,1,-0.15,-0.157,0.0336,-0.2226,-0.0905,1,1,-0.1,-0.1239,0.0321,-0.1871,-0.061,1,1,NA,1.0076,0.0941,0.8354,1.2038,NA,1,NA,0.7332,0.082,0.5803,0.9014,NA,1,NA,1.5837,0.1269,1.3543,1.8522,NA,1,NA,1.1785,0.1034,0.9909,1.396,NA,1,NA,1.7782,0.1398,1.5268,2.0727,NA,1,NA,1.4295,0.1183,1.2148,1.6786,NA,1,NA,1.681,0.1331,1.4404,1.9617,NA,1,NA,1.5759,0.1262,1.3474,1.8428,NA,1,NA,1.6622,0.1315,1.425,1.9383,NA,1,NA,1.6239,0.1298,1.3897,1.9025,NA,1,0.1,0.0862,0.0267,0.0464,0.1475,1,1,0.1,0.0962,0.0314,0.0486,0.1677,1,1,0.1,0.1046,0.0324,0.0534,0.1767,1,1,0.1,0.091,0.0275,0.048,0.1545,1,1,1,0.9677,0.0351,0.9017,1.0388,1,1,1,1.0027,0.0357,0.9357,1.0751,1,1,0.3,0.2909,0.0255,0.2419,0.3417,1,1,0.3,0.2909,0.0255,0.2419,0.3417,1,1
68,NA,3.3508,0.128,3.1006,3.6033,NA,1,NA,2.7089,0.1044,2.5036,2.9123,NA,1,NA,6.6324,0.1878,6.2646,7.0009,NA,1,NA,4.8624,0.1416,4.5838,5.1414,NA,1,NA,8.486,0.197,8.0979,8.8716,NA,1,NA,6.3734,0.1467,6.0846,6.6643,NA,1,NA,9.3738,0.1943,8.9917,9.755,NA,1,NA,7.163,0.1476,6.8742,7.453,NA,1,NA,9.6451,0.2039,9.2452,10.0418,NA,1,NA,7.5828,0.1533,7.2813,7.8833,NA,1,0.3,0.3134,0.042,0.2325,0.3971,1,1,0.2,0.1941,0.036,0.1243,0.266,1,1,-0.15,-0.1293,0.0372,-0.2027,-0.0566,1,1,-0.1,-0.0975,0.0332,-0.1628,-0.0321,1,1,NA,1.1323,0.1059,0.9384,1.3543,NA,1,NA,0.8938,0.0851,0.7386,1.0709,NA,1,NA,1.7737,0.1403,1.5182,2.0718,NA,1,NA,1.3113,0.1083,1.115,1.5405,NA,1,NA,1.8793,0.1471,1.6144,2.1887,NA,1,NA,1.3629,0.1121,1.16,1.6011,NA,1,NA,1.8664,0.147,1.6011,2.1788,NA,1,NA,1.3758,0.1131,1.171,1.6128,NA,1,NA,1.9521,0.1539,1.6751,2.277,NA,1,NA,1.4342,0.1156,1.223,1.6782,NA,1,0.1,0.125,0.0396,0.0579,0.2091,1,1,0.1,0.1062,0.0349,0.0514,0.1844,1,1,0.1,0.1571,0.0416,0.0762,0.2398,1,1,0.1,0.095,0.0296,0.0483,0.1611,1,1,1,0.9979,0.037,0.928,1.0729,1,1,1,0.9868,0.036,0.9187,1.0605,1,1,0.3,0.3063,0.0266,0.2554,0.3601,1,1,0.3,0.3063,0.0266,0.2554,0.3601,1,1
69,NA,3.4088,0.1327,3.1481,3.6696,NA,1,NA,2.6024,0.1012,2.4061,2.8035,NA,1,NA,6.5871,0.2003,6.1957,6.9799,NA,1,NA,4.7352,0.1298,4.4772,4.9871,NA,1,NA,8.4303,0.2097,8.0171,8.8404,NA,1,NA,6.0495,0.137,5.7785,6.3173,NA,1,NA,9.3262,0.2236,8.8879,9.7617,NA,1,NA,6.9532,0.1327,6.6928,7.2132,NA,1,NA,9.7512,0.2157,9.3293,10.1746,NA,1,NA,7.2603,0.1401,6.9833,7.5315,NA,1,0.3,0.2547,0.0405,0.1774,0.3354,1,1,0.2,0.2239,0.0388,0.1496,0.3009,1,1,-0.15,-0.1589,0.0379,-0.2337,-0.085,1,1,-0.1,-0.0915,0.0314,-0.1527,-0.0293,1,1,NA,1.202,0.1046,1.0106,1.4227,NA,1,NA,0.839,0.0874,0.6771,1.0204,NA,1,NA,1.9238,0.1485,1.6573,2.2354,NA,1,NA,1.1607,0.1038,0.9712,1.3786,NA,1,NA,2.0267,0.156,1.7463,2.3567,NA,1,NA,1.2441,0.1077,1.0488,1.4714,NA,1,NA,2.1509,0.1637,1.854,2.4983,NA,1,NA,1.196,0.1054,1.0018,1.4144,NA,1,NA,2.083,0.1595,1.7978,2.4199,NA,1,NA,1.2669,0.1093,1.0682,1.4952,NA,1,0.1,0.1081,0.0382,0.051,0.1941,1,1,0.1,0.1184,0.039,0.0551,0.2016,1,1,0.1,0.1485,0.0453,0.0658,0.2402,1,1,0.1,0.0848,0.0254,0.0455,0.1438,1,1,1,0.9545,0.0343,0.8903,1.0243,1,1,1,1.0491,0.0386,0.9763,1.1282,1,1,0.3,0.2857,0.0262,0.2351,0.3386,1,1,0.3,0.2857,0.0262,0.2351,0.3386,1,1
70,NA,3.4305,0.1313,3.174,3.6905,NA,1,NA,2.5221,0.0897,2.346,2.6988,NA,1,NA,6.6069,0.1751,6.2612,6.9485,NA,1,NA,4.7785,0.1196,4.5443,5.0126,NA,1,NA,8.3289,0.1839,7.9688,8.6906,NA,1,NA,6.1431,0.1393,5.8687,6.4145,NA,1,NA,9.113,0.1804,8.7561,9.4668,NA,1,NA,7.1254,0.1359,6.8596,7.3942,NA,1,NA,9.462,0.1893,9.0893,9.8348,NA,1,NA,7.4517,0.1451,7.1667,7.7355,NA,1,0.3,0.302,0.04,0.2241,0.3813,1,1,0.2,0.2317,0.0383,0.1577,0.308,1,1,-0.15,-0.1403,0.0347,-0.2076,-0.0713,1,1,-0.1,-0.0829,0.0354,-0.1527,-0.0136,1,1,NA,1.1801,0.1038,0.9921,1.3975,NA,1,NA,0.7105,0.0792,0.5635,0.8739,NA,1,NA,1.6521,0.1322,1.4121,1.9309,NA,1,NA,1.0587,0.0971,0.8828,1.2613,NA,1,NA,1.738,0.1373,1.49,2.0275,NA,1,NA,1.2737,0.1085,1.0755,1.503,NA,1,NA,1.7055,0.1349,1.4621,1.9903,NA,1,NA,1.2435,0.1067,1.0499,1.4677,NA,1,NA,1.7897,0.1404,1.535,2.0818,NA,1,NA,1.344,0.1125,1.1412,1.5821,NA,1,0.1,0.0977,0.0334,0.0483,0.1754,1,1,0.1,0.1041,0.0345,0.0508,0.181,1,1,0.1,0.1228,0.038,0.0575,0.2007,1,1,0.1,0.176,0.0385,0.0997,0.2508,1,1,1,0.9452,0.0348,0.8794,1.016,1,1,1,1.0071,0.0364,0.9377,1.0803,1,1,0.3,0.3013,0.0255,0.2523,0.3521,1,1,0.3,0.3013,0.0255,0.2523,0.3521,1,1
71,NA,3.3459,0.1321,3.0878,3.6033,NA,1,NA,2.6572,0.0945,2.4729,2.8441,NA,1,NA,6.5137,0.1945,6.1323,6.8967,NA,1,NA,4.8099,0.13,4.5527,5.0644,NA,1,NA,8.3801,0.2149,7.9588,8.8052,NA,1,NA,6.3712,0.1507,6.0765,6.6655,NA,1,NA,9.325,0.2023,8.9275,9.7202,NA,1,NA,7.1624,0.1541,6.8597,7.4665,NA,1,NA,9.7899,0.2131,9.3684,10.2051,NA,1,NA,7.7016,0.158,7.392,8.0131,NA,1,0.3,0.3042,0.0394,0.2296,0.3834,1,1,0.2,0.2425,0.0385,0.1679,0.3194,1,1,-0.15,-0.1472,0.0351,-0.2167,-0.0785,1,1,-0.1,-0.0838,0.0317,-0.1466,-0.0218,1,1,NA,1.1785,0.1049,0.9861,1.4011,NA,1,NA,0.7537,0.0843,0.5968,0.928,NA,1,NA,1.8278,0.1434,1.5692,2.1322,NA,1,NA,1.174,0.1037,0.9848,1.392,NA,1,NA,2.058,0.159,1.7742,2.3956,NA,1,NA,1.3902,0.1164,1.1784,1.6367,NA,1,NA,1.9361,0.1514,1.6642,2.2565,NA,1,NA,1.4322,0.1184,1.2181,1.6808,NA,1,NA,2.0494,0.1573,1.767,2.3824,NA,1,NA,1.4778,0.1217,1.257,1.7334,NA,1,0.1,0.1055,0.0352,0.0522,0.1864,1,1,0.1,0.1014,0.0327,0.0507,0.1758,1,1,0.1,0.1128,0.0364,0.0543,0.1917,1,1,0.1,0.0957,0.0302,0.0489,0.1651,1,1,1,1.0141,0.0369,0.9448,1.089,1,1,1,1.053,0.0385,0.9803,1.1312,1,1,0.3,0.332,0.0276,0.2789,0.387,1,1,0.3,0.332,0.0276,0.2789,0.387,1,1
72,NA,3.4078,0.1338,3.1445,3.6705,NA,1,NA,2.5995,0.1006,2.4017,2.798,NA,1,NA,6.6445,0.1917,6.2699,7.0216,NA,1,NA,4.7813,0.1404,4.5051,5.0615,NA,1,NA,8.3661,0.1963,7.9823,8.7514,NA,1,NA,6.311,0.1605,5.9954,6.6268,NA,1,NA,9.1325,0.1955,8.7493,9.5154,NA,1,NA,7.2136,0.1544,6.9116,7.5186,NA,1,NA,9.4793,0.2091,9.0682,9.8881,NA,1,NA,7.6033,0.1615,7.2881,7.9204,NA,1,0.3,0.3286,0.0413,0.2486,0.4102,1,1,0.2,0.2312,0.0375,0.1586,0.3062,1,1,-0.15,-0.1635,0.0348,-0.2324,-0.0946,1,1,-0.1,-0.0805,0.033,-0.1456,-0.0166,1,1,NA,1.1942,0.1065,1.0007,1.4174,NA,1,NA,0.8314,0.0857,0.673,1.0097,NA,1,NA,1.8186,0.1442,1.5567,2.1217,NA,1,NA,1.2849,0.109,1.0853,1.5132,NA,1,NA,1.8593,0.1473,1.5935,2.1736,NA,1,NA,1.5027,0.1228,1.2812,1.7608,NA,1,NA,1.8537,0.1472,1.5898,2.1662,NA,1,NA,1.4324,0.1184,1.2192,1.6827,NA,1,NA,1.9985,0.1559,1.7185,2.328,NA,1,NA,1.5093,0.1233,1.2864,1.7672,NA,1,0.1,0.1346,0.0418,0.0603,0.2209,1,1,0.1,0.1169,0.0376,0.0557,0.1979,1,1,0.1,0.0817,0.0242,0.0453,0.138,1,1,0.1,0.1082,0.0341,0.0531,0.1815,1,1,1,0.9852,0.0363,0.9171,1.0592,1,1,1,1.06,0.0382,0.9883,1.1371,1,1,0.3,0.2987,0.0271,0.2467,0.3535,1,1,0.3,0.2987,0.0271,0.2467,0.3535,1,1
73,NA,3.4289,0.1253,3.1818,3.6741,NA,1,NA,2.682,0.091,2.5033,2.8603,NA,1,NA,6.4767,0.1832,6.1192,6.8345,NA,1,NA,4.7371,0.1354,4.4696,5.0014,NA,1,NA,8.4268,0.198,8.0375,8.8142,NA,1,NA,6.149,0.1509,5.8551,6.4439,NA,1,NA,9.3702,0.2131,8.9513,9.7856,NA,1,NA,6.9765,0.1564,6.6659,7.2854,NA,1,NA,9.9124,0.1908,9.5384,10.286,NA,1,NA,7.3214,0.1518,7.0211,7.6209,NA,1,0.3,0.3556,0.0419,0.2736,0.437,1,1,0.2,0.1575,0.037,0.086,0.2303,1,1,-0.15,-0.068,0.0348,-0.1362,3e-04,0,0,-0.1,-0.1441,0.0341,-0.2114,-0.0773,1,1,NA,1.0912,0.1033,0.9019,1.3073,NA,1,NA,0.7499,0.0774,0.607,0.9107,NA,1,NA,1.7121,0.1379,1.4616,2.0046,NA,1,NA,1.2449,0.1041,1.055,1.4631,NA,1,NA,1.8852,0.1491,1.6186,2.2024,NA,1,NA,1.4127,0.1138,1.2074,1.6519,NA,1,NA,2.0419,0.1581,1.7591,2.3754,NA,1,NA,1.4706,0.1178,1.257,1.7209,NA,1,NA,1.8108,0.1436,1.5524,2.1124,NA,1,NA,1.4351,0.1157,1.2273,1.682,NA,1,0.1,0.0952,0.0308,0.0488,0.1672,1,1,0.1,0.1001,0.0321,0.0495,0.173,1,1,0.1,0.124,0.0369,0.0592,0.2024,1,1,0.1,0.0808,0.0232,0.0448,0.1344,1,1,1,1.0125,0.0375,0.942,1.089,1,1,1,0.9745,0.0347,0.9092,1.0449,1,1,0.3,0.2906,0.0264,0.2396,0.3433,1,1,0.3,0.2906,0.0264,0.2396,0.3433,1,1
74,NA,3.2719,0.1206,3.0348,3.5068,NA,1,NA,2.5683,0.0931,2.3857,2.7505,NA,1,NA,6.2635,0.1602,5.947,6.5776,NA,1,NA,4.5805,0.1183,4.3479,4.8143,NA,1,NA,7.9989,0.1808,7.6441,8.3553,NA,1,NA,6.0821,0.1434,5.8015,6.3643,NA,1,NA,8.8994,0.1962,8.5148,9.2839,NA,1,NA,6.9146,0.1481,6.6253,7.2049,NA,1,NA,9.1733,0.202,8.7751,9.5699,NA,1,NA,7.3318,0.1568,7.0232,7.6382,NA,1,0.3,0.3585,0.0401,0.2795,0.4362,1,1,0.2,0.1531,0.0388,0.0785,0.2307,1,1,-0.15,-0.1015,0.0347,-0.1689,-0.0322,1,1,-0.1,-0.1085,0.0323,-0.1722,-0.0457,1,1,NA,1.0252,0.1003,0.84,1.2339,NA,1,NA,0.7613,0.0795,0.6144,0.9278,NA,1,NA,1.4684,0.1243,1.2435,1.7309,NA,1,NA,1.0514,0.0944,0.88,1.249,NA,1,NA,1.6999,0.1374,1.4517,1.9898,NA,1,NA,1.3377,0.11,1.1389,1.5673,NA,1,NA,1.8658,0.1481,1.5988,2.1784,NA,1,NA,1.3865,0.1141,1.1834,1.6284,NA,1,NA,1.9188,0.1516,1.6461,2.2369,NA,1,NA,1.4788,0.1187,1.2654,1.7298,NA,1,0.1,0.0948,0.0304,0.0481,0.1655,1,1,0.1,0.1388,0.0417,0.0652,0.223,1,1,0.1,0.0976,0.0303,0.0497,0.1643,1,1,0.1,0.085,0.024,0.0477,0.14,1,1,1,1.0259,0.0372,0.9556,1.1013,1,1,1,1.0511,0.0369,0.9815,1.1262,1,1,0.3,0.3583,0.0271,0.306,0.4122,0,1,0.3,0.3583,0.0271,0.306,0.4122,0,1
75,NA,3.4554,0.1289,3.2,3.7079,NA,1,NA,2.5254,0.0884,2.353,2.6991,NA,1,NA,6.5202,0.197,6.1323,6.9089,NA,1,NA,4.6566,0.1214,4.4192,4.8967,NA,1,NA,8.4768,0.2046,8.0762,8.8774,NA,1,NA,6.1286,0.1367,5.8614,6.3971,NA,1,NA,9.2931,0.2024,8.8956,9.6918,NA,1,NA,7.0239,0.1364,6.7548,7.2919,NA,1,NA,9.5341,0.2171,9.1026,9.9606,NA,1,NA,7.4235,0.1336,7.1616,7.684,NA,1,0.3,0.3093,0.0412,0.2307,0.3908,1,1,0.2,0.2323,0.0373,0.1611,0.3069,1,1,-0.15,-0.1603,0.0343,-0.2276,-0.0909,1,1,-0.1,-0.061,0.0316,-0.1233,0.0014,1,0,NA,1.1405,0.1034,0.9546,1.3592,NA,1,NA,0.6888,0.0791,0.542,0.8526,NA,1,NA,1.8813,0.1472,1.6132,2.1919,NA,1,NA,1.0717,0.0979,0.8932,1.2767,NA,1,NA,1.9576,0.1516,1.6821,2.2746,NA,1,NA,1.2506,0.1075,1.0553,1.476,NA,1,NA,1.9254,0.1512,1.6555,2.2439,NA,1,NA,1.247,0.1073,1.0522,1.4729,NA,1,NA,2.0846,0.1602,1.7976,2.4252,NA,1,NA,1.2122,0.104,1.0232,1.431,NA,1,0.1,0.1299,0.0411,0.0602,0.2161,1,1,0.1,0.1019,0.0325,0.0512,0.1747,1,1,0.1,0.1031,0.0321,0.0516,0.1737,1,1,0.1,0.0871,0.0262,0.0477,0.1479,1,1,1,1.0075,0.0369,0.9384,1.0825,1,1,1,1.0361,0.0371,0.9661,1.1114,1,1,0.3,0.3073,0.0268,0.2558,0.3609,1,1,0.3,0.3073,0.0268,0.2558,0.3609,1,1
76,NA,3.3466,0.1276,3.0975,3.5975,NA,1,NA,2.7907,0.1025,2.591,2.9912,NA,1,NA,6.4386,0.1798,6.0845,6.7936,NA,1,NA,4.9569,0.1316,4.6998,5.2146,NA,1,NA,8.1747,0.1851,7.8102,8.5385,NA,1,NA,6.5112,0.1499,6.2172,6.8056,NA,1,NA,8.9922,0.1662,8.6655,9.3235,NA,1,NA,7.3099,0.1387,7.0366,7.5805,NA,1,NA,9.263,0.1738,8.9178,9.6011,NA,1,NA,7.7813,0.1454,7.4972,8.0664,NA,1,0.3,0.2901,0.0403,0.2105,0.3684,1,1,0.2,0.232,0.0406,0.1549,0.3136,1,1,-0.15,-0.1534,0.0316,-0.2173,-0.0932,1,1,-0.1,-0.0628,0.0336,-0.1281,0.0039,1,0,NA,1.1153,0.1046,0.9229,1.3349,NA,1,NA,0.8746,0.0911,0.704,1.0624,NA,1,NA,1.6992,0.1365,1.4523,1.9883,NA,1,NA,1.21,0.1048,1.0188,1.4296,NA,1,NA,1.7472,0.1381,1.4968,2.0378,NA,1,NA,1.3934,0.1164,1.1836,1.6376,NA,1,NA,1.5454,0.1262,1.3166,1.8105,NA,1,NA,1.28,0.1095,1.081,1.5095,NA,1,NA,1.6291,0.1324,1.3925,1.9089,NA,1,NA,1.3492,0.1123,1.1435,1.5845,NA,1,0.1,0.1354,0.0418,0.062,0.2196,1,1,0.1,0.1476,0.0463,0.0628,0.2392,1,1,0.1,0.0841,0.0238,0.0471,0.1389,1,1,0.1,0.0937,0.0297,0.0481,0.1626,1,1,1,1.0319,0.0371,0.9612,1.1071,1,1,1,0.9383,0.0338,0.8753,1.0075,1,1,0.3,0.2887,0.0258,0.2389,0.3401,1,1,0.3,0.2887,0.0258,0.2389,0.3401,1,1
77,NA,3.4363,0.1237,3.1931,3.6775,NA,1,NA,2.7171,0.0936,2.5332,2.9006,NA,1,NA,6.7817,0.1758,6.4388,7.1287,NA,1,NA,4.8151,0.1201,4.579,5.0507,NA,1,NA,8.6517,0.1863,8.2877,9.0201,NA,1,NA,6.2993,0.1384,6.0275,6.5692,NA,1,NA,9.4025,0.1903,9.0293,9.776,NA,1,NA,7.064,0.1425,6.7852,7.3419,NA,1,NA,9.6808,0.1824,9.3182,10.0366,NA,1,NA,7.5721,0.1541,7.2684,7.8711,NA,1,0.3,0.2741,0.0424,0.1944,0.3608,1,1,0.2,0.2217,0.0388,0.1465,0.2995,1,1,-0.15,-0.2128,0.0331,-0.2764,-0.1468,1,1,-0.1,-0.0977,0.0332,-0.162,-0.0329,1,1,NA,1.1008,0.106,0.9036,1.319,NA,1,NA,0.7558,0.0833,0.598,0.926,NA,1,NA,1.6712,0.1348,1.4287,1.9559,NA,1,NA,1.0619,0.0965,0.8862,1.2652,NA,1,NA,1.762,0.1425,1.506,2.0619,NA,1,NA,1.2742,0.1095,1.0736,1.5033,NA,1,NA,1.8091,0.1442,1.5464,2.1114,NA,1,NA,1.3178,0.1104,1.1167,1.55,NA,1,NA,1.7254,0.1381,1.4734,2.0158,NA,1,NA,1.447,0.1192,1.2327,1.6965,NA,1,0.1,0.1394,0.0461,0.0583,0.2304,1,1,0.1,0.1484,0.0429,0.0682,0.2336,1,1,0.1,0.102,0.0325,0.0506,0.1744,1,1,0.1,0.0914,0.0282,0.048,0.155,1,1,1,0.9772,0.0362,0.9093,1.0506,1,1,1,0.9734,0.0352,0.9065,1.0448,1,1,0.3,0.2746,0.0256,0.2254,0.326,1,1,0.3,0.2746,0.0256,0.2254,0.326,1,1
78,NA,3.7349,0.1268,3.4878,3.9857,NA,1,NA,2.6934,0.0932,2.5101,2.8759,NA,1,NA,6.7151,0.1802,6.3596,7.0678,NA,1,NA,5.0031,0.1315,4.7474,5.2644,NA,1,NA,8.5551,0.1978,8.167,8.9412,NA,1,NA,6.5263,0.1345,6.2636,6.7904,NA,1,NA,9.3544,0.1911,8.9817,9.73,NA,1,NA,7.3956,0.143,7.1162,7.6749,NA,1,NA,9.8048,0.1931,9.4228,10.1821,NA,1,NA,7.7144,0.1452,7.4321,8.0015,NA,1,0.3,0.3124,0.0422,0.2304,0.3967,1,1,0.2,0.2092,0.0365,0.1388,0.283,1,1,-0.15,-0.1798,0.0349,-0.248,-0.1114,1,1,-0.1,-0.1047,0.0318,-0.167,-0.0426,1,1,NA,1.1106,0.1023,0.9221,1.3227,NA,1,NA,0.7408,0.0807,0.5924,0.9086,NA,1,NA,1.7047,0.1374,1.4577,1.998,NA,1,NA,1.1939,0.1044,1.0033,1.4119,NA,1,NA,1.8888,0.1488,1.619,2.2052,NA,1,NA,1.2217,0.1056,1.0294,1.4432,NA,1,NA,1.8201,0.1447,1.5589,2.1254,NA,1,NA,1.3191,0.1112,1.1185,1.5524,NA,1,NA,1.8362,0.1452,1.573,2.1445,NA,1,NA,1.3263,0.1119,1.1216,1.5625,NA,1,0.1,0.1301,0.0421,0.0589,0.2162,1,1,0.1,0.1093,0.0364,0.0524,0.1901,1,1,0.1,0.1162,0.036,0.0571,0.1921,1,1,0.1,0.12,0.0345,0.0595,0.1911,1,1,1,0.9843,0.0368,0.9153,1.0594,1,1,1,1.0418,0.0376,0.9714,1.1184,1,1,0.3,0.2869,0.0268,0.2357,0.3409,1,1,0.3,0.2869,0.0268,0.2357,0.3409,1,1
79,NA,3.6238,0.1383,3.3552,3.8935,NA,1,NA,2.6898,0.1083,2.4763,2.8997,NA,1,NA,6.8794,0.1948,6.4956,7.2632,NA,1,NA,4.75,0.1523,4.4516,5.0503,NA,1,NA,8.6229,0.216,8.1999,9.0454,NA,1,NA,6.1322,0.1694,5.8021,6.4606,NA,1,NA,9.5738,0.2018,9.1796,9.9707,NA,1,NA,7.1023,0.1668,6.7765,7.4322,NA,1,NA,10.05,0.2045,9.6473,10.4502,NA,1,NA,7.5148,0.1766,7.1642,7.8631,NA,1,0.3,0.3511,0.0406,0.2726,0.4309,1,1,0.2,0.195,0.0419,0.1157,0.2805,1,1,-0.15,-0.16,0.0337,-0.2266,-0.0939,1,1,-0.1,-0.1386,0.0336,-0.2042,-0.0716,1,1,NA,1.2441,0.1111,1.0402,1.4761,NA,1,NA,0.9379,0.0923,0.7652,1.1274,NA,1,NA,1.8451,0.1454,1.5849,2.1547,NA,1,NA,1.4156,0.117,1.2024,1.6611,NA,1,NA,2.0672,0.1603,1.7789,2.4046,NA,1,NA,1.5993,0.1281,1.3649,1.8692,NA,1,NA,1.918,0.1516,1.6443,2.2372,NA,1,NA,1.571,0.1265,1.3418,1.8359,NA,1,NA,1.9326,0.1513,1.6561,2.2512,NA,1,NA,1.6685,0.1322,1.4315,1.9485,NA,1,0.1,0.0886,0.0281,0.0479,0.1561,1,1,0.1,0.144,0.0451,0.0632,0.2354,1,1,0.1,0.0845,0.0247,0.0469,0.1416,1,1,0.1,0.0932,0.029,0.0484,0.1587,1,1,1,0.9972,0.0364,0.9286,1.071,1,1,1,0.9857,0.0357,0.9192,1.0588,1,1,0.3,0.2785,0.0261,0.2283,0.3303,1,1,0.3,0.2785,0.0261,0.2283,0.3303,1,1
80,NA,3.3298,0.1322,3.0696,3.5906,NA,1,NA,2.6413,0.0921,2.4593,2.8224,NA,1,NA,6.4679,0.1896,6.094,6.842,NA,1,NA,4.7404,0.1214,4.501,4.9794,NA,1,NA,8.3028,0.1893,7.9335,8.6726,NA,1,NA,6.1471,0.1358,5.882,6.4147,NA,1,NA,9.1759,0.197,8.7871,9.5642,NA,1,NA,6.9751,0.148,6.682,7.2641,NA,1,NA,9.5765,0.19,9.2069,9.9505,NA,1,NA,7.3385,0.1519,7.0384,7.6358,NA,1,0.3,0.2389,0.0373,0.1668,0.311,1,1,0.2,0.1887,0.0385,0.115,0.2653,1,1,-0.15,-0.1319,0.0354,-0.2007,-0.0616,1,1,-0.1,-0.0654,0.0306,-0.1264,-0.0057,1,1,NA,1.2006,0.1012,1.0168,1.412,NA,1,NA,0.7487,0.0812,0.5972,0.9158,NA,1,NA,1.8204,0.1407,1.5673,2.1225,NA,1,NA,1.0987,0.0983,0.9188,1.3042,NA,1,NA,1.8015,0.1388,1.5507,2.0963,NA,1,NA,1.2475,0.1064,1.0537,1.4718,NA,1,NA,1.886,0.1434,1.6286,2.1902,NA,1,NA,1.3724,0.113,1.1673,1.6106,NA,1,NA,1.8253,0.1406,1.5736,2.1206,NA,1,NA,1.4123,0.1164,1.2018,1.6589,NA,1,0.1,0.0843,0.0259,0.0455,0.1446,1,1,0.1,0.1241,0.0406,0.0564,0.2089,1,1,0.1,0.0937,0.0293,0.0483,0.1602,1,1,0.1,0.0858,0.0256,0.0467,0.1449,1,1,1,0.9246,0.0329,0.8619,0.9911,0,1,1,1.0278,0.0368,0.9581,1.1022,1,1,0.3,0.3128,0.0256,0.2635,0.3641,1,1,0.3,0.3128,0.0256,0.2635,0.3641,1,1
81,NA,3.4183,0.1129,3.1975,3.6404,NA,1,NA,2.6581,0.095,2.4717,2.8438,NA,1,NA,6.7206,0.185,6.3595,7.0879,NA,1,NA,4.8896,0.1306,4.6325,5.1446,NA,1,NA,8.5879,0.2101,8.1711,8.9995,NA,1,NA,6.2888,0.1396,6.0126,6.5628,NA,1,NA,9.5057,0.1996,9.1134,9.8957,NA,1,NA,7.1765,0.145,6.8896,7.4611,NA,1,NA,9.8796,0.2037,9.4772,10.2786,NA,1,NA,7.4645,0.1446,7.1829,7.7486,NA,1,0.3,0.3123,0.0411,0.2336,0.3944,1,1,0.2,0.1993,0.0378,0.127,0.2763,1,1,-0.15,-0.1962,0.0339,-0.2632,-0.1298,1,1,-0.1,-0.0982,0.0333,-0.1632,-0.0311,1,1,NA,0.954,0.0952,0.7783,1.1529,NA,1,NA,0.7966,0.0813,0.6471,0.9641,NA,1,NA,1.7411,0.1377,1.4943,2.0319,NA,1,NA,1.1945,0.1016,1.0112,1.4102,NA,1,NA,2.0081,0.1546,1.7297,2.3339,NA,1,NA,1.2828,0.1077,1.0864,1.5103,NA,1,NA,1.907,0.1484,1.6381,2.221,NA,1,NA,1.3511,0.1108,1.151,1.5853,NA,1,NA,1.9411,0.1517,1.6664,2.2628,NA,1,NA,1.3519,0.1125,1.1482,1.5881,NA,1,0.1,0.0875,0.0269,0.0467,0.1502,1,1,0.1,0.1418,0.0449,0.0624,0.2317,1,1,0.1,0.1179,0.0354,0.0569,0.1911,1,1,0.1,0.0961,0.0302,0.0492,0.1654,1,1,1,1.0116,0.0375,0.941,1.0879,1,1,1,0.9156,0.0327,0.8532,0.9819,0,1,0.3,0.2786,0.0252,0.2305,0.3293,1,1,0.3,0.2786,0.0252,0.2305,0.3293,1,1
82,NA,3.3962,0.1252,3.1487,3.6427,NA,1,NA,2.6922,0.0921,2.5129,2.8743,NA,1,NA,6.6341,0.1735,6.2923,6.9753,NA,1,NA,4.7549,0.1346,4.4906,5.0161,NA,1,NA,8.4966,0.2068,8.0931,8.8994,NA,1,NA,6.1904,0.1426,5.9083,6.4707,NA,1,NA,9.4705,0.2041,9.0694,9.8693,NA,1,NA,6.9709,0.1441,6.6879,7.2538,NA,1,NA,9.8444,0.1944,9.4597,10.2276,NA,1,NA,7.4466,0.1605,7.1321,7.7605,NA,1,0.3,0.3517,0.0391,0.2758,0.4288,1,1,0.2,0.2374,0.0452,0.1478,0.3254,1,1,-0.15,-0.1432,0.0343,-0.2104,-0.076,1,1,-0.1,-0.1062,0.0353,-0.1759,-0.0374,1,1,NA,1.0732,0.1053,0.8803,1.2933,NA,1,NA,0.7141,0.0928,0.5411,0.9044,NA,1,NA,1.6146,0.1343,1.3711,1.8989,NA,1,NA,1.2149,0.1111,1.0123,1.4477,NA,1,NA,1.9835,0.1549,1.7034,2.3087,NA,1,NA,1.2936,0.1175,1.0787,1.5396,NA,1,NA,1.9241,0.1534,1.6488,2.25,NA,1,NA,1.3229,0.1165,1.1091,1.5664,NA,1,NA,1.8242,0.1464,1.5602,2.1336,NA,1,NA,1.5053,0.1281,1.2702,1.7714,NA,1,0.1,0.1225,0.0397,0.0562,0.2054,1,1,0.1,0.1799,0.0561,0.0636,0.2697,1,1,0.1,0.0865,0.0262,0.0461,0.146,1,1,0.1,0.1581,0.0404,0.0789,0.2371,1,1,1,1.0462,0.0391,0.9727,1.1261,1,1,1,1.0507,0.0393,0.9764,1.13,1,1,0.3,0.3349,0.0283,0.2804,0.3915,1,1,0.3,0.3349,0.0283,0.2804,0.3915,1,1
83,NA,3.5434,0.1245,3.2973,3.7879,NA,1,NA,2.6927,0.1022,2.491,2.8935,NA,1,NA,6.7364,0.1797,6.385,7.0897,NA,1,NA,4.7543,0.1401,4.4793,5.028,NA,1,NA,8.5305,0.1915,8.1525,8.9063,NA,1,NA,6.3337,0.1646,6.008,6.656,NA,1,NA,9.4024,0.196,9.0153,9.7876,NA,1,NA,7.1749,0.1641,6.8485,7.4976,NA,1,NA,9.9016,0.1944,9.5205,10.2838,NA,1,NA,7.5375,0.1648,7.2149,7.8601,NA,1,0.3,0.3034,0.04,0.2278,0.3834,1,1,0.2,0.1729,0.0376,0.101,0.2481,1,1,-0.15,-0.1778,0.0337,-0.2437,-0.1113,1,1,-0.1,-0.125,0.0327,-0.19,-0.06,1,1,NA,1.1008,0.1005,0.9155,1.3103,NA,1,NA,0.8808,0.0835,0.7273,1.0541,NA,1,NA,1.7014,0.1367,1.4566,1.9936,NA,1,NA,1.3044,0.1073,1.1096,1.5307,NA,1,NA,1.815,0.1434,1.5562,2.1164,NA,1,NA,1.5594,0.1229,1.3361,1.8185,NA,1,NA,1.8621,0.146,1.5992,2.1698,NA,1,NA,1.555,0.1228,1.333,1.8145,NA,1,NA,1.8625,0.1461,1.5977,2.1693,NA,1,NA,1.5516,0.1217,1.333,1.8076,NA,1,0.1,0.1006,0.0346,0.0487,0.1801,1,1,0.1,0.0909,0.0294,0.0474,0.1598,1,1,0.1,0.1021,0.0306,0.053,0.1692,1,1,0.1,0.0927,0.0283,0.049,0.1574,1,1,1,0.9948,0.036,0.9268,1.0675,1,1,1,0.9647,0.0343,0.9002,1.034,1,1,0.3,0.2895,0.0256,0.2408,0.3414,1,1,0.3,0.2895,0.0256,0.2408,0.3414,1,1
84,NA,3.2352,0.123,2.9941,3.4771,NA,1,NA,2.6641,0.0967,2.4751,2.8537,NA,1,NA,6.332,0.1672,6.0027,6.6598,NA,1,NA,4.9182,0.1268,4.6701,5.1672,NA,1,NA,8.198,0.1872,7.8318,8.5683,NA,1,NA,6.4012,0.1421,6.1198,6.677,NA,1,NA,9.1472,0.1923,8.7667,9.5167,NA,1,NA,7.1632,0.1579,6.8524,7.4727,NA,1,NA,9.4219,0.1853,9.0585,9.783,NA,1,NA,7.5669,0.1605,7.2502,7.8816,NA,1,0.3,0.2673,0.0395,0.1916,0.345,1,1,0.2,0.1914,0.0368,0.1212,0.2653,1,1,-0.15,-0.1401,0.0346,-0.208,-0.0722,1,1,-0.1,-0.0708,0.0339,-0.1366,-0.0046,1,1,NA,1.0897,0.0993,0.9084,1.2988,NA,1,NA,0.8168,0.0814,0.6672,0.9857,NA,1,NA,1.5718,0.1265,1.3436,1.838,NA,1,NA,1.1549,0.1,0.9718,1.363,NA,1,NA,1.7746,0.1386,1.5255,2.0665,NA,1,NA,1.3116,0.1085,1.1143,1.5392,NA,1,NA,1.836,0.1435,1.5778,2.1403,NA,1,NA,1.4812,0.1194,1.2663,1.7352,NA,1,NA,1.7672,0.1385,1.5155,2.057,NA,1,NA,1.5102,0.1205,1.2913,1.7671,NA,1,0.1,0.0964,0.0322,0.0484,0.1715,1,1,0.1,0.0909,0.0288,0.0478,0.157,1,1,0.1,0.107,0.0332,0.0532,0.1802,1,1,0.1,0.1333,0.0371,0.0656,0.2086,1,1,1,0.9871,0.036,0.9191,1.0606,1,1,1,1.0347,0.0367,0.9658,1.1085,1,1,0.3,0.3524,0.0267,0.3013,0.4062,0,1,0.3,0.3524,0.0267,0.3013,0.4062,0,1
85,NA,3.5122,0.1188,3.2791,3.7434,NA,1,NA,2.6001,0.0984,2.4072,2.794,NA,1,NA,6.4853,0.181,6.1316,6.8386,NA,1,NA,4.7826,0.1377,4.513,5.0541,NA,1,NA,8.3358,0.1991,7.9436,8.7311,NA,1,NA,6.352,0.1572,6.0426,6.6604,NA,1,NA,9.2918,0.2033,8.8937,9.6886,NA,1,NA,7.165,0.1684,6.8339,7.4971,NA,1,NA,9.655,0.2108,9.2353,10.0644,NA,1,NA,7.7494,0.1693,7.4157,8.0843,NA,1,0.3,0.3917,0.041,0.3151,0.4741,0,1,0.2,0.1914,0.0376,0.119,0.2667,1,1,-0.15,-0.1047,0.0325,-0.1673,-0.0409,1,1,-0.1,-0.0898,0.0339,-0.1561,-0.0227,1,1,NA,0.9885,0.1008,0.8015,1.2004,NA,1,NA,0.835,0.0813,0.687,1.0049,NA,1,NA,1.6777,0.1385,1.4263,1.9699,NA,1,NA,1.2773,0.1052,1.0866,1.4995,NA,1,NA,1.8675,0.1488,1.5989,2.1817,NA,1,NA,1.4786,0.1173,1.2664,1.7271,NA,1,NA,1.9227,0.1526,1.6454,2.2414,NA,1,NA,1.5964,0.1242,1.3728,1.8589,NA,1,NA,1.9988,0.1573,1.7159,2.3295,NA,1,NA,1.6046,0.1261,1.3761,1.871,NA,1,0.1,0.0872,0.028,0.0463,0.1535,1,1,0.1,0.1135,0.0359,0.0546,0.1892,1,1,0.1,0.0972,0.0294,0.0504,0.1638,1,1,0.1,0.0931,0.0287,0.0484,0.1587,1,1,1,1.0278,0.038,0.956,1.1048,1,1,1,0.9391,0.0334,0.8759,1.0068,1,1,0.3,0.2937,0.0256,0.2447,0.3449,1,1,0.3,0.2937,0.0256,0.2447,0.3449,1,1
86,NA,3.4137,0.1334,3.1528,3.6771,NA,1,NA,2.7499,0.0911,2.5707,2.9288,NA,1,NA,6.5323,0.1983,6.1411,6.9205,NA,1,NA,4.7788,0.1283,4.5274,5.0318,NA,1,NA,8.5236,0.202,8.1294,8.9184,NA,1,NA,6.3004,0.1394,6.0278,6.574,NA,1,NA,9.322,0.1819,8.9656,9.6805,NA,1,NA,7.0911,0.1445,6.8083,7.372,NA,1,NA,9.6787,0.1913,9.3013,10.0533,NA,1,NA,7.6014,0.1633,7.2801,7.9208,NA,1,0.3,0.3059,0.0411,0.2272,0.3875,1,1,0.2,0.1707,0.0368,0.0996,0.2425,1,1,-0.15,-0.162,0.0323,-0.2259,-0.0992,1,1,-0.1,-0.1375,0.0348,-0.2057,-0.0687,1,1,NA,1.1909,0.1066,0.9955,1.4154,NA,1,NA,0.7591,0.0773,0.6165,0.921,NA,1,NA,1.8992,0.148,1.6319,2.2101,NA,1,NA,1.1717,0.0993,0.9907,1.3821,NA,1,NA,1.919,0.15,1.6464,2.2353,NA,1,NA,1.2915,0.1065,1.0975,1.5144,NA,1,NA,1.7172,0.1366,1.4714,2.005,NA,1,NA,1.356,0.1105,1.1566,1.5874,NA,1,NA,1.8102,0.1432,1.5516,2.1146,NA,1,NA,1.5561,0.1226,1.3337,1.8171,NA,1,0.1,0.1275,0.0429,0.0576,0.2161,1,1,0.1,0.0984,0.0299,0.0517,0.1659,1,1,0.1,0.0889,0.0265,0.0469,0.1482,1,1,0.1,0.1449,0.0405,0.0708,0.2266,1,1,1,0.9962,0.0371,0.9265,1.0721,1,1,1,0.9487,0.0332,0.8857,1.0166,1,1,0.3,0.3056,0.0253,0.2569,0.3567,1,1,0.3,0.3056,0.0253,0.2569,0.3567,1,1
87,NA,3.1869,0.1208,2.9522,3.4248,NA,1,NA,2.6322,0.0947,2.4454,2.8173,NA,1,NA,6.2055,0.1763,5.8591,6.553,NA,1,NA,4.7834,0.121,4.5472,5.022,NA,1,NA,8.1302,0.1886,7.762,8.505,NA,1,NA,6.2322,0.1326,5.9717,6.4942,NA,1,NA,8.9162,0.1925,8.537,9.2924,NA,1,NA,7.0173,0.1471,6.7237,7.3066,NA,1,NA,9.325,0.1951,8.9436,9.71,NA,1,NA,7.4424,0.1469,7.1535,7.7312,NA,1,0.3,0.3513,0.0412,0.2698,0.4318,1,1,0.2,0.1746,0.0356,0.106,0.246,1,1,-0.15,-0.1382,0.0325,-0.2006,-0.0725,1,1,-0.1,-0.1398,0.0329,-0.2044,-0.0757,1,1,NA,1.0319,0.1035,0.8409,1.2454,NA,1,NA,0.7902,0.0805,0.6414,0.9576,NA,1,NA,1.6536,0.1362,1.4081,1.9391,NA,1,NA,1.0951,0.0966,0.9199,1.2964,NA,1,NA,1.7773,0.1429,1.5199,2.076,NA,1,NA,1.215,0.1042,1.027,1.4362,NA,1,NA,1.8242,0.1458,1.5601,2.1329,NA,1,NA,1.372,0.1125,1.1698,1.6107,NA,1,NA,1.8376,0.1466,1.5739,2.148,NA,1,NA,1.3675,0.1114,1.1655,1.603,NA,1,0.1,0.1027,0.0328,0.0503,0.175,1,1,0.1,0.098,0.0327,0.0495,0.1748,1,1,0.1,0.1019,0.0317,0.0515,0.1741,1,1,0.1,0.1083,0.0349,0.0527,0.1844,1,1,1,1.0375,0.0384,0.9653,1.1161,1,1,1,0.9932,0.0352,0.9268,1.0645,1,1,0.3,0.2974,0.0264,0.247,0.3501,1,1,0.3,0.2974,0.0264,0.247,0.3501,1,1
88,NA,3.3777,0.1232,3.1351,3.6194,NA,1,NA,2.5883,0.0948,2.4019,2.7729,NA,1,NA,6.2867,0.166,5.9615,6.6123,NA,1,NA,4.7593,0.1221,4.5206,4.9998,NA,1,NA,8.0194,0.2026,7.6216,8.4172,NA,1,NA,6.2859,0.1523,5.9876,6.5876,NA,1,NA,8.8837,0.201,8.4886,9.279,NA,1,NA,7.0898,0.1588,6.7777,7.3999,NA,1,NA,9.3528,0.1973,8.9596,9.7393,NA,1,NA,7.5772,0.1606,7.2616,7.891,NA,1,0.3,0.3232,0.0426,0.2412,0.4088,1,1,0.2,0.2246,0.0404,0.1466,0.3053,1,1,-0.15,-0.1489,0.0339,-0.2154,-0.0836,1,1,-0.1,-0.0775,0.0333,-0.1415,-0.0124,1,1,NA,1.0743,0.1013,0.8885,1.2856,NA,1,NA,0.7798,0.0816,0.6278,0.9479,NA,1,NA,1.5592,0.1284,1.3272,1.829,NA,1,NA,1.0936,0.0986,0.9141,1.2996,NA,1,NA,1.9346,0.1515,1.6612,2.2565,NA,1,NA,1.4179,0.1169,1.2046,1.6635,NA,1,NA,1.9111,0.1494,1.644,2.2281,NA,1,NA,1.4896,0.1206,1.2711,1.7444,NA,1,NA,1.8749,0.1476,1.6085,2.187,NA,1,NA,1.5059,0.1214,1.2877,1.7667,NA,1,0.1,0.1044,0.0352,0.0506,0.184,1,1,0.1,0.1104,0.0389,0.0512,0.1978,1,1,0.1,0.0859,0.025,0.0473,0.1441,1,1,0.1,0.071,0.0183,0.0423,0.113,1,1,1,1.0138,0.0379,0.9427,1.0909,1,1,1,0.9624,0.035,0.896,1.0333,1,1,0.3,0.3162,0.0264,0.2656,0.3692,1,1,0.3,0.3162,0.0264,0.2656,0.3692,1,1
89,NA,3.363,0.115,3.137,3.5885,NA,1,NA,2.6368,0.0959,2.4473,2.8259,NA,1,NA,6.5153,0.1768,6.1665,6.8643,NA,1,NA,4.8277,0.1273,4.579,5.0756,NA,1,NA,8.2928,0.1938,7.9126,8.6718,NA,1,NA,6.4571,0.1518,6.1583,6.7535,NA,1,NA,9.2583,0.1978,8.8714,9.6455,NA,1,NA,7.1326,0.1442,6.8469,7.4165,NA,1,NA,9.6357,0.1994,9.243,10.0279,NA,1,NA,7.6634,0.1483,7.3685,7.9555,NA,1,0.3,0.276,0.0398,0.1977,0.356,1,1,0.2,0.2811,0.0417,0.1993,0.3621,1,1,-0.15,-0.1529,0.033,-0.2165,-0.0883,1,1,-0.1,-0.147,0.0339,-0.213,-0.0806,1,1,NA,0.9891,0.0941,0.8155,1.1862,NA,1,NA,0.7584,0.0864,0.5973,0.9354,NA,1,NA,1.6738,0.1334,1.4347,1.9528,NA,1,NA,1.1308,0.1056,0.9381,1.352,NA,1,NA,1.8559,0.1453,1.5928,2.1625,NA,1,NA,1.3948,0.1186,1.1797,1.6465,NA,1,NA,1.9017,0.1471,1.6356,2.214,NA,1,NA,1.3109,0.1141,1.1035,1.5498,NA,1,NA,1.9051,0.1474,1.6387,2.2142,NA,1,NA,1.355,0.1164,1.1427,1.6001,NA,1,0.1,0.0834,0.0254,0.0453,0.1438,1,1,0.1,0.1987,0.0399,0.1171,0.2751,0,1,0.1,0.0816,0.0238,0.0455,0.1369,1,1,0.1,0.1122,0.0339,0.0555,0.1841,1,1,1,1.0127,0.037,0.9431,1.0874,1,1,1,1.0014,0.036,0.9333,1.0743,1,1,0.3,0.3155,0.0264,0.2649,0.3685,1,1,0.3,0.3155,0.0264,0.2649,0.3685,1,1
90,NA,3.4688,0.1328,3.2093,3.7298,NA,1,NA,2.6721,0.0983,2.4804,2.866,NA,1,NA,6.6389,0.1796,6.2875,6.9906,NA,1,NA,4.8335,0.1321,4.5754,5.0935,NA,1,NA,8.5759,0.2109,8.158,8.9889,NA,1,NA,6.3321,0.1495,6.0375,6.6244,NA,1,NA,9.3599,0.2082,8.9505,9.7722,NA,1,NA,7.2466,0.1647,6.9232,7.5738,NA,1,NA,9.8325,0.2121,9.4164,10.2474,NA,1,NA,7.7109,0.1572,7.4004,8.0179,NA,1,0.3,0.2481,0.0412,0.1681,0.3304,1,1,0.2,0.1968,0.0372,0.1252,0.2702,1,1,-0.15,-0.1313,0.0362,-0.2014,-0.0603,1,1,-0.1,-0.0996,0.0322,-0.1629,-0.036,1,1,NA,1.2023,0.104,1.0141,1.4199,NA,1,NA,0.8196,0.0837,0.6644,0.9929,NA,1,NA,1.7173,0.1346,1.4741,1.9996,NA,1,NA,1.2045,0.1031,1.0171,1.4219,NA,1,NA,2.0429,0.1565,1.7619,2.3733,NA,1,NA,1.3948,0.1142,1.1864,1.6346,NA,1,NA,1.9975,0.1525,1.7213,2.3203,NA,1,NA,1.5452,0.1238,1.3223,1.8069,NA,1,NA,2.032,0.1558,1.7522,2.3636,NA,1,NA,1.4664,0.1184,1.2504,1.7155,NA,1,0.1,0.0965,0.0325,0.0483,0.1728,1,1,0.1,0.0919,0.0289,0.0483,0.1585,1,1,0.1,0.1392,0.0419,0.0653,0.2252,1,1,0.1,0.0957,0.0286,0.0503,0.1603,1,1,1,0.9723,0.0355,0.9051,1.0446,1,1,1,1.0326,0.0372,0.9625,1.1085,1,1,0.3,0.3368,0.0263,0.2865,0.3896,1,1,0.3,0.3368,0.0263,0.2865,0.3896,1,1
91,NA,3.4159,0.1322,3.1549,3.674,NA,1,NA,2.6981,0.106,2.4911,2.9068,NA,1,NA,6.3926,0.1881,6.0202,6.7623,NA,1,NA,4.8266,0.1407,4.5514,5.103,NA,1,NA,8.1253,0.2045,7.7274,8.5253,NA,1,NA,6.3895,0.1512,6.0942,6.6854,NA,1,NA,9.0037,0.2142,8.5856,9.4263,NA,1,NA,7.1845,0.162,6.8668,7.5062,NA,1,NA,9.402,0.2051,8.9986,9.8051,NA,1,NA,7.6415,0.1583,7.3302,7.9534,NA,1,0.3,0.3574,0.0402,0.2798,0.4362,1,1,0.2,0.1594,0.0351,0.0918,0.2302,1,1,-0.15,-0.1588,0.0332,-0.2236,-0.0937,1,1,-0.1,-0.1428,0.0323,-0.2061,-0.0801,1,1,NA,1.1676,0.1089,0.9681,1.3948,NA,1,NA,0.9176,0.0861,0.7588,1.0977,NA,1,NA,1.7723,0.1421,1.516,2.0733,NA,1,NA,1.3042,0.1076,1.1102,1.5319,NA,1,NA,1.9472,0.1533,1.6699,2.2701,NA,1,NA,1.4187,0.115,1.2111,1.6626,NA,1,NA,2.0289,0.1583,1.7446,2.3647,NA,1,NA,1.5377,0.1216,1.3177,1.7952,NA,1,NA,1.955,0.1544,1.6772,2.2821,NA,1,NA,1.4872,0.1185,1.2716,1.7367,NA,1,0.1,0.0996,0.0334,0.049,0.176,1,1,0.1,0.0904,0.0288,0.0478,0.1576,1,1,0.1,0.1076,0.0327,0.0548,0.1792,1,1,0.1,0.0926,0.0289,0.048,0.1587,1,1,1,1.041,0.0386,0.9686,1.1199,1,1,1,0.9972,0.0351,0.9314,1.0683,1,1,0.3,0.27,0.0265,0.2189,0.3231,1,1,0.3,0.27,0.0265,0.2189,0.3231,1,1
92,NA,3.1681,0.1329,2.9062,3.4277,NA,1,NA,2.7048,0.0885,2.531,2.8794,NA,1,NA,6.2442,0.187,5.8754,6.614,NA,1,NA,4.8025,0.1326,4.5421,5.0624,NA,1,NA,8.0263,0.2036,7.6272,8.4263,NA,1,NA,6.2551,0.1437,5.9721,6.5352,NA,1,NA,9.0512,0.21,8.6367,9.4655,NA,1,NA,7.0225,0.1521,6.7201,7.3195,NA,1,NA,9.4915,0.2092,9.0802,9.9041,NA,1,NA,7.3739,0.152,7.0761,7.673,NA,1,0.3,0.2842,0.0427,0.2039,0.3708,1,1,0.2,0.2176,0.0378,0.1447,0.2935,1,1,-0.15,-0.1438,0.033,-0.2083,-0.0789,1,1,-0.1,-0.1005,0.0333,-0.1662,-0.0364,1,1,NA,1.1884,0.1072,0.9927,1.4159,NA,1,NA,0.6895,0.0777,0.5452,0.8493,NA,1,NA,1.7764,0.1417,1.5176,2.0755,NA,1,NA,1.2078,0.1043,1.018,1.427,NA,1,NA,1.9506,0.152,1.6751,2.2699,NA,1,NA,1.3205,0.111,1.1199,1.5566,NA,1,NA,2.0294,0.1564,1.7489,2.3599,NA,1,NA,1.4204,0.1162,1.2109,1.6666,NA,1,NA,2.0039,0.1557,1.7221,2.3314,NA,1,NA,1.4147,0.1167,1.2023,1.6588,NA,1,0.1,0.1302,0.0458,0.0563,0.227,1,1,0.1,0.1231,0.0389,0.0579,0.2039,1,1,0.1,0.1055,0.0334,0.0516,0.1789,1,1,0.1,0.0905,0.0275,0.0485,0.1535,1,1,1,1.0271,0.0379,0.9565,1.105,1,1,1,1.0239,0.0367,0.9549,1.0988,1,1,0.3,0.2965,0.0268,0.2449,0.3499,1,1,0.3,0.2965,0.0268,0.2449,0.3499,1,1
93,NA,3.3783,0.1414,3.0986,3.654,NA,1,NA,2.5895,0.1002,2.3915,2.7854,NA,1,NA,6.5953,0.2041,6.1955,6.9978,NA,1,NA,4.8041,0.132,4.5442,5.0645,NA,1,NA,8.5057,0.2189,8.075,8.9332,NA,1,NA,6.0862,0.1484,5.7928,6.3802,NA,1,NA,9.4601,0.2145,9.034,9.8791,NA,1,NA,6.9947,0.1467,6.7075,7.2827,NA,1,NA,9.8285,0.2089,9.4125,10.2363,NA,1,NA,7.4159,0.1584,7.1075,7.7261,NA,1,0.3,0.3097,0.0405,0.2321,0.3907,1,1,0.2,0.1933,0.0386,0.1193,0.2704,1,1,-0.15,-0.1527,0.0337,-0.2193,-0.0868,1,1,-0.1,-0.0876,0.0325,-0.1521,-0.0242,1,1,NA,1.2714,0.1116,1.0677,1.5051,NA,1,NA,0.8523,0.0838,0.6983,1.0257,NA,1,NA,1.932,0.1519,1.6564,2.2535,NA,1,NA,1.2079,0.1023,1.0231,1.4233,NA,1,NA,2.0965,0.1617,1.8065,2.4398,NA,1,NA,1.3869,0.1119,1.1853,1.6219,NA,1,NA,2.0553,0.1593,1.7688,2.3933,NA,1,NA,1.372,0.1123,1.1693,1.6073,NA,1,NA,1.9903,0.1535,1.7139,2.3166,NA,1,NA,1.4933,0.1192,1.278,1.7456,NA,1,0.1,0.1004,0.0333,0.05,0.1773,1,1,0.1,0.1354,0.0429,0.0621,0.2249,1,1,0.1,0.1136,0.0358,0.0534,0.1906,1,1,0.1,0.0797,0.0229,0.045,0.1326,1,1,1,1.0372,0.0376,0.9659,1.1141,1,1,1,0.9547,0.0344,0.8896,1.0243,1,1,0.3,0.2993,0.0264,0.2485,0.352,1,1,0.3,0.2993,0.0264,0.2485,0.352,1,1
94,NA,3.4603,0.1292,3.206,3.7135,NA,1,NA,2.7203,0.0936,2.5352,2.9031,NA,1,NA,6.8544,0.1833,6.4927,7.214,NA,1,NA,4.9065,0.1176,4.676,5.1385,NA,1,NA,8.7177,0.2072,8.3107,9.1208,NA,1,NA,6.3762,0.1467,6.0902,6.6648,NA,1,NA,9.2996,0.2089,8.8911,9.7085,NA,1,NA,7.0997,0.1417,6.8239,7.3798,NA,1,NA,9.7833,0.2026,9.3855,10.179,NA,1,NA,7.5725,0.1438,7.2895,7.8549,NA,1,0.3,0.2994,0.0414,0.2215,0.3842,1,1,0.2,0.1844,0.0376,0.1118,0.2595,1,1,-0.15,-0.1735,0.0338,-0.239,-0.1074,1,1,-0.1,-0.1305,0.0317,-0.1926,-0.0694,1,1,NA,1.1476,0.1048,0.9537,1.3636,NA,1,NA,0.7601,0.0828,0.6047,0.9294,NA,1,NA,1.7342,0.1392,1.482,2.0265,NA,1,NA,1.0419,0.0944,0.8706,1.2399,NA,1,NA,1.9903,0.1546,1.7095,2.3158,NA,1,NA,1.3555,0.1123,1.1509,1.5906,NA,1,NA,2.0006,0.1554,1.719,2.3301,NA,1,NA,1.3058,0.1088,1.1113,1.5355,NA,1,NA,1.9342,0.1519,1.6613,2.2552,NA,1,NA,1.336,0.1114,1.1355,1.5701,NA,1,0.1,0.1148,0.0403,0.0532,0.2033,1,1,0.1,0.1276,0.0415,0.0597,0.2153,1,1,0.1,0.116,0.0376,0.0546,0.1959,1,1,0.1,0.0872,0.0256,0.0481,0.1466,1,1,1,1.0094,0.0372,0.9403,1.0855,1,1,1,1.0014,0.036,0.9334,1.0745,1,1,0.3,0.2943,0.0263,0.244,0.3471,1,1,0.3,0.2943,0.0263,0.244,0.3471,1,1
95,NA,3.1356,0.1532,2.834,3.4372,NA,1,NA,2.5846,0.1008,2.3861,2.7823,NA,1,NA,6.3138,0.1986,5.9191,6.6999,NA,1,NA,4.9471,0.1214,4.7064,5.1843,NA,1,NA,7.9796,0.2155,7.5569,8.3979,NA,1,NA,6.4409,0.1316,6.1837,6.6993,NA,1,NA,8.8803,0.2164,8.4567,9.3027,NA,1,NA,7.2374,0.1364,6.9699,7.5056,NA,1,NA,9.2932,0.2082,8.8861,9.702,NA,1,NA,7.733,0.1432,7.4516,8.0153,NA,1,0.3,0.2346,0.0372,0.1618,0.3091,1,1,0.2,0.2246,0.0347,0.1565,0.2934,1,1,-0.15,-0.1849,0.0336,-0.2523,-0.1199,1,1,-0.1,-0.0789,0.0304,-0.1386,-0.0199,1,1,NA,1.4224,0.1158,1.212,1.6656,NA,1,NA,0.8324,0.0868,0.6711,1.0115,NA,1,NA,1.9164,0.1467,1.6518,2.2255,NA,1,NA,1.0779,0.0974,0.8995,1.2806,NA,1,NA,2.0896,0.1585,1.8032,2.4249,NA,1,NA,1.1939,0.1028,1.008,1.4111,NA,1,NA,2.0879,0.158,1.8045,2.422,NA,1,NA,1.2408,0.1062,1.0488,1.4648,NA,1,NA,2.0027,0.1539,1.727,2.3298,NA,1,NA,1.3072,0.1097,1.1069,1.5397,NA,1,0.1,0.092,0.0301,0.0479,0.1623,1,1,0.1,0.0956,0.0303,0.0495,0.1636,1,1,0.1,0.1036,0.0332,0.0525,0.1788,1,1,0.1,0.0877,0.0261,0.0475,0.1481,1,1,1,0.9396,0.0334,0.8766,1.0075,1,1,1,1.0464,0.0369,0.977,1.1206,1,1,0.3,0.2693,0.0255,0.2204,0.3208,1,1,0.3,0.2693,0.0255,0.2204,0.3208,1,1
96,NA,3.4391,0.128,3.1893,3.6906,NA,1,NA,2.745,0.1128,2.5243,2.9684,NA,1,NA,6.5779,0.1755,6.2345,6.9236,NA,1,NA,4.8578,0.1434,4.5788,5.1397,NA,1,NA,8.2939,0.1952,7.9088,8.6756,NA,1,NA,6.3067,0.1626,5.9891,6.6275,NA,1,NA,9.1936,0.2023,8.7985,9.5917,NA,1,NA,7.1294,0.1748,6.7847,7.4702,NA,1,NA,9.604,0.2007,9.2068,9.9975,NA,1,NA,7.4712,0.1812,7.1171,7.8249,NA,1,0.3,0.326,0.0429,0.2422,0.4099,1,1,0.2,0.2229,0.0387,0.1472,0.2988,1,1,-0.15,-0.1062,0.0346,-0.1736,-0.0387,1,1,-0.1,-0.0569,0.0329,-0.1205,0.0079,1,0,NA,1.1174,0.1076,0.92,1.343,NA,1,NA,0.9791,0.0926,0.8105,1.1726,NA,1,NA,1.6346,0.1364,1.3876,1.9221,NA,1,NA,1.3179,0.1109,1.1169,1.5519,NA,1,NA,1.8531,0.1498,1.5813,2.1707,NA,1,NA,1.5292,0.1231,1.3056,1.7912,NA,1,NA,1.927,0.1536,1.6487,2.2497,NA,1,NA,1.6472,0.1308,1.4115,1.9202,NA,1,NA,1.9046,0.1506,1.6328,2.2221,NA,1,NA,1.7126,0.1353,1.4688,2.0011,NA,1,0.1,0.2125,0.0412,0.1247,0.2899,0,1,0.1,0.0927,0.0294,0.0482,0.1603,1,1,0.1,0.1033,0.0332,0.0515,0.1785,1,1,0.1,0.1138,0.0355,0.0557,0.1902,1,1,1,0.9724,0.0352,0.9058,1.0438,1,1,1,1.0476,0.0376,0.9765,1.1237,1,1,0.3,0.3106,0.0267,0.2591,0.3636,1,1,0.3,0.3106,0.0267,0.2591,0.3636,1,1
97,NA,3.2325,0.1247,2.9875,3.4778,NA,1,NA,2.7813,0.0971,2.5899,2.9719,NA,1,NA,6.2889,0.1802,5.934,6.6465,NA,1,NA,4.8113,0.1407,4.5358,5.0884,NA,1,NA,8.0727,0.1788,7.7236,8.4255,NA,1,NA,6.3067,0.158,6.0009,6.6184,NA,1,NA,8.9326,0.1939,8.5536,9.3128,NA,1,NA,7.0604,0.1676,6.7344,7.3885,NA,1,NA,9.3316,0.1912,8.9565,9.7082,NA,1,NA,7.4324,0.1626,7.1124,7.7511,NA,1,0.3,0.3577,0.0435,0.2728,0.4431,1,1,0.2,0.214,0.0375,0.1407,0.2893,1,1,-0.15,-0.1641,0.0321,-0.2279,-0.1014,1,1,-0.1,-0.1258,0.0335,-0.1913,-0.0599,1,1,NA,1.0583,0.1052,0.8665,1.2812,NA,1,NA,0.8196,0.084,0.6657,0.9921,NA,1,NA,1.6723,0.1369,1.4246,1.9601,NA,1,NA,1.308,0.1101,1.1072,1.5398,NA,1,NA,1.6503,0.1359,1.4037,1.9373,NA,1,NA,1.4869,0.1194,1.2713,1.7405,NA,1,NA,1.8283,0.1473,1.5612,2.1389,NA,1,NA,1.5837,0.1252,1.3548,1.852,NA,1,NA,1.7968,0.1464,1.5344,2.1045,NA,1,NA,1.5226,0.122,1.3028,1.7823,NA,1,0.1,0.2045,0.0452,0.1059,0.2869,0,1,0.1,0.0942,0.0311,0.048,0.1655,1,1,0.1,0.0792,0.0229,0.0445,0.1322,1,1,0.1,0.1072,0.0334,0.0525,0.1791,1,1,1,1.0133,0.0373,0.9425,1.0897,1,1,1,0.9541,0.0342,0.8895,1.0231,1,1,0.3,0.2529,0.0257,0.2033,0.3037,1,1,0.3,0.2529,0.0257,0.2033,0.3037,1,1
98,NA,3.3593,0.1302,3.1025,3.6153,NA,1,NA,2.674,0.0925,2.4927,2.8552,NA,1,NA,6.4687,0.1698,6.1377,6.8031,NA,1,NA,4.7248,0.1352,4.4591,4.9891,NA,1,NA,8.3436,0.19,7.968,8.7144,NA,1,NA,6.1955,0.1531,5.894,6.4957,NA,1,NA,9.3442,0.1849,8.9801,9.7045,NA,1,NA,7.1304,0.1677,6.7991,7.4569,NA,1,NA,9.5252,0.1884,9.1565,9.8926,NA,1,NA,7.4441,0.1898,7.0697,7.8133,NA,1,0.3,0.3193,0.0414,0.24,0.4027,1,1,0.2,0.2323,0.0373,0.161,0.3076,1,1,-0.15,-0.1993,0.0326,-0.2643,-0.1356,1,1,-0.1,-0.1378,0.0329,-0.2022,-0.0736,1,1,NA,1.1446,0.1061,0.9503,1.3676,NA,1,NA,0.7317,0.0824,0.5775,0.9002,NA,1,NA,1.5821,0.1299,1.3469,1.8534,NA,1,NA,1.2219,0.1059,1.0297,1.4469,NA,1,NA,1.789,0.142,1.5348,2.0906,NA,1,NA,1.4123,0.116,1.2008,1.6545,NA,1,NA,1.7472,0.1409,1.4923,2.0425,NA,1,NA,1.5838,0.1279,1.3523,1.8538,NA,1,NA,1.7847,0.1425,1.5291,2.085,NA,1,NA,1.8007,0.1409,1.5459,2.0979,NA,1,0.1,0.1104,0.0352,0.0524,0.1858,1,1,0.1,0.1198,0.0381,0.057,0.2022,1,1,0.1,0.0954,0.0307,0.0489,0.1656,1,1,0.1,0.1011,0.0308,0.0524,0.1701,1,1,1,1.0254,0.0383,0.9532,1.1033,1,1,1,1.038,0.0371,0.968,1.1129,1,1,0.3,0.2922,0.0267,0.2411,0.346,1,1,0.3,0.2922,0.0267,0.2411,0.346,1,1
99,NA,3.1587,0.1307,2.9012,3.4137,NA,1,NA,2.6141,0.0871,2.4436,2.7848,NA,1,NA,6.384,0.1867,6.0148,6.7489,NA,1,NA,4.7843,0.1213,4.5447,5.0218,NA,1,NA,8.1144,0.2095,7.7033,8.527,NA,1,NA,6.142,0.1395,5.8669,6.4165,NA,1,NA,9.0498,0.1959,8.6647,9.4352,NA,1,NA,6.9486,0.152,6.6483,7.2465,NA,1,NA,9.4449,0.197,9.0586,9.8335,NA,1,NA,7.4539,0.1603,7.1424,7.7685,NA,1,0.3,0.3174,0.0397,0.2408,0.3969,1,1,0.2,0.1831,0.0357,0.1146,0.2543,1,1,-0.15,-0.1414,0.0337,-0.2096,-0.0764,1,1,-0.1,-0.0976,0.0323,-0.1608,-0.0353,1,1,NA,1.161,0.1049,0.9688,1.3789,NA,1,NA,0.6844,0.0762,0.5426,0.8402,NA,1,NA,1.7675,0.1401,1.5175,2.0634,NA,1,NA,1.0948,0.0966,0.9178,1.297,NA,1,NA,2.021,0.1553,1.7417,2.3485,NA,1,NA,1.2979,0.108,1.1019,1.5258,NA,1,NA,1.8635,0.1456,1.6021,2.1692,NA,1,NA,1.4187,0.115,1.2108,1.6611,NA,1,NA,1.8661,0.1466,1.6024,2.1763,NA,1,NA,1.5149,0.1214,1.295,1.7723,NA,1,0.1,0.0896,0.029,0.047,0.1587,1,1,0.1,0.1073,0.0344,0.0532,0.1837,1,1,0.1,0.0905,0.0281,0.0479,0.1553,1,1,0.1,0.1117,0.0339,0.0561,0.1853,1,1,1,0.9573,0.0357,0.8907,1.0293,1,1,1,1.0003,0.0353,0.9339,1.0717,1,1,0.3,0.2774,0.0254,0.2283,0.3276,1,1,0.3,0.2774,0.0254,0.2283,0.3276,1,1
100,NA,3.4675,0.1202,3.2313,3.7033,NA,1,NA,2.5742,0.1027,2.3726,2.7753,NA,1,NA,6.6654,0.1815,6.3092,7.017,NA,1,NA,4.8031,0.1269,4.5523,5.05,NA,1,NA,8.5963,0.177,8.2463,8.9443,NA,1,NA,6.2559,0.1412,5.9787,6.5322,NA,1,NA,9.6593,0.1948,9.2777,10.0402,NA,1,NA,7.0846,0.1487,6.7934,7.3747,NA,1,NA,9.8791,0.2003,9.485,10.2732,NA,1,NA,7.5603,0.1426,7.2793,7.8406,NA,1,0.3,0.2811,0.0403,0.2032,0.3624,1,1,0.2,0.1021,0.0364,0.0333,0.1749,0,1,-0.15,-0.1343,0.0317,-0.1967,-0.0716,1,1,-0.1,-0.0861,0.0329,-0.1507,-0.0215,1,1,NA,1.051,0.0997,0.8678,1.2602,NA,1,NA,0.9012,0.083,0.748,1.0734,NA,1,NA,1.7148,0.1351,1.4705,1.9984,NA,1,NA,1.1756,0.0975,0.9986,1.3823,NA,1,NA,1.67,0.1335,1.4292,1.9532,NA,1,NA,1.3219,0.1065,1.1298,1.5449,NA,1,NA,1.8608,0.1448,1.5997,2.1648,NA,1,NA,1.4116,0.1121,1.2092,1.6495,NA,1,NA,1.9198,0.1494,1.6501,2.2347,NA,1,NA,1.3414,0.1082,1.1468,1.5705,NA,1,0.1,0.1006,0.033,0.0495,0.1745,1,1,0.1,0.1139,0.036,0.0543,0.1923,1,1,0.1,0.0932,0.0288,0.0485,0.1589,1,1,0.1,0.0943,0.0293,0.049,0.1617,1,1,1,1.0017,0.0364,0.9329,1.0753,1,1,1,0.9306,0.0324,0.8697,0.9962,0,1,0.3,0.319,0.0251,0.2707,0.3694,1,1,0.3,0.319,0.0251,0.2707,0.3694,1,1
