"r","Tru_Level2Mean[1]","Est_Level2Mean[1]","se_Level2Mean[1]","LL_Level2Mean[1]","UL_Level2Mean[1]","cFlag_Level2Mean[1]","pFlag_Level2Mean[1]","Tru_Level2Mean[2]","Est_Level2Mean[2]","se_Level2Mean[2]","LL_Level2Mean[2]","UL_Level2Mean[2]","cFlag_Level2Mean[2]","pFlag_Level2Mean[2]","Tru_Level2Mean[3]","Est_Level2Mean[3]","se_Level2Mean[3]","LL_Level2Mean[3]","UL_Level2Mean[3]","cFlag_Level2Mean[3]","pFlag_Level2Mean[3]","Tru_Level2Mean[4]","Est_Level2Mean[4]","se_Level2Mean[4]","LL_Level2Mean[4]","UL_Level2Mean[4]","cFlag_Level2Mean[4]","pFlag_Level2Mean[4]","Tru_Level2Mean[5]","Est_Level2Mean[5]","se_Level2Mean[5]","LL_Level2Mean[5]","UL_Level2Mean[5]","cFlag_Level2Mean[5]","pFlag_Level2Mean[5]","Tru_Level2Mean[6]","Est_Level2Mean[6]","se_Level2Mean[6]","LL_Level2Mean[6]","UL_Level2Mean[6]","cFlag_Level2Mean[6]","pFlag_Level2Mean[6]","Tru_Level2Mean[7]","Est_Level2Mean[7]","se_Level2Mean[7]","LL_Level2Mean[7]","UL_Level2Mean[7]","cFlag_Level2Mean[7]","pFlag_Level2Mean[7]","Tru_Level2Mean[8]","Est_Level2Mean[8]","se_Level2Mean[8]","LL_Level2Mean[8]","UL_Level2Mean[8]","cFlag_Level2Mean[8]","pFlag_Level2Mean[8]","Tru_Level2Mean[9]","Est_Level2Mean[9]","se_Level2Mean[9]","LL_Level2Mean[9]","UL_Level2Mean[9]","cFlag_Level2Mean[9]","pFlag_Level2Mean[9]","Tru_Level2Mean[10]","Est_Level2Mean[10]","se_Level2Mean[10]","LL_Level2Mean[10]","UL_Level2Mean[10]","cFlag_Level2Mean[10]","pFlag_Level2Mean[10]","Tru_Level2Mean[11]","Est_Level2Mean[11]","se_Level2Mean[11]","LL_Level2Mean[11]","UL_Level2Mean[11]","cFlag_Level2Mean[11]","pFlag_Level2Mean[11]","Tru_Level2Mean[12]","Est_Level2Mean[12]","se_Level2Mean[12]","LL_Level2Mean[12]","UL_Level2Mean[12]","cFlag_Level2Mean[12]","pFlag_Level2Mean[12]","Tru_Level2Mean[13]","Est_Level2Mean[13]","se_Level2Mean[13]","LL_Level2Mean[13]","UL_Level2Mean[13]","cFlag_Level2Mean[13]","pFlag_Level2Mean[13]","Tru_Level2Mean[14]","Est_Level2Mean[14]","se_Level2Mean[14]","LL_Level2Mean[14]","UL_Level2Mean[14]","cFlag_Level2Mean[14]","pFlag_Level2Mean[14]","Tru_Level2Sigma[1]","Est_Level2Sigma[1]","se_Level2Sigma[1]","LL_Level2Sigma[1]","UL_Level2Sigma[1]","cFlag_Level2Sigma[1]","pFlag_Level2Sigma[1]","Tru_Level2Sigma[2]","Est_Level2Sigma[2]","se_Level2Sigma[2]","LL_Level2Sigma[2]","UL_Level2Sigma[2]","cFlag_Level2Sigma[2]","pFlag_Level2Sigma[2]","Tru_Level2Sigma[3]","Est_Level2Sigma[3]","se_Level2Sigma[3]","LL_Level2Sigma[3]","UL_Level2Sigma[3]","cFlag_Level2Sigma[3]","pFlag_Level2Sigma[3]","Tru_Level2Sigma[4]","Est_Level2Sigma[4]","se_Level2Sigma[4]","LL_Level2Sigma[4]","UL_Level2Sigma[4]","cFlag_Level2Sigma[4]","pFlag_Level2Sigma[4]","Tru_Level2Sigma[5]","Est_Level2Sigma[5]","se_Level2Sigma[5]","LL_Level2Sigma[5]","UL_Level2Sigma[5]","cFlag_Level2Sigma[5]","pFlag_Level2Sigma[5]","Tru_Level2Sigma[6]","Est_Level2Sigma[6]","se_Level2Sigma[6]","LL_Level2Sigma[6]","UL_Level2Sigma[6]","cFlag_Level2Sigma[6]","pFlag_Level2Sigma[6]","Tru_Level2Sigma[7]","Est_Level2Sigma[7]","se_Level2Sigma[7]","LL_Level2Sigma[7]","UL_Level2Sigma[7]","cFlag_Level2Sigma[7]","pFlag_Level2Sigma[7]","Tru_Level2Sigma[8]","Est_Level2Sigma[8]","se_Level2Sigma[8]","LL_Level2Sigma[8]","UL_Level2Sigma[8]","cFlag_Level2Sigma[8]","pFlag_Level2Sigma[8]","Tru_Level2Sigma[9]","Est_Level2Sigma[9]","se_Level2Sigma[9]","LL_Level2Sigma[9]","UL_Level2Sigma[9]","cFlag_Level2Sigma[9]","pFlag_Level2Sigma[9]","Tru_Level2Sigma[10]","Est_Level2Sigma[10]","se_Level2Sigma[10]","LL_Level2Sigma[10]","UL_Level2Sigma[10]","cFlag_Level2Sigma[10]","pFlag_Level2Sigma[10]","Tru_Level2Sigma[11]","Est_Level2Sigma[11]","se_Level2Sigma[11]","LL_Level2Sigma[11]","UL_Level2Sigma[11]","cFlag_Level2Sigma[11]","pFlag_Level2Sigma[11]","Tru_Level2Sigma[12]","Est_Level2Sigma[12]","se_Level2Sigma[12]","LL_Level2Sigma[12]","UL_Level2Sigma[12]","cFlag_Level2Sigma[12]","pFlag_Level2Sigma[12]","Tru_Level2Sigma[13]","Est_Level2Sigma[13]","se_Level2Sigma[13]","LL_Level2Sigma[13]","UL_Level2Sigma[13]","cFlag_Level2Sigma[13]","pFlag_Level2Sigma[13]","Tru_Level2Sigma[14]","Est_Level2Sigma[14]","se_Level2Sigma[14]","LL_Level2Sigma[14]","UL_Level2Sigma[14]","cFlag_Level2Sigma[14]","pFlag_Level2Sigma[14]","Tru_sigma_innovation[1,1]","Est_sigma_innovation[1,1]","se_sigma_innovation[1,1]","LL_sigma_innovation[1,1]","UL_sigma_innovation[1,1]","cFlag_sigma_innovation[1,1]","pFlag_sigma_innovation[1,1]","Tru_sigma_innovation[2,2]","Est_sigma_innovation[2,2]","se_sigma_innovation[2,2]","LL_sigma_innovation[2,2]","UL_sigma_innovation[2,2]","cFlag_sigma_innovation[2,2]","pFlag_sigma_innovation[2,2]","Tru_sigma_innovation[1,2]","Est_sigma_innovation[1,2]","se_sigma_innovation[1,2]","LL_sigma_innovation[1,2]","UL_sigma_innovation[1,2]","cFlag_sigma_innovation[1,2]","pFlag_sigma_innovation[1,2]","Tru_sigma_innovation[2,1]","Est_sigma_innovation[2,1]","se_sigma_innovation[2,1]","LL_sigma_innovation[2,1]","UL_sigma_innovation[2,1]","cFlag_sigma_innovation[2,1]","pFlag_sigma_innovation[2,1]"
1,3.38008587561722,3.3563,0.0611,3.2361,3.4756,1,1,2.6490919557642,2.6277,0.0427,2.5441,2.7109,1,1,6.5592497625802,6.5251,0.0835,6.3615,6.6899,1,1,4.79549474076678,4.7392,0.0606,4.6213,4.8592,1,1,8.41991048086296,8.3533,0.0923,8.171,8.5335,1,1,6.27213639876793,6.2591,0.0692,6.1235,6.394,1,1,9.29394031721092,9.2492,0.0918,9.0702,9.4278,1,1,7.10490577112262,7.042,0.0738,6.8963,7.1868,1,1,9.68083248283218,9.5978,0.0952,9.4105,9.7855,1,1,7.54002818053297,7.4515,0.0745,7.3048,7.5963,1,1,0.3,0.2662,0.0184,0.2309,0.3026,1,1,0.2,0.2236,0.0168,0.192,0.2575,1,1,-0.15,-0.1758,0.0154,-0.2054,-0.1453,1,1,-0.1,-0.0736,0.0144,-0.1018,-0.0455,1,1,1.16975723241009,1.2459,0.0483,1.1537,1.3436,1,1,0.818364051334181,0.783,0.0374,0.7115,0.858,1,1,1.77224917802126,1.7873,0.0629,1.6678,1.9157,1,1,1.22554713982381,1.2427,0.0471,1.1532,1.338,1,1,1.92749400743346,1.9727,0.0676,1.8432,2.1102,1,1,1.39038469211727,1.452,0.0525,1.3537,1.5589,1,1,1.96107469695758,1.96,0.0674,1.8324,2.0968,1,1,1.44296594681151,1.5624,0.0556,1.4562,1.6748,0,1,1.97661392972742,2.0424,0.0693,1.9113,2.1833,1,1,1.46479650840188,1.5688,0.0558,1.4632,1.6826,1,1,0.1,0.1229,0.0253,0.0721,0.1707,1,1,0.1,0.114,0.0239,0.0671,0.1594,1,1,0.1,0.1132,0.0216,0.0698,0.1548,1,1,0.1,0.0885,0.0197,0.0535,0.1295,1,1,1,0.9974,0.0162,0.9662,1.0298,1,1,1,1.0015,0.016,0.9707,1.0329,1,1,0.3,0.3075,0.0118,0.2847,0.331,1,1,0.3,0.3075,0.0118,0.2847,0.331,1,1
2,3.38008587561722,3.4654,0.058,3.3507,3.5791,1,1,2.6490919557642,2.6091,0.0458,2.5199,2.6985,1,1,6.5592497625802,6.7047,0.0835,6.5405,6.8668,1,1,4.79549474076678,4.69,0.061,4.5697,4.8092,1,1,8.41991048086296,8.5761,0.0927,8.3944,8.7578,1,1,6.27213639876793,6.1898,0.07,6.053,6.3278,1,1,9.29394031721092,9.4699,0.0939,9.2856,9.653,1,1,7.10490577112262,7.0107,0.067,6.8782,7.1426,1,1,9.68083248283218,9.8286,0.0935,9.6457,10.0111,1,1,7.54002818053297,7.4621,0.071,7.3225,7.6014,1,1,0.3,0.3015,0.0174,0.2678,0.3359,1,1,0.2,0.2286,0.0162,0.197,0.2596,1,1,-0.15,-0.1492,0.0148,-0.1782,-0.1201,1,1,-0.1,-0.0853,0.0142,-0.1127,-0.0571,1,1,1.16975723241009,1.1622,0.0467,1.0741,1.2568,1,1,0.818364051334181,0.8665,0.0391,0.7916,0.9451,1,1,1.77224917802126,1.7581,0.0619,1.6411,1.883,1,1,1.22554713982381,1.2501,0.0478,1.1594,1.3471,1,1,1.92749400743346,1.975,0.0681,1.8465,2.1134,1,1,1.39038469211727,1.4544,0.053,1.3544,1.5616,1,1,1.96107469695758,2.0144,0.0696,1.8823,2.1565,1,1,1.44296594681151,1.3888,0.0513,1.2918,1.493,1,1,1.97661392972742,2.0059,0.069,1.8762,2.1453,1,1,1.46479650840188,1.4801,0.0537,1.3796,1.589,1,1,0.1,0.0807,0.0201,0.0464,0.1242,1,1,0.1,0.0879,0.0202,0.0519,0.1301,1,1,0.1,0.0914,0.021,0.0536,0.133,1,1,0.1,0.075,0.0159,0.0474,0.108,1,1,1,1.008,0.0163,0.9766,1.0402,1,1,1,1.0418,0.0165,1.01,1.0747,0,1,0.3,0.3028,0.0118,0.2797,0.3262,1,1,0.3,0.3028,0.0118,0.2797,0.3262,1,1
3,3.38008587561722,3.3505,0.0572,3.2382,3.4624,1,1,2.6490919557642,2.5988,0.0407,2.5194,2.6797,1,1,6.5592497625802,6.43,0.0857,6.2611,6.5992,1,1,4.79549474076678,4.7117,0.0576,4.5988,4.8243,1,1,8.41991048086296,8.2663,0.0926,8.0841,8.4466,1,1,6.27213639876793,6.209,0.064,6.0834,6.3342,1,1,9.29394031721092,9.1135,0.0934,8.93,9.2976,1,1,7.10490577112262,7.0383,0.0679,6.905,7.1724,1,1,9.68083248283218,9.5181,0.0955,9.332,9.7061,1,1,7.54002818053297,7.5509,0.0683,7.416,7.6845,1,1,0.3,0.2909,0.0183,0.2559,0.3276,1,1,0.2,0.2067,0.017,0.1739,0.2407,1,1,-0.15,-0.1467,0.0152,-0.1764,-0.1176,1,1,-0.1,-0.0946,0.0143,-0.1226,-0.0664,1,1,1.16975723241009,1.1436,0.0465,1.0553,1.2381,1,1,0.818364051334181,0.7278,0.0369,0.6568,0.8018,0,1,1.77224917802126,1.8253,0.0637,1.7052,1.9537,1,1,1.22554713982381,1.1672,0.0458,1.0799,1.2598,1,1,1.92749400743346,1.976,0.0678,1.8467,2.1122,1,1,1.39038469211727,1.3294,0.0496,1.2352,1.4292,1,1,1.96107469695758,1.9891,0.0685,1.8602,2.1286,1,1,1.44296594681151,1.4231,0.0517,1.3252,1.5278,1,1,1.97661392972742,2.0545,0.0702,1.9227,2.1981,1,1,1.46479650840188,1.4248,0.0517,1.3266,1.529,1,1,0.1,0.1062,0.0255,0.0548,0.1546,1,1,0.1,0.1074,0.0246,0.0602,0.1556,1,1,0.1,0.0863,0.0191,0.0531,0.1261,1,1,0.1,0.0714,0.0155,0.0442,0.1044,1,1,1,1.0008,0.0162,0.9694,1.0332,1,1,1,1.025,0.0162,0.9938,1.0572,1,1,0.3,0.294,0.0118,0.2709,0.3171,1,1,0.3,0.294,0.0118,0.2709,0.3171,1,1
4,3.38008587561722,3.4559,0.0606,3.3377,3.5747,1,1,2.6490919557642,2.6709,0.0418,2.5894,2.7536,1,1,6.5592497625802,6.7134,0.0841,6.5498,6.8784,1,1,4.79549474076678,4.8862,0.0574,4.7735,4.9989,1,1,8.41991048086296,8.523,0.0895,8.3487,8.6999,1,1,6.27213639876793,6.3941,0.0648,6.2664,6.5217,1,1,9.29394031721092,9.4081,0.0899,9.2314,9.5846,1,1,7.10490577112262,7.1983,0.068,7.0638,7.3321,1,1,9.68083248283218,9.7148,0.0912,9.5361,9.8938,1,1,7.54002818053297,7.5858,0.0665,7.4556,7.7159,1,1,0.3,0.3206,0.018,0.2861,0.3564,1,1,0.2,0.1826,0.0163,0.1512,0.2143,1,1,-0.15,-0.1465,0.0151,-0.176,-0.1164,1,1,-0.1,-0.1052,0.0149,-0.1347,-0.0764,1,1,1.16975723241009,1.2152,0.0486,1.1237,1.3135,1,1,0.818364051334181,0.7755,0.0364,0.7056,0.8486,1,1,1.77224917802126,1.7871,0.0633,1.6677,1.9165,1,1,1.22554713982381,1.1664,0.0447,1.0822,1.257,1,1,1.92749400743346,1.9139,0.0669,1.7871,2.0495,1,1,1.39038469211727,1.35,0.0493,1.2565,1.4494,1,1,1.96107469695758,1.9168,0.0666,1.7916,2.0522,1,1,1.44296594681151,1.4327,0.0515,1.3347,1.5369,1,1,1.97661392972742,1.9619,0.0683,1.8331,2.1005,1,1,1.46479650840188,1.3992,0.0502,1.3038,1.5009,1,1,0.1,0.0862,0.0209,0.0501,0.1312,1,1,0.1,0.0839,0.0194,0.0504,0.1242,1,1,0.1,0.1215,0.0214,0.0758,0.1611,1,1,0.1,0.103,0.0206,0.0637,0.1431,1,1,1,1.0278,0.017,0.9953,1.062,1,1,1,0.9923,0.0161,0.9612,1.024,1,1,0.3,0.3187,0.0118,0.2956,0.3418,1,1,0.3,0.3187,0.0118,0.2956,0.3418,1,1
5,3.38008587561722,3.3067,0.0568,3.1962,3.4188,1,1,2.6490919557642,2.6604,0.045,2.5716,2.7486,1,1,6.5592497625802,6.5643,0.0849,6.3979,6.7309,1,1,4.79549474076678,4.8088,0.0603,4.6903,4.9273,1,1,8.41991048086296,8.3778,0.0892,8.2028,8.5536,1,1,6.27213639876793,6.2937,0.0646,6.167,6.4198,1,1,9.29394031721092,9.2056,0.0939,9.0223,9.3909,1,1,7.10490577112262,7.117,0.067,6.9868,7.2494,1,1,9.68083248283218,9.6189,0.0938,9.4343,9.8034,1,1,7.54002818053297,7.5565,0.068,7.4225,7.6906,1,1,0.3,0.3221,0.0183,0.2871,0.3581,1,1,0.2,0.2012,0.0171,0.168,0.2355,1,1,-0.15,-0.1518,0.0148,-0.18,-0.1227,1,1,-0.1,-0.0906,0.0141,-0.1184,-0.0633,1,1,1.16975723241009,1.1207,0.047,1.0319,1.2157,1,1,0.818364051334181,0.848,0.0383,0.7741,0.9249,1,1,1.77224917802126,1.7901,0.0638,1.6692,1.919,1,1,1.22554713982381,1.2399,0.0471,1.1497,1.3345,1,1,1.92749400743346,1.8936,0.0666,1.7676,2.0285,1,1,1.39038469211727,1.335,0.0497,1.2405,1.436,1,1,1.96107469695758,2.0146,0.0701,1.8829,2.1575,1,1,1.44296594681151,1.3943,0.0511,1.2974,1.4975,1,1,1.97661392972742,1.997,0.0696,1.8644,2.1398,1,1,1.46479650840188,1.4208,0.0516,1.3231,1.5257,1,1,0.1,0.1431,0.0232,0.0955,0.1871,1,1,0.1,0.1123,0.0244,0.0652,0.1587,1,1,0.1,0.1097,0.0211,0.069,0.1506,1,1,0.1,0.0779,0.0182,0.0467,0.1167,1,1,1,1.0292,0.0168,0.9967,1.0624,1,1,1,1.0118,0.0162,0.9805,1.0444,1,1,0.3,0.2839,0.0119,0.2608,0.3074,1,1,0.3,0.2839,0.0119,0.2608,0.3074,1,1
6,3.38008587561722,3.4356,0.0565,3.3254,3.5471,1,1,2.6490919557642,2.6054,0.0423,2.5222,2.6879,1,1,6.5592497625802,6.632,0.0832,6.4684,6.7949,1,1,4.79549474076678,4.7822,0.0598,4.6643,4.8982,1,1,8.41991048086296,8.4934,0.0913,8.3133,8.6728,1,1,6.27213639876793,6.2601,0.0681,6.1265,6.3934,1,1,9.29394031721092,9.3665,0.0939,9.1824,9.5496,1,1,7.10490577112262,7.1439,0.0691,7.0078,7.2795,1,1,9.68083248283218,9.7375,0.0914,9.5583,9.9168,1,1,7.54002818053297,7.5474,0.0705,7.4084,7.6862,1,1,0.3,0.3085,0.0186,0.2722,0.3457,1,1,0.2,0.2279,0.017,0.1943,0.261,1,1,-0.15,-0.1631,0.0147,-0.1918,-0.1347,1,1,-0.1,-0.0895,0.0149,-0.1187,-0.0604,1,1,1.16975723241009,1.1118,0.0462,1.023,1.2052,1,1,0.818364051334181,0.7792,0.0373,0.7084,0.854,1,1,1.77224917802126,1.7658,0.0629,1.6464,1.892,1,1,1.22554713982381,1.2224,0.0465,1.1333,1.316,1,1,1.92749400743346,1.9625,0.0681,1.8334,2.1015,1,1,1.39038469211727,1.4253,0.0519,1.3273,1.5305,1,1,1.96107469695758,2.0006,0.0696,1.8698,2.1415,1,1,1.44296594681151,1.4378,0.0526,1.338,1.5441,1,1,1.97661392972742,1.9618,0.0679,1.8332,2.1013,1,1,1.46479650840188,1.479,0.0534,1.3781,1.588,1,1,0.1,0.1128,0.0274,0.0582,0.1645,1,1,0.1,0.0899,0.0215,0.0523,0.1336,1,1,0.1,0.0735,0.0168,0.0452,0.1097,1,1,0.1,0.1056,0.0216,0.0619,0.1463,1,1,1,1.0105,0.0166,0.9786,1.0436,1,1,1,1.0031,0.016,0.9721,1.0352,1,1,0.3,0.2992,0.0118,0.2765,0.3225,1,1,0.3,0.2992,0.0118,0.2765,0.3225,1,1
7,3.38008587561722,3.3614,0.0541,3.2562,3.4679,1,1,2.6490919557642,2.6458,0.0437,2.561,2.7314,1,1,6.5592497625802,6.6069,0.0802,6.4493,6.7637,1,1,4.79549474076678,4.7633,0.0573,4.6515,4.8765,1,1,8.41991048086296,8.4769,0.0861,8.3077,8.6447,1,1,6.27213639876793,6.2446,0.0674,6.1131,6.3776,1,1,9.29394031721092,9.3671,0.0874,9.1949,9.538,1,1,7.10490577112262,7.0623,0.0672,6.93,7.1943,1,1,9.68083248283218,9.6751,0.088,9.503,9.8483,1,1,7.54002818053297,7.5063,0.07,7.3683,7.642,1,1,0.3,0.2854,0.0181,0.2486,0.3205,1,1,0.2,0.2385,0.0173,0.2052,0.2733,0,1,-0.15,-0.168,0.0151,-0.1976,-0.1383,1,1,-0.1,-0.1125,0.0148,-0.1415,-0.0832,1,1,1.16975723241009,1.0638,0.0442,0.9789,1.1531,0,1,0.818364051334181,0.794,0.0387,0.7197,0.872,1,1,1.77224917802126,1.7002,0.0598,1.5867,1.8214,1,1,1.22554713982381,1.161,0.046,1.0735,1.2534,1,1,1.92749400743346,1.8371,0.0638,1.7156,1.9672,1,1,1.39038469211727,1.3983,0.0521,1.2994,1.5038,1,1,1.96107469695758,1.8713,0.0648,1.7487,2.0037,1,1,1.44296594681151,1.3963,0.0519,1.2988,1.5022,1,1,1.97661392972742,1.8725,0.0652,1.7504,2.0046,1,1,1.46479650840188,1.4576,0.0535,1.356,1.5665,1,1,0.1,0.0825,0.0204,0.0485,0.1266,1,1,0.1,0.1185,0.0238,0.0724,0.1646,1,1,0.1,0.1079,0.0224,0.0629,0.1497,1,1,0.1,0.109,0.0202,0.0683,0.1473,1,1,1,1.0132,0.0165,0.9814,1.0462,1,1,1,1.054,0.0171,1.0212,1.0885,0,1,0.3,0.3228,0.0121,0.2993,0.3467,1,1,0.3,0.3228,0.0121,0.2993,0.3467,1,1
8,3.38008587561722,3.3581,0.0579,3.2452,3.4706,1,1,2.6490919557642,2.552,0.0437,2.4664,2.6369,0,1,6.5592497625802,6.5326,0.081,6.3744,6.6914,1,1,4.79549474076678,4.6732,0.0598,4.5551,4.7899,0,1,8.41991048086296,8.3689,0.0872,8.1992,8.5398,1,1,6.27213639876793,6.1164,0.0692,5.9806,6.2519,0,1,9.29394031721092,9.2323,0.0888,9.0575,9.4055,1,1,7.10490577112262,6.9521,0.0689,6.8178,7.0883,0,1,9.68083248283218,9.6763,0.0941,9.4937,9.862,1,1,7.54002818053297,7.3789,0.0725,7.2355,7.5204,0,1,0.3,0.3261,0.0183,0.2893,0.3619,1,1,0.2,0.2468,0.0176,0.2123,0.2818,0,1,-0.15,-0.1665,0.0148,-0.196,-0.1377,1,1,-0.1,-0.1053,0.0153,-0.1348,-0.0751,1,1,1.16975723241009,1.1459,0.047,1.0557,1.2397,1,1,0.818364051334181,0.803,0.039,0.7281,0.8808,1,1,1.77224917802126,1.7134,0.0611,1.5979,1.8376,1,1,1.22554713982381,1.214,0.0473,1.1238,1.3094,1,1,1.92749400743346,1.8597,0.065,1.738,1.993,1,1,1.39038469211727,1.4412,0.0525,1.3412,1.5488,1,1,1.96107469695758,1.8943,0.0663,1.7692,2.0295,1,1,1.44296594681151,1.438,0.0529,1.3373,1.5438,1,1,1.97661392972742,2.0064,0.0697,1.8747,2.1472,1,1,1.46479650840188,1.5216,0.055,1.4174,1.6336,1,1,0.1,0.0985,0.0229,0.0561,0.145,1,1,0.1,0.1264,0.0232,0.0792,0.1695,1,1,0.1,0.0716,0.0156,0.0453,0.1058,1,1,0.1,0.1052,0.0216,0.0625,0.1464,1,1,1,1.0196,0.0168,0.987,1.0529,1,1,1,1.0085,0.0163,0.977,1.0408,1,1,0.3,0.3044,0.012,0.2809,0.3279,1,1,0.3,0.3044,0.012,0.2809,0.3279,1,1
9,3.38008587561722,3.3481,0.0581,3.2344,3.4622,1,1,2.6490919557642,2.5717,0.0432,2.4872,2.6568,1,1,6.5592497625802,6.5494,0.083,6.3869,6.712,1,1,4.79549474076678,4.7433,0.057,4.6317,4.8544,1,1,8.41991048086296,8.4266,0.0907,8.2476,8.6048,1,1,6.27213639876793,6.2536,0.0667,6.1224,6.3837,1,1,9.29394031721092,9.2963,0.0926,9.1141,9.4786,1,1,7.10490577112262,7.0794,0.0671,6.9473,7.2116,1,1,9.68083248283218,9.6825,0.0949,9.4955,9.8687,1,1,7.54002818053297,7.5576,0.068,7.4241,7.6913,1,1,0.3,0.2925,0.0186,0.2567,0.3295,1,1,0.2,0.2077,0.0161,0.1774,0.2405,1,1,-0.15,-0.1198,0.0149,-0.1495,-0.0908,0,1,-0.1,-0.0861,0.0146,-0.1156,-0.0575,1,1,1.16975723241009,1.1654,0.0469,1.0766,1.2608,1,1,0.818364051334181,0.7978,0.0369,0.7276,0.8719,1,1,1.77224917802126,1.766,0.0622,1.6486,1.8914,1,1,1.22554713982381,1.1593,0.0445,1.0746,1.249,1,1,1.92749400743346,1.9442,0.0673,1.8177,2.0816,1,1,1.39038469211727,1.3933,0.0507,1.2965,1.4961,1,1,1.96107469695758,1.9876,0.0687,1.8583,2.1254,1,1,1.44296594681151,1.4039,0.0508,1.3074,1.5065,1,1,1.97661392972742,2.0441,0.07,1.9116,2.1868,1,1,1.46479650840188,1.4177,0.0515,1.3196,1.5215,1,1,0.1,0.1192,0.0249,0.0713,0.1666,1,1,0.1,0.0842,0.0207,0.0484,0.1277,1,1,0.1,0.0853,0.0197,0.0499,0.1267,1,1,0.1,0.0989,0.021,0.0598,0.1391,1,1,1,1.0069,0.0167,0.9748,1.0398,1,1,1,1.0231,0.0163,0.9918,1.0555,1,1,0.3,0.3155,0.012,0.2922,0.3391,1,1,0.3,0.3155,0.012,0.2922,0.3391,1,1
10,3.38008587561722,3.3861,0.0607,3.2666,3.5042,1,1,2.6490919557642,2.646,0.0435,2.5611,2.7321,1,1,6.5592497625802,6.4954,0.0848,6.3282,6.6624,1,1,4.79549474076678,4.8386,0.0597,4.7213,4.9564,1,1,8.41991048086296,8.4023,0.0916,8.2226,8.5826,1,1,6.27213639876793,6.2832,0.0676,6.1492,6.4153,1,1,9.29394031721092,9.2412,0.0924,9.0596,9.4219,1,1,7.10490577112262,7.1373,0.0707,6.9991,7.275,1,1,9.68083248283218,9.6209,0.0945,9.4353,9.8057,1,1,7.54002818053297,7.5414,0.0726,7.3993,7.6832,1,1,0.3,0.3294,0.0181,0.2938,0.3646,1,1,0.2,0.1878,0.0164,0.1562,0.2206,1,1,-0.15,-0.1408,0.0148,-0.1698,-0.1121,1,1,-0.1,-0.1177,0.0143,-0.1456,-0.0895,1,1,1.16975723241009,1.2112,0.0486,1.1186,1.3088,1,1,0.818364051334181,0.8192,0.0372,0.7482,0.894,1,1,1.77224917802126,1.7927,0.0633,1.6723,1.9212,1,1,1.22554713982381,1.2264,0.0462,1.1382,1.3211,1,1,1.92749400743346,1.9572,0.0677,1.8288,2.0939,1,1,1.39038469211727,1.4207,0.0515,1.3232,1.5248,1,1,1.96107469695758,1.9757,0.0689,1.8454,2.114,1,1,1.44296594681151,1.5044,0.0538,1.4034,1.6127,1,1,1.97661392972742,2.0119,0.0696,1.881,2.1523,1,1,1.46479650840188,1.5384,0.0545,1.4358,1.6489,1,1,0.1,0.0842,0.0205,0.0493,0.1282,1,1,0.1,0.106,0.0241,0.0597,0.1541,1,1,0.1,0.1211,0.0208,0.0784,0.1595,1,1,0.1,0.0772,0.0177,0.0467,0.1145,1,1,1,1.0302,0.017,0.9976,1.0639,1,1,1,0.9661,0.0156,0.9361,0.9973,0,1,0.3,0.2754,0.0116,0.253,0.2984,0,1,0.3,0.2754,0.0116,0.253,0.2984,0,1
11,3.38008587561722,3.3879,0.0568,3.2759,3.4988,1,1,2.6490919557642,2.6599,0.0437,2.5743,2.7458,1,1,6.5592497625802,6.5271,0.0821,6.3659,6.6862,1,1,4.79549474076678,4.7765,0.0598,4.6598,4.8949,1,1,8.41991048086296,8.3791,0.088,8.206,8.5517,1,1,6.27213639876793,6.2922,0.0691,6.157,6.4268,1,1,9.29394031721092,9.2768,0.0934,9.0936,9.4597,1,1,7.10490577112262,7.1155,0.0712,6.9759,7.2544,1,1,9.68083248283218,9.6484,0.0908,9.4696,9.8272,1,1,7.54002818053297,7.5937,0.0696,7.4573,7.7297,1,1,0.3,0.2776,0.0175,0.2433,0.3123,1,1,0.2,0.2085,0.0171,0.1755,0.2428,1,1,-0.15,-0.1633,0.0148,-0.1924,-0.1346,1,1,-0.1,-0.0774,0.0145,-0.106,-0.0492,1,1,1.16975723241009,1.1353,0.0454,1.0488,1.2265,1,1,0.818364051334181,0.8224,0.0378,0.7507,0.8989,1,1,1.77224917802126,1.7371,0.0615,1.6205,1.8614,1,1,1.22554713982381,1.2276,0.0459,1.1396,1.3198,1,1,1.92749400743346,1.8821,0.065,1.76,2.0133,1,1,1.39038469211727,1.4568,0.0523,1.358,1.5625,1,1,1.96107469695758,1.9983,0.0685,1.8683,2.1366,1,1,1.44296594681151,1.4994,0.0534,1.3989,1.6094,1,1,1.97661392972742,1.963,0.0677,1.8356,2.0997,1,1,1.46479650840188,1.4721,0.0529,1.3716,1.5786,1,1,0.1,0.0928,0.0224,0.0536,0.1382,1,1,0.1,0.1045,0.0245,0.0597,0.1531,1,1,0.1,0.1029,0.0212,0.0614,0.1435,1,1,0.1,0.0902,0.0204,0.0539,0.1311,1,1,1,1.0135,0.0165,0.9817,1.046,1,1,1,0.9925,0.0159,0.9619,1.0241,1,1,0.3,0.2885,0.0115,0.2661,0.3109,1,1,0.3,0.2885,0.0115,0.2661,0.3109,1,1
12,3.38008587561722,3.3949,0.0599,3.2771,3.5118,1,1,2.6490919557642,2.6271,0.0424,2.5435,2.7103,1,1,6.5592497625802,6.6055,0.0876,6.433,6.7767,1,1,4.79549474076678,4.8088,0.0614,4.6884,4.9288,1,1,8.41991048086296,8.5163,0.0936,8.3341,8.6996,1,1,6.27213639876793,6.2642,0.0703,6.1268,6.4009,1,1,9.29394031721092,9.2939,0.0959,9.1071,9.484,1,1,7.10490577112262,7.0646,0.0723,6.9227,7.2066,1,1,9.68083248283218,9.7971,0.0958,9.6099,9.9847,1,1,7.54002818053297,7.4895,0.0718,7.3484,7.6302,1,1,0.3,0.3182,0.018,0.2835,0.354,1,1,0.2,0.2141,0.0171,0.1818,0.2485,1,1,-0.15,-0.1409,0.015,-0.1702,-0.1112,1,1,-0.1,-0.1002,0.0148,-0.1294,-0.0712,1,1,1.16975723241009,1.1949,0.0475,1.1045,1.2911,1,1,0.818364051334181,0.7853,0.0375,0.7142,0.8607,1,1,1.77224917802126,1.8692,0.0656,1.7448,2.0022,1,1,1.22554713982381,1.2592,0.0478,1.1686,1.356,1,1,1.92749400743346,2.0115,0.0692,1.8802,2.1513,1,1,1.39038469211727,1.4644,0.0531,1.3639,1.5716,1,1,1.96107469695758,2.0589,0.0705,1.9246,2.2007,1,1,1.44296594681151,1.5332,0.0549,1.4289,1.6446,1,1,1.97661392972742,2.0614,0.0704,1.9289,2.2047,1,1,1.46479650840188,1.5218,0.0545,1.4188,1.6324,1,1,0.1,0.0983,0.0229,0.0556,0.143,1,1,0.1,0.1025,0.0249,0.0581,0.1513,1,1,0.1,0.079,0.0187,0.0461,0.1183,1,1,0.1,0.1069,0.0201,0.0674,0.1465,1,1,1,0.9908,0.0164,0.9592,1.0236,1,1,1,1.0159,0.0162,0.9844,1.0482,1,1,0.3,0.3025,0.0118,0.2792,0.3258,1,1,0.3,0.3025,0.0118,0.2792,0.3258,1,1
13,3.38008587561722,3.3814,0.0606,3.2623,3.4996,1,1,2.6490919557642,2.7142,0.0446,2.6273,2.8023,1,1,6.5592497625802,6.5265,0.0849,6.3606,6.6922,1,1,4.79549474076678,4.8925,0.0634,4.7678,5.0162,1,1,8.41991048086296,8.3973,0.0931,8.2137,8.5806,1,1,6.27213639876793,6.3853,0.0718,6.2445,6.5264,1,1,9.29394031721092,9.306,0.0931,9.123,9.4886,1,1,7.10490577112262,7.2129,0.0714,7.0728,7.353,1,1,9.68083248283218,9.7259,0.0941,9.5397,9.9105,1,1,7.54002818053297,7.5822,0.0714,7.4431,7.7223,1,1,0.3,0.3028,0.0188,0.2672,0.3399,1,1,0.2,0.1937,0.0161,0.1629,0.2258,1,1,-0.15,-0.1445,0.0156,-0.1753,-0.1139,1,1,-0.1,-0.0933,0.0151,-0.1234,-0.0637,1,1,1.16975723241009,1.215,0.0481,1.1233,1.3123,1,1,0.818364051334181,0.8418,0.0381,0.7689,0.9182,1,1,1.77224917802126,1.8062,0.0636,1.6856,1.9346,1,1,1.22554713982381,1.3152,0.049,1.223,1.4148,1,1,1.92749400743346,1.9891,0.0687,1.8597,2.1289,1,1,1.39038469211727,1.5119,0.0538,1.41,1.622,0,1,1.96107469695758,2.0019,0.069,1.8717,2.1432,1,1,1.44296594681151,1.5028,0.0536,1.4022,1.6111,1,1,1.97661392972742,2.0156,0.0694,1.8834,2.1567,1,1,1.46479650840188,1.5101,0.0541,1.4076,1.6205,1,1,0.1,0.1006,0.0239,0.0576,0.1492,1,1,0.1,0.0934,0.0218,0.0544,0.1393,1,1,0.1,0.0912,0.02,0.0551,0.1316,1,1,0.1,0.1142,0.0216,0.0707,0.1548,1,1,1,0.9999,0.0166,0.9678,1.0332,1,1,1,1.0177,0.0162,0.9863,1.0499,1,1,0.3,0.2943,0.0119,0.2713,0.3178,1,1,0.3,0.2943,0.0119,0.2713,0.3178,1,1
14,3.38008587561722,3.2158,0.0581,3.1038,3.3308,0,1,2.6490919557642,2.6705,0.0447,2.5825,2.7579,1,1,6.5592497625802,6.3731,0.0851,6.2057,6.539,0,1,4.79549474076678,4.8087,0.0615,4.6885,4.9295,1,1,8.41991048086296,8.166,0.0927,7.9851,8.3467,0,1,6.27213639876793,6.3049,0.0662,6.1749,6.4358,1,1,9.29394031721092,9.0807,0.0932,8.8982,9.2645,0,1,7.10490577112262,7.117,0.0682,6.9826,7.2513,1,1,9.68083248283218,9.5195,0.0967,9.3299,9.709,1,1,7.54002818053297,7.5843,0.0709,7.4457,7.7223,1,1,0.3,0.28,0.0182,0.2433,0.3154,1,1,0.2,0.187,0.0171,0.1533,0.2203,1,1,-0.15,-0.1689,0.0141,-0.1966,-0.1415,1,1,-0.1,-0.12,0.0152,-0.1496,-0.0901,1,1,1.16975723241009,1.1688,0.0465,1.0802,1.2626,1,1,0.818364051334181,0.8634,0.0386,0.7894,0.9409,1,1,1.77224917802126,1.8127,0.0632,1.6941,1.9411,1,1,1.22554713982381,1.2844,0.0481,1.1932,1.3823,1,1,1.92749400743346,1.9958,0.0682,1.8676,2.1336,1,1,1.39038469211727,1.392,0.0507,1.2956,1.4936,1,1,1.96107469695758,2.0078,0.0688,1.8775,2.1474,1,1,1.44296594681151,1.4355,0.0517,1.3377,1.54,1,1,1.97661392972742,2.0834,0.0709,1.9488,2.228,1,1,1.46479650840188,1.4846,0.0532,1.3843,1.5931,1,1,0.1,0.094,0.0232,0.0526,0.1417,1,1,0.1,0.1182,0.0237,0.0719,0.1636,1,1,0.1,0.0871,0.0197,0.0525,0.1269,1,1,0.1,0.1277,0.0206,0.0841,0.1664,1,1,1,0.9969,0.0164,0.9654,1.0299,1,1,1,0.9789,0.0156,0.9488,1.01,1,1,0.3,0.2929,0.0113,0.2706,0.3152,1,1,0.3,0.2929,0.0113,0.2706,0.3152,1,1
15,3.38008587561722,3.3219,0.0577,3.2088,3.4342,1,1,2.6490919557642,2.6363,0.0452,2.5477,2.7252,1,1,6.5592497625802,6.4999,0.0826,6.3363,6.6609,1,1,4.79549474076678,4.8105,0.0602,4.6929,4.9284,1,1,8.41991048086296,8.4803,0.0885,8.306,8.6541,1,1,6.27213639876793,6.246,0.0671,6.1156,6.3778,1,1,9.29394031721092,9.2956,0.0861,9.127,9.4646,1,1,7.10490577112262,7.0687,0.0684,6.9351,7.2027,1,1,9.68083248283218,9.6967,0.0887,9.5227,9.8712,1,1,7.54002818053297,7.5414,0.0678,7.4078,7.675,1,1,0.3,0.2772,0.0184,0.2413,0.3139,1,1,0.2,0.207,0.0166,0.175,0.2406,1,1,-0.15,-0.167,0.0154,-0.1973,-0.1372,1,1,-0.1,-0.103,0.0148,-0.1323,-0.0744,1,1,1.16975723241009,1.1622,0.0465,1.0737,1.2553,1,1,0.818364051334181,0.8578,0.0382,0.7843,0.9339,1,1,1.77224917802126,1.7553,0.0617,1.638,1.8795,1,1,1.22554713982381,1.2425,0.0467,1.1543,1.3375,1,1,1.92749400743346,1.893,0.0657,1.768,2.0254,1,1,1.39038469211727,1.3985,0.051,1.3025,1.5024,1,1,1.96107469695758,1.8413,0.064,1.7209,1.972,1,1,1.44296594681151,1.4318,0.0519,1.3336,1.5371,1,1,1.97661392972742,1.9126,0.0664,1.7859,2.0474,1,1,1.46479650840188,1.4297,0.0517,1.3314,1.5345,1,1,0.1,0.1116,0.0269,0.0598,0.1645,1,1,0.1,0.092,0.0223,0.0517,0.1366,1,1,0.1,0.1221,0.022,0.0765,0.1643,1,1,0.1,0.1059,0.0215,0.0616,0.1464,1,1,1,0.9838,0.0161,0.953,1.0159,1,1,1,0.9905,0.016,0.9595,1.0221,1,1,0.3,0.291,0.0115,0.2683,0.3136,1,1,0.3,0.291,0.0115,0.2683,0.3136,1,1
16,3.38008587561722,3.3377,0.0546,3.2311,3.4445,1,1,2.6490919557642,2.6149,0.0435,2.5292,2.7007,1,1,6.5592497625802,6.5126,0.0773,6.362,6.6654,1,1,4.79549474076678,4.7375,0.0593,4.6218,4.8547,1,1,8.41991048086296,8.3494,0.0836,8.1845,8.5129,1,1,6.27213639876793,6.2389,0.0645,6.1137,6.3647,1,1,9.29394031721092,9.2056,0.087,9.0345,9.3757,1,1,7.10490577112262,6.9874,0.0686,6.8524,7.1214,1,1,9.68083248283218,9.5841,0.0851,9.4183,9.7502,1,1,7.54002818053297,7.4782,0.0688,7.3429,7.6128,1,1,0.3,0.31,0.0179,0.276,0.3462,1,1,0.2,0.2009,0.0169,0.1679,0.2343,1,1,-0.15,-0.1677,0.0152,-0.1975,-0.1377,1,1,-0.1,-0.1002,0.0146,-0.1291,-0.0716,1,1,1.16975723241009,1.0596,0.0452,0.9731,1.1501,0,1,0.818364051334181,0.8141,0.0377,0.7418,0.8891,1,1,1.77224917802126,1.6233,0.0585,1.5117,1.7428,0,1,1.22554713982381,1.2191,0.0464,1.1308,1.3131,1,1,1.92749400743346,1.7672,0.0624,1.6506,1.8947,0,1,1.39038469211727,1.3362,0.0494,1.2419,1.4357,1,1,1.96107469695758,1.8632,0.065,1.7401,1.9948,1,1,1.44296594681151,1.4283,0.0516,1.3309,1.5325,1,1,1.97661392972742,1.8001,0.0633,1.6803,1.93,0,1,1.46479650840188,1.4463,0.052,1.3488,1.5525,1,1,0.1,0.1051,0.0263,0.0562,0.1554,1,1,0.1,0.0882,0.0228,0.0503,0.1365,1,1,0.1,0.1087,0.0215,0.0674,0.1503,1,1,0.1,0.096,0.0206,0.0569,0.1364,1,1,1,1.0133,0.0166,0.9813,1.0461,1,1,1,0.9899,0.0159,0.959,1.0221,1,1,0.3,0.2915,0.0116,0.269,0.3145,1,1,0.3,0.2915,0.0116,0.269,0.3145,1,1
17,3.38008587561722,3.3445,0.0573,3.2322,3.4566,1,1,2.6490919557642,2.6276,0.044,2.5412,2.7137,1,1,6.5592497625802,6.4974,0.0836,6.3333,6.6591,1,1,4.79549474076678,4.756,0.0611,4.6369,4.877,1,1,8.41991048086296,8.402,0.092,8.2222,8.5821,1,1,6.27213639876793,6.2766,0.0681,6.143,6.4109,1,1,9.29394031721092,9.319,0.0927,9.1368,9.5023,1,1,7.10490577112262,7.0848,0.07,6.9473,7.2216,1,1,9.68083248283218,9.7395,0.0934,9.5568,9.923,1,1,7.54002818053297,7.5467,0.0716,7.4076,7.6874,1,1,0.3,0.3005,0.018,0.2654,0.3358,1,1,0.2,0.2062,0.0172,0.1723,0.2405,1,1,-0.15,-0.1569,0.0155,-0.1872,-0.1263,1,1,-0.1,-0.1039,0.0148,-0.1324,-0.0751,1,1,1.16975723241009,1.1345,0.0462,1.0471,1.2283,1,1,0.818364051334181,0.8299,0.0381,0.7567,0.9055,1,1,1.77224917802126,1.7779,0.0626,1.6591,1.9051,1,1,1.22554713982381,1.2591,0.0471,1.1702,1.3544,1,1,1.92749400743346,1.9643,0.0682,1.8353,2.1021,1,1,1.39038469211727,1.4242,0.0516,1.3261,1.5279,1,1,1.96107469695758,1.9886,0.069,1.8588,2.1281,1,1,1.44296594681151,1.473,0.053,1.3727,1.5809,1,1,1.97661392972742,2.013,0.069,1.8824,2.1523,1,1,1.46479650840188,1.5078,0.0537,1.4054,1.6169,1,1,0.1,0.0814,0.0205,0.0459,0.1244,1,1,0.1,0.0978,0.0228,0.0565,0.1438,1,1,0.1,0.1124,0.0202,0.0738,0.1516,1,1,0.1,0.1082,0.0208,0.0669,0.1482,1,1,1,1.007,0.0165,0.9752,1.04,1,1,1,1.0002,0.0162,0.9691,1.0326,1,1,0.3,0.3194,0.0118,0.2965,0.3428,1,1,0.3,0.3194,0.0118,0.2965,0.3428,1,1
18,3.38008587561722,3.4127,0.0575,3.3,3.5258,1,1,2.6490919557642,2.6105,0.0428,2.5269,2.6943,1,1,6.5592497625802,6.5434,0.0807,6.3862,6.7009,1,1,4.79549474076678,4.8023,0.0607,4.6823,4.9213,1,1,8.41991048086296,8.3116,0.0871,8.1427,8.4834,1,1,6.27213639876793,6.2314,0.0673,6.0994,6.3631,1,1,9.29394031721092,9.1838,0.0858,9.0158,9.3523,1,1,7.10490577112262,7.0929,0.0703,6.9564,7.2309,1,1,9.68083248283218,9.5626,0.0851,9.3957,9.7297,1,1,7.54002818053297,7.5042,0.0704,7.3666,7.6426,1,1,0.3,0.3059,0.0184,0.2701,0.3421,1,1,0.2,0.2115,0.0175,0.1772,0.2461,1,1,-0.15,-0.1398,0.0152,-0.169,-0.1098,1,1,-0.1,-0.0832,0.0145,-0.1116,-0.0552,1,1,1.16975723241009,1.1501,0.0463,1.062,1.2433,1,1,0.818364051334181,0.7959,0.0381,0.7226,0.872,1,1,1.77224917802126,1.7042,0.0605,1.5891,1.8263,1,1,1.22554713982381,1.2421,0.0476,1.1516,1.3378,1,1,1.92749400743346,1.8547,0.0646,1.7328,1.9853,1,1,1.39038469211727,1.4089,0.0518,1.3108,1.514,1,1,1.96107469695758,1.8299,0.064,1.7084,1.9608,0,1,1.44296594681151,1.4769,0.0534,1.376,1.5855,1,1,1.97661392972742,1.8212,0.064,1.6997,1.9512,0,1,1.46479650840188,1.4847,0.0539,1.3836,1.5933,1,1,0.1,0.0972,0.0228,0.0551,0.1427,1,1,0.1,0.1068,0.0263,0.0592,0.1598,1,1,0.1,0.1029,0.0222,0.0575,0.1449,1,1,0.1,0.0744,0.0168,0.0454,0.111,1,1,1,1.0187,0.0167,0.9862,1.052,1,1,1,1.0249,0.0165,0.9928,1.0577,1,1,0.3,0.3332,0.0119,0.3099,0.357,0,1,0.3,0.3332,0.0119,0.3099,0.357,0,1
19,3.38008587561722,3.4173,0.0563,3.3073,3.5277,1,1,2.6490919557642,2.5978,0.042,2.5155,2.6801,1,1,6.5592497625802,6.6105,0.0824,6.4501,6.7712,1,1,4.79549474076678,4.766,0.0559,4.6572,4.876,1,1,8.41991048086296,8.4307,0.0875,8.2584,8.6015,1,1,6.27213639876793,6.1967,0.0647,6.0695,6.3229,1,1,9.29394031721092,9.2879,0.0876,9.117,9.4602,1,1,7.10490577112262,7.0588,0.0696,6.9227,7.1947,1,1,9.68083248283218,9.65,0.0918,9.4718,9.8294,1,1,7.54002818053297,7.5138,0.0707,7.375,7.6512,1,1,0.3,0.2695,0.0179,0.2353,0.3052,1,1,0.2,0.2117,0.018,0.1765,0.247,1,1,-0.15,-0.1403,0.0153,-0.1703,-0.1102,1,1,-0.1,-0.0775,0.0148,-0.1069,-0.0489,1,1,1.16975723241009,1.1227,0.0447,1.0374,1.2125,1,1,0.818364051334181,0.7769,0.0382,0.7035,0.8534,1,1,1.77224917802126,1.7504,0.0613,1.6349,1.8753,1,1,1.22554713982381,1.1244,0.0455,1.0375,1.215,0,1,1.92749400743346,1.8673,0.0646,1.7461,1.999,1,1,1.39038469211727,1.346,0.0503,1.2503,1.4484,1,1,1.96107469695758,1.8877,0.065,1.7645,2.0188,1,1,1.44296594681151,1.4536,0.053,1.3526,1.5601,1,1,1.97661392972742,1.9693,0.0674,1.8411,2.1071,1,1,1.46479650840188,1.4753,0.0533,1.3748,1.5828,1,1,0.1,0.0904,0.0235,0.05,0.1401,1,1,0.1,0.1467,0.0238,0.0959,0.1891,1,1,0.1,0.1151,0.0208,0.0753,0.1544,1,1,0.1,0.1,0.0212,0.0573,0.1404,1,1,1,0.9844,0.0161,0.9535,1.0167,1,1,1,0.9874,0.0162,0.9561,1.0198,1,1,0.3,0.297,0.0116,0.2746,0.3201,1,1,0.3,0.297,0.0116,0.2746,0.3201,1,1
20,3.38008587561722,3.4605,0.0607,3.3414,3.5795,1,1,2.6490919557642,2.604,0.0449,2.5162,2.693,1,1,6.5592497625802,6.6657,0.0878,6.494,6.837,1,1,4.79549474076678,4.7131,0.0595,4.5975,4.8289,1,1,8.41991048086296,8.5198,0.0913,8.3396,8.6964,1,1,6.27213639876793,6.1917,0.0669,6.0602,6.3226,1,1,9.29394031721092,9.3966,0.0952,9.2083,9.5842,1,1,7.10490577112262,7.0338,0.0695,6.8962,7.1705,1,1,9.68083248283218,9.7806,0.0964,9.5918,9.9696,1,1,7.54002818053297,7.4742,0.0686,7.3403,7.6091,1,1,0.3,0.3438,0.0177,0.3084,0.3791,0,1,0.2,0.1885,0.0163,0.1568,0.2205,1,1,-0.15,-0.1428,0.0147,-0.1711,-0.1134,1,1,-0.1,-0.1042,0.0142,-0.1317,-0.0758,1,1,1.16975723241009,1.2083,0.0488,1.1157,1.3077,1,1,0.818364051334181,0.8496,0.0383,0.777,0.9269,1,1,1.77224917802126,1.8625,0.0657,1.7381,1.9941,1,1,1.22554713982381,1.2186,0.046,1.1311,1.3117,1,1,1.92749400743346,1.9462,0.0677,1.8188,2.0848,1,1,1.39038469211727,1.3948,0.0507,1.2989,1.4975,1,1,1.96107469695758,2.0433,0.0708,1.9095,2.1873,1,1,1.44296594681151,1.4609,0.0524,1.3621,1.5666,1,1,1.97661392972742,2.0743,0.0716,1.9378,2.2194,1,1,1.46479650840188,1.4499,0.0522,1.3511,1.5547,1,1,0.1,0.0869,0.0226,0.0485,0.1347,1,1,0.1,0.0895,0.022,0.0503,0.1356,1,1,0.1,0.0879,0.0197,0.0527,0.1277,1,1,0.1,0.0658,0.0142,0.042,0.0955,0,1,1,1.0277,0.0169,0.9956,1.0613,1,1,1,1.0162,0.0162,0.9853,1.0486,1,1,0.3,0.3071,0.0119,0.2841,0.3305,1,1,0.3,0.3071,0.0119,0.2841,0.3305,1,1
21,3.38008587561722,3.4212,0.0591,3.3047,3.5369,1,1,2.6490919557642,2.6252,0.0407,2.5451,2.7053,1,1,6.5592497625802,6.6587,0.0859,6.4909,6.8271,1,1,4.79549474076678,4.8397,0.0583,4.7252,4.9537,1,1,8.41991048086296,8.4248,0.0912,8.247,8.6023,1,1,6.27213639876793,6.264,0.0656,6.1362,6.3936,1,1,9.29394031721092,9.2456,0.0914,9.067,9.4256,1,1,7.10490577112262,7.1062,0.0687,6.9717,7.2401,1,1,9.68083248283218,9.6321,0.0917,9.4538,9.8139,1,1,7.54002818053297,7.5083,0.0682,7.3737,7.6426,1,1,0.3,0.2967,0.0179,0.2623,0.3326,1,1,0.2,0.2017,0.0166,0.169,0.2343,1,1,-0.15,-0.1707,0.0154,-0.201,-0.1409,1,1,-0.1,-0.0954,0.014,-0.1232,-0.0685,1,1,1.16975723241009,1.1861,0.0473,1.0967,1.2816,1,1,0.818364051334181,0.7413,0.0365,0.6721,0.8143,0,1,1.77224917802126,1.8316,0.0641,1.7104,1.963,1,1,1.22554713982381,1.1837,0.0458,1.0963,1.2764,1,1,1.92749400743346,1.9453,0.0675,1.8171,2.0816,1,1,1.39038469211727,1.3556,0.0502,1.2598,1.4572,1,1,1.96107469695758,1.9608,0.068,1.8324,2.0985,1,1,1.44296594681151,1.4325,0.0524,1.3334,1.538,1,1,1.97661392972742,1.962,0.0676,1.8353,2.0991,1,1,1.46479650840188,1.4138,0.0518,1.3158,1.5194,1,1,0.1,0.0944,0.0234,0.0522,0.1425,1,1,0.1,0.1038,0.0228,0.059,0.1482,1,1,0.1,0.1056,0.0217,0.0632,0.147,1,1,0.1,0.0822,0.0176,0.0498,0.1175,1,1,1,1.0097,0.0165,0.978,1.043,1,1,1,1.034,0.0166,1.0018,1.0672,0,1,0.3,0.2988,0.012,0.2755,0.3224,1,1,0.3,0.2988,0.012,0.2755,0.3224,1,1
22,3.38008587561722,3.353,0.0574,3.2404,3.4651,1,1,2.6490919557642,2.6507,0.0452,2.5619,2.7391,1,1,6.5592497625802,6.5129,0.0811,6.355,6.6711,1,1,4.79549474076678,4.7982,0.0602,4.6798,4.9168,1,1,8.41991048086296,8.3295,0.0888,8.1546,8.5031,1,1,6.27213639876793,6.2921,0.0689,6.1578,6.4281,1,1,9.29394031721092,9.2282,0.0878,9.055,9.3989,1,1,7.10490577112262,7.1252,0.0715,6.9843,7.2643,1,1,9.68083248283218,9.5519,0.0884,9.3792,9.7252,1,1,7.54002818053297,7.6101,0.0696,7.4732,7.7477,1,1,0.3,0.3072,0.0185,0.2711,0.3438,1,1,0.2,0.1877,0.0168,0.1538,0.2199,1,1,-0.15,-0.1374,0.0155,-0.1675,-0.1065,1,1,-0.1,-0.1013,0.0141,-0.1292,-0.0742,1,1,1.16975723241009,1.1369,0.0462,1.0492,1.2306,1,1,0.818364051334181,0.8647,0.0383,0.7912,0.9404,1,1,1.77224917802126,1.7183,0.061,1.6017,1.8414,1,1,1.22554713982381,1.2396,0.0468,1.1509,1.3347,1,1,1.92749400743346,1.9035,0.0658,1.7798,2.0365,1,1,1.39038469211727,1.4465,0.0518,1.3485,1.5521,1,1,1.96107469695758,1.8721,0.0648,1.7502,2.0028,1,1,1.44296594681151,1.5031,0.0536,1.4021,1.6123,1,1,1.97661392972742,1.8907,0.0663,1.765,2.0258,1,1,1.46479650840188,1.4686,0.0524,1.3699,1.5742,1,1,0.1,0.1014,0.0225,0.0591,0.1458,1,1,0.1,0.088,0.0221,0.0504,0.1329,1,1,0.1,0.1192,0.0208,0.0779,0.1591,1,1,0.1,0.0743,0.0171,0.0451,0.1112,1,1,1,0.9964,0.0163,0.9649,1.0289,1,1,1,1.0052,0.0161,0.9742,1.0369,1,1,0.3,0.302,0.0117,0.2794,0.325,1,1,0.3,0.302,0.0117,0.2794,0.325,1,1
23,3.38008587561722,3.3671,0.0556,3.2575,3.4753,1,1,2.6490919557642,2.6113,0.0444,2.5235,2.6978,1,1,6.5592497625802,6.6724,0.0821,6.5116,6.8332,1,1,4.79549474076678,4.7557,0.0588,4.6399,4.871,1,1,8.41991048086296,8.5017,0.087,8.3305,8.6717,1,1,6.27213639876793,6.1656,0.0641,6.039,6.2913,1,1,9.29394031721092,9.3926,0.0897,9.2157,9.5683,1,1,7.10490577112262,7.0968,0.0675,6.9637,7.2281,1,1,9.68083248283218,9.7899,0.0867,9.6195,9.9598,1,1,7.54002818053297,7.53,0.0676,7.3978,7.6631,1,1,0.3,0.3104,0.0184,0.2741,0.3465,1,1,0.2,0.1853,0.0163,0.1534,0.2171,1,1,-0.15,-0.1702,0.0152,-0.2004,-0.1404,1,1,-0.1,-0.0898,0.014,-0.1175,-0.0622,1,1,1.16975723241009,1.1009,0.0455,1.0149,1.1932,1,1,0.818364051334181,0.8449,0.0376,0.7736,0.9211,1,1,1.77224917802126,1.7411,0.0618,1.6233,1.8653,1,1,1.22554713982381,1.2069,0.0455,1.1206,1.299,1,1,1.92749400743346,1.8414,0.0643,1.7197,1.9706,1,1,1.39038469211727,1.3339,0.049,1.2409,1.4329,1,1,1.96107469695758,1.9106,0.0666,1.7853,2.0461,1,1,1.44296594681151,1.417,0.0515,1.3199,1.522,1,1,1.97661392972742,1.8377,0.0641,1.7162,1.9685,0,1,1.46479650840188,1.4174,0.0515,1.3196,1.5219,1,1,0.1,0.1106,0.0238,0.0649,0.1557,1,1,0.1,0.0929,0.0224,0.0521,0.138,1,1,0.1,0.1004,0.0217,0.0581,0.1421,1,1,0.1,0.0778,0.0169,0.0483,0.1122,1,1,1,0.9865,0.0162,0.9554,1.0187,1,1,1,1.0055,0.016,0.9746,1.0376,1,1,0.3,0.3004,0.0116,0.2779,0.3234,1,1,0.3,0.3004,0.0116,0.2779,0.3234,1,1
24,3.38008587561722,3.3963,0.0576,3.2831,3.5088,1,1,2.6490919557642,2.6162,0.0427,2.5322,2.6992,1,1,6.5592497625802,6.5627,0.081,6.405,6.7236,1,1,4.79549474076678,4.7925,0.0588,4.6781,4.9079,1,1,8.41991048086296,8.4349,0.0859,8.2658,8.6047,1,1,6.27213639876793,6.2841,0.0656,6.1552,6.4132,1,1,9.29394031721092,9.371,0.0924,9.1896,9.5529,1,1,7.10490577112262,7.1342,0.0689,6.9992,7.2677,1,1,9.68083248283218,9.723,0.0886,9.5487,9.8953,1,1,7.54002818053297,7.5649,0.0716,7.425,7.7047,1,1,0.3,0.2926,0.0192,0.256,0.3308,1,1,0.2,0.1886,0.0161,0.1566,0.2198,1,1,-0.15,-0.1502,0.0147,-0.179,-0.1213,1,1,-0.1,-0.0957,0.0152,-0.1257,-0.066,1,1,1.16975723241009,1.1533,0.0466,1.0648,1.2482,1,1,0.818364051334181,0.8001,0.0369,0.7297,0.8742,1,1,1.77224917802126,1.7081,0.0608,1.5935,1.831,1,1,1.22554713982381,1.2148,0.046,1.1278,1.3082,1,1,1.92749400743346,1.8372,0.0642,1.716,1.9684,1,1,1.39038469211727,1.3675,0.0496,1.2733,1.4675,1,1,1.96107469695758,1.9712,0.0682,1.8417,2.1099,1,1,1.44296594681151,1.4616,0.0523,1.362,1.5675,1,1,1.97661392972742,1.9084,0.0666,1.7826,2.0431,1,1,1.46479650840188,1.5072,0.0536,1.4062,1.616,1,1,0.1,0.0996,0.0246,0.0553,0.1487,1,1,0.1,0.094,0.0217,0.0549,0.1376,1,1,0.1,0.0944,0.02,0.0563,0.1341,1,1,0.1,0.1132,0.0206,0.0719,0.1515,1,1,1,1.0005,0.0167,0.9683,1.0337,1,1,1,0.9989,0.0158,0.9685,1.0305,1,1,0.3,0.3002,0.0116,0.2778,0.3232,1,1,0.3,0.3002,0.0116,0.2778,0.3232,1,1
25,3.38008587561722,3.3731,0.0598,3.2566,3.49,1,1,2.6490919557642,2.6941,0.0455,2.6059,2.783,1,1,6.5592497625802,6.4861,0.0868,6.316,6.6558,1,1,4.79549474076678,4.8682,0.0597,4.7499,4.9849,1,1,8.41991048086296,8.3189,0.0924,8.1368,8.5008,1,1,6.27213639876793,6.3381,0.0681,6.2043,6.4715,1,1,9.29394031721092,9.191,0.0943,9.0071,9.3753,1,1,7.10490577112262,7.1805,0.0695,7.0447,7.316,1,1,9.68083248283218,9.5365,0.0959,9.3487,9.7236,1,1,7.54002818053297,7.577,0.0702,7.4387,7.7145,1,1,0.3,0.2874,0.0184,0.251,0.3238,1,1,0.2,0.1976,0.018,0.163,0.2331,1,1,-0.15,-0.1286,0.0159,-0.1592,-0.0968,1,1,-0.1,-0.076,0.0139,-0.1039,-0.0494,1,1,1.16975723241009,1.2113,0.0472,1.1212,1.3066,1,1,0.818364051334181,0.8623,0.0385,0.7887,0.9398,1,1,1.77224917802126,1.8511,0.0644,1.7283,1.9824,1,1,1.22554713982381,1.2156,0.0466,1.1279,1.3106,1,1,1.92749400743346,1.9763,0.0684,1.8466,2.1153,1,1,1.39038469211727,1.4268,0.0526,1.3264,1.5326,1,1,1.96107469695758,2.0175,0.0694,1.8867,2.1591,1,1,1.44296594681151,1.4567,0.0526,1.3577,1.5633,1,1,1.97661392972742,2.0646,0.0705,1.9304,2.2096,1,1,1.46479650840188,1.479,0.0536,1.3778,1.5874,1,1,0.1,0.1152,0.0261,0.0632,0.1646,1,1,0.1,0.1519,0.0223,0.1055,0.1935,0,1,0.1,0.1338,0.0201,0.0936,0.172,1,1,0.1,0.0872,0.019,0.0527,0.1257,1,1,1,0.9886,0.0161,0.9575,1.0208,1,1,1,1.0066,0.0163,0.9751,1.039,1,1,0.3,0.3054,0.0117,0.2829,0.3286,1,1,0.3,0.3054,0.0117,0.2829,0.3286,1,1
26,3.38008587561722,3.3688,0.0574,3.2563,3.4813,1,1,2.6490919557642,2.6082,0.0423,2.5259,2.691,1,1,6.5592497625802,6.6327,0.0816,6.473,6.7932,1,1,4.79549474076678,4.7051,0.0587,4.5905,4.8206,1,1,8.41991048086296,8.3592,0.0893,8.1836,8.5342,1,1,6.27213639876793,6.2101,0.0649,6.0837,6.3382,1,1,9.29394031721092,9.282,0.0908,9.104,9.4603,1,1,7.10490577112262,7.0696,0.0681,6.9365,7.2034,1,1,9.68083248283218,9.6634,0.0929,9.481,9.8457,1,1,7.54002818053297,7.4775,0.0682,7.3438,7.611,1,1,0.3,0.2912,0.0181,0.2565,0.3273,1,1,0.2,0.2034,0.0169,0.1709,0.2363,1,1,-0.15,-0.1378,0.0152,-0.168,-0.1083,1,1,-0.1,-0.0838,0.0151,-0.113,-0.0541,1,1,1.16975723241009,1.1362,0.0458,1.0496,1.2299,1,1,0.818364051334181,0.7877,0.0367,0.7178,0.8606,1,1,1.77224917802126,1.7357,0.0613,1.619,1.8607,1,1,1.22554713982381,1.2013,0.0457,1.114,1.2934,1,1,1.92749400743346,1.9068,0.0657,1.783,2.04,1,1,1.39038469211727,1.3577,0.0495,1.2638,1.4578,1,1,1.96107469695758,1.9608,0.0677,1.8339,2.1005,1,1,1.44296594681151,1.4364,0.0514,1.339,1.5403,1,1,1.97661392972742,1.9917,0.0682,1.8636,2.13,1,1,1.46479650840188,1.4276,0.0513,1.3309,1.5317,1,1,0.1,0.079,0.0202,0.0457,0.1234,1,1,0.1,0.0944,0.0218,0.0556,0.139,1,1,0.1,0.095,0.0204,0.0561,0.1353,1,1,0.1,0.1127,0.0213,0.0686,0.1523,1,1,1,0.9923,0.0165,0.9606,1.0253,1,1,1,0.9781,0.0157,0.9479,1.0094,1,1,0.3,0.292,0.0116,0.2693,0.315,1,1,0.3,0.292,0.0116,0.2693,0.315,1,1
27,3.38008587561722,3.3018,0.0565,3.1912,3.4119,1,1,2.6490919557642,2.5547,0.0432,2.4693,2.639,0,1,6.5592497625802,6.4233,0.0842,6.2579,6.5891,1,1,4.79549474076678,4.735,0.0597,4.6184,4.8529,1,1,8.41991048086296,8.2207,0.0904,8.0424,8.3964,0,1,6.27213639876793,6.1735,0.0643,6.0478,6.2988,1,1,9.29394031721092,9.1441,0.0921,8.9636,9.3234,1,1,7.10490577112262,7.0213,0.067,6.8893,7.1533,1,1,9.68083248283218,9.5095,0.0914,9.3296,9.688,1,1,7.54002818053297,7.4261,0.0685,7.292,7.5612,1,1,0.3,0.2974,0.0186,0.261,0.3351,1,1,0.2,0.1967,0.0167,0.1642,0.2297,1,1,-0.15,-0.1613,0.015,-0.1908,-0.1319,1,1,-0.1,-0.0902,0.0148,-0.1194,-0.0611,1,1,1.16975723241009,1.1242,0.0454,1.0389,1.2161,1,1,0.818364051334181,0.8105,0.0378,0.7374,0.886,1,1,1.77224917802126,1.7876,0.0627,1.6683,1.9145,1,1,1.22554713982381,1.2311,0.0468,1.1423,1.3249,1,1,1.92749400743346,1.9392,0.0677,1.8112,2.0761,1,1,1.39038469211727,1.3384,0.0493,1.246,1.4385,1,1,1.96107469695758,1.9773,0.0687,1.8483,2.1173,1,1,1.44296594681151,1.4092,0.0514,1.3111,1.513,1,1,1.97661392972742,1.9505,0.0679,1.8223,2.0893,1,1,1.46479650840188,1.44,0.0517,1.3415,1.5443,1,1,0.1,0.0897,0.023,0.0493,0.1363,1,1,0.1,0.1023,0.0253,0.0553,0.152,1,1,0.1,0.1119,0.0212,0.0696,0.1524,1,1,0.1,0.1044,0.0208,0.0637,0.1439,1,1,1,1.003,0.0167,0.9709,1.0365,1,1,1,0.9777,0.0158,0.9471,1.009,1,1,0.3,0.3018,0.0116,0.2792,0.3248,1,1,0.3,0.3018,0.0116,0.2792,0.3248,1,1
28,3.38008587561722,3.3704,0.0564,3.2605,3.4805,1,1,2.6490919557642,2.6304,0.0417,2.5472,2.7116,1,1,6.5592497625802,6.5416,0.0814,6.382,6.7017,1,1,4.79549474076678,4.803,0.0582,4.6887,4.9166,1,1,8.41991048086296,8.3381,0.0883,8.165,8.5107,1,1,6.27213639876793,6.2706,0.0641,6.1445,6.3957,1,1,9.29394031721092,9.1789,0.0891,9.0025,9.3538,1,1,7.10490577112262,7.1119,0.0664,6.982,7.2418,1,1,9.68083248283218,9.5732,0.0902,9.3973,9.749,1,1,7.54002818053297,7.5713,0.0678,7.4374,7.7045,1,1,0.3,0.29,0.0177,0.256,0.3243,1,1,0.2,0.187,0.017,0.1533,0.2197,1,1,-0.15,-0.1546,0.0144,-0.1825,-0.1259,1,1,-0.1,-0.0967,0.0146,-0.1248,-0.0683,1,1,1.16975723241009,1.1247,0.0453,1.0385,1.216,1,1,0.818364051334181,0.7709,0.0362,0.7013,0.8428,1,1,1.77224917802126,1.7124,0.0606,1.5975,1.8353,1,1,1.22554713982381,1.1898,0.045,1.1051,1.2816,1,1,1.92749400743346,1.8872,0.0657,1.7625,2.0199,1,1,1.39038469211727,1.3355,0.0485,1.2436,1.4336,1,1,1.96107469695758,1.9168,0.0664,1.7911,2.0508,1,1,1.44296594681151,1.387,0.0504,1.2923,1.4897,1,1,1.97661392972742,1.9299,0.066,1.8043,2.0638,1,1,1.46479650840188,1.43,0.0513,1.3336,1.5336,1,1,0.1,0.0712,0.0173,0.0433,0.11,1,1,0.1,0.1105,0.0229,0.0654,0.1545,1,1,0.1,0.0755,0.0168,0.0471,0.1108,1,1,0.1,0.0905,0.02,0.0528,0.1301,1,1,1,0.989,0.0163,0.9579,1.0211,1,1,1,0.9797,0.0155,0.9499,1.0107,1,1,0.3,0.2929,0.0113,0.2711,0.315,1,1,0.3,0.2929,0.0113,0.2711,0.315,1,1
29,3.38008587561722,3.4122,0.0587,3.2974,3.5267,1,1,2.6490919557642,2.6551,0.0439,2.5691,2.7408,1,1,6.5592497625802,6.583,0.0846,6.4174,6.7511,1,1,4.79549474076678,4.7996,0.0597,4.6837,4.9168,1,1,8.41991048086296,8.3628,0.09,8.1867,8.539,1,1,6.27213639876793,6.3341,0.0667,6.203,6.4644,1,1,9.29394031721092,9.1287,0.0936,8.9441,9.311,1,1,7.10490577112262,7.1712,0.0712,7.0315,7.3101,1,1,9.68083248283218,9.5269,0.0915,9.348,9.7046,1,1,7.54002818053297,7.607,0.0704,7.4679,7.7457,1,1,0.3,0.2852,0.0188,0.2485,0.3224,1,1,0.2,0.215,0.0168,0.1821,0.2485,1,1,-0.15,-0.121,0.0152,-0.1505,-0.0912,1,1,-0.1,-0.1021,0.0147,-0.1309,-0.0735,1,1,1.16975723241009,1.1734,0.047,1.084,1.268,1,1,0.818364051334181,0.826,0.0378,0.7533,0.9022,1,1,1.77224917802126,1.7959,0.0631,1.677,1.9243,1,1,1.22554713982381,1.2205,0.0466,1.1322,1.3144,1,1,1.92749400743346,1.9247,0.0665,1.7986,2.0598,1,1,1.39038469211727,1.3734,0.0503,1.2787,1.4748,1,1,1.96107469695758,2.0127,0.0688,1.8825,2.1541,1,1,1.44296594681151,1.4883,0.0536,1.3868,1.5972,1,1,1.97661392972742,1.9549,0.0673,1.8285,2.0922,1,1,1.46479650840188,1.4737,0.0526,1.3746,1.5796,1,1,0.1,0.1442,0.022,0.0995,0.1865,1,1,0.1,0.0794,0.0198,0.0459,0.1212,1,1,0.1,0.0917,0.0199,0.0536,0.131,1,1,0.1,0.0835,0.0188,0.0503,0.1223,1,1,1,1.0013,0.0164,0.9697,1.0339,1,1,1,1.017,0.0162,0.9855,1.0493,1,1,0.3,0.3146,0.0119,0.2915,0.3381,1,1,0.3,0.3146,0.0119,0.2915,0.3381,1,1
30,3.38008587561722,3.3367,0.0594,3.2207,3.4551,1,1,2.6490919557642,2.6676,0.0443,2.5801,2.7536,1,1,6.5592497625802,6.522,0.0867,6.3514,6.6918,1,1,4.79549474076678,4.8086,0.0577,4.6956,4.9217,1,1,8.41991048086296,8.3347,0.0912,8.1567,8.5136,1,1,6.27213639876793,6.3007,0.0667,6.1704,6.4296,1,1,9.29394031721092,9.2226,0.0905,9.045,9.4001,1,1,7.10490577112262,7.0955,0.0683,6.9605,7.2285,1,1,9.68083248283218,9.6383,0.0942,9.4519,9.8225,1,1,7.54002818053297,7.5182,0.0693,7.3833,7.6542,1,1,0.3,0.2826,0.0178,0.2484,0.3183,1,1,0.2,0.2046,0.0177,0.1703,0.2402,1,1,-0.15,-0.1579,0.0155,-0.1874,-0.1272,1,1,-0.1,-0.1038,0.0145,-0.1322,-0.0758,1,1,1.16975723241009,1.2108,0.0473,1.1219,1.3067,1,1,0.818364051334181,0.8224,0.0382,0.7486,0.8991,1,1,1.77224917802126,1.8609,0.0643,1.7396,1.991,1,1,1.22554713982381,1.171,0.0459,1.084,1.2637,1,1,1.92749400743346,1.9547,0.067,1.8273,2.0898,1,1,1.39038469211727,1.3824,0.0509,1.2861,1.4855,1,1,1.96107469695758,1.9438,0.0667,1.8185,2.0784,1,1,1.44296594681151,1.4285,0.0517,1.3304,1.533,1,1,1.97661392972742,2.0217,0.0691,1.891,2.1615,1,1,1.46479650840188,1.455,0.0526,1.3555,1.5612,1,1,0.1,0.0968,0.0241,0.0526,0.1454,1,1,0.1,0.1327,0.024,0.0817,0.1776,1,1,0.1,0.0836,0.0189,0.0496,0.1223,1,1,0.1,0.0964,0.0206,0.0573,0.137,1,1,1,0.9775,0.016,0.9466,1.0092,1,1,1,1.006,0.016,0.9753,1.0382,1,1,0.3,0.3064,0.0116,0.2839,0.3293,1,1,0.3,0.3064,0.0116,0.2839,0.3293,1,1
31,3.38008587561722,3.3651,0.0602,3.2458,3.4826,1,1,2.6490919557642,2.6344,0.0443,2.5466,2.7212,1,1,6.5592497625802,6.4857,0.0834,6.3223,6.6483,1,1,4.79549474076678,4.771,0.0609,4.652,4.8903,1,1,8.41991048086296,8.3569,0.0908,8.178,8.5342,1,1,6.27213639876793,6.2577,0.0671,6.1269,6.3883,1,1,9.29394031721092,9.2264,0.0929,9.0437,9.4088,1,1,7.10490577112262,7.075,0.0687,6.9393,7.2083,1,1,9.68083248283218,9.6013,0.0961,9.4142,9.7912,1,1,7.54002818053297,7.5231,0.0678,7.3901,7.6556,1,1,0.3,0.3054,0.0181,0.2705,0.3416,1,1,0.2,0.1727,0.0163,0.142,0.2051,1,1,-0.15,-0.1212,0.015,-0.1504,-0.0912,1,1,-0.1,-0.0787,0.0144,-0.1073,-0.05,1,1,1.16975723241009,1.2046,0.0478,1.1137,1.3008,1,1,0.818364051334181,0.8436,0.0371,0.7727,0.918,1,1,1.77224917802126,1.7793,0.0625,1.6613,1.9046,1,1,1.22554713982381,1.2553,0.0466,1.1674,1.3499,1,1,1.92749400743346,1.9333,0.0672,1.806,2.0694,1,1,1.39038469211727,1.4158,0.0509,1.3197,1.5189,1,1,1.96107469695758,1.9951,0.0686,1.8656,2.1356,1,1,1.44296594681151,1.4486,0.0522,1.3501,1.5543,1,1,1.97661392972742,2.0636,0.071,1.93,2.2079,1,1,1.46479650840188,1.4138,0.0508,1.3178,1.5161,1,1,0.1,0.0939,0.0236,0.0526,0.1422,1,1,0.1,0.0975,0.022,0.0544,0.1406,1,1,0.1,0.0894,0.0203,0.0518,0.1297,1,1,0.1,0.0968,0.0201,0.0588,0.1366,1,1,1,1.001,0.0165,0.9688,1.034,1,1,1,0.9908,0.0158,0.9602,1.0229,1,1,0.3,0.3217,0.0118,0.2988,0.3451,1,1,0.3,0.3217,0.0118,0.2988,0.3451,1,1
32,3.38008587561722,3.3716,0.0575,3.2581,3.4839,1,1,2.6490919557642,2.6414,0.0435,2.5551,2.7266,1,1,6.5592497625802,6.5139,0.08,6.3574,6.6716,1,1,4.79549474076678,4.7617,0.0589,4.6465,4.8765,1,1,8.41991048086296,8.3308,0.0859,8.1642,8.4994,1,1,6.27213639876793,6.3267,0.0641,6.2012,6.4537,1,1,9.29394031721092,9.1854,0.0891,9.0123,9.3615,1,1,7.10490577112262,7.0871,0.0689,6.9515,7.2214,1,1,9.68083248283218,9.558,0.0912,9.3786,9.737,1,1,7.54002818053297,7.5645,0.0672,7.4323,7.6964,1,1,0.3,0.2702,0.0183,0.2345,0.3061,1,1,0.2,0.2236,0.017,0.1917,0.2575,1,1,-0.15,-0.1764,0.0148,-0.2053,-0.1479,1,1,-0.1,-0.0671,0.0147,-0.0959,-0.0388,0,1,1.16975723241009,1.1585,0.0458,1.0716,1.2505,1,1,0.818364051334181,0.8023,0.038,0.7286,0.8783,1,1,1.77224917802126,1.688,0.0597,1.5753,1.809,1,1,1.22554713982381,1.1996,0.0465,1.111,1.2934,1,1,1.92749400743346,1.8437,0.0645,1.7213,1.9753,1,1,1.39038469211727,1.3245,0.0498,1.2307,1.4245,1,1,1.96107469695758,1.8982,0.0657,1.7732,2.032,1,1,1.44296594681151,1.4425,0.0527,1.3419,1.5496,1,1,1.97661392972742,1.9523,0.067,1.8268,2.0895,1,1,1.46479650840188,1.4029,0.0515,1.3057,1.5076,1,1,0.1,0.0849,0.0206,0.0496,0.1292,1,1,0.1,0.11,0.0244,0.0623,0.1572,1,1,0.1,0.0899,0.0199,0.0538,0.1316,1,1,0.1,0.1113,0.0189,0.0741,0.1483,1,1,1,0.9822,0.0162,0.9514,1.0147,1,1,1,1.0175,0.0163,0.9859,1.0498,1,1,0.3,0.3062,0.0117,0.2837,0.3295,1,1,0.3,0.3062,0.0117,0.2837,0.3295,1,1
33,3.38008587561722,3.3505,0.0549,3.2425,3.4577,1,1,2.6490919557642,2.7081,0.043,2.6236,2.7926,1,1,6.5592497625802,6.4808,0.0801,6.3227,6.6396,1,1,4.79549474076678,4.8892,0.0599,4.7716,5.0066,1,1,8.41991048086296,8.3168,0.0837,8.1539,8.4813,1,1,6.27213639876793,6.2738,0.0648,6.1465,6.3999,1,1,9.29394031721092,9.2156,0.0868,9.0457,9.3869,1,1,7.10490577112262,7.1384,0.0666,7.0077,7.2677,1,1,9.68083248283218,9.5425,0.0901,9.3649,9.7183,1,1,7.54002818053297,7.6026,0.07,7.4644,7.7403,1,1,0.3,0.3031,0.0184,0.2678,0.3398,1,1,0.2,0.214,0.0168,0.1813,0.2473,1,1,-0.15,-0.16,0.0149,-0.1886,-0.1307,1,1,-0.1,-0.0963,0.0149,-0.1255,-0.0675,1,1,1.16975723241009,1.0793,0.0452,0.9933,1.1695,0,1,0.818364051334181,0.8008,0.0376,0.7292,0.8767,1,1,1.77224917802126,1.6906,0.0605,1.576,1.8141,1,1,1.22554713982381,1.2238,0.047,1.1351,1.3182,1,1,1.92749400743346,1.7806,0.0631,1.6615,1.9084,0,1,1.39038469211727,1.352,0.0502,1.2569,1.4533,1,1,1.96107469695758,1.8403,0.0643,1.7181,1.9704,1,1,1.44296594681151,1.3878,0.0504,1.293,1.4907,1,1,1.97661392972742,1.915,0.0667,1.7887,2.0508,1,1,1.46479650840188,1.4738,0.0537,1.3729,1.5823,1,1,0.1,0.0986,0.0242,0.0547,0.1478,1,1,0.1,0.1036,0.0236,0.0604,0.1506,1,1,0.1,0.1006,0.0214,0.0588,0.1416,1,1,0.1,0.093,0.0204,0.0557,0.133,1,1,1,1.0132,0.017,0.9808,1.0473,1,1,1,0.9854,0.0158,0.955,1.0169,1,1,0.3,0.3003,0.0116,0.2778,0.3231,1,1,0.3,0.3003,0.0116,0.2778,0.3231,1,1
34,3.38008587561722,3.2326,0.0575,3.1197,3.3433,0,1,2.6490919557642,2.6968,0.0439,2.6107,2.7829,1,1,6.5592497625802,6.4362,0.0793,6.2809,6.5903,1,1,4.79549474076678,4.8723,0.0595,4.7544,4.9882,1,1,8.41991048086296,8.2859,0.0856,8.1174,8.4527,1,1,6.27213639876793,6.3056,0.0655,6.1766,6.4342,1,1,9.29394031721092,9.2098,0.088,9.0371,9.3828,1,1,7.10490577112262,7.0964,0.0678,6.9626,7.2291,1,1,9.68083248283218,9.5676,0.0903,9.3919,9.7448,1,1,7.54002818053297,7.5262,0.0685,7.3922,7.6626,1,1,0.3,0.3103,0.0185,0.2744,0.3469,1,1,0.2,0.1754,0.0169,0.1429,0.2089,1,1,-0.15,-0.1494,0.0149,-0.1789,-0.1204,1,1,-0.1,-0.1086,0.0148,-0.1372,-0.0796,1,1,1.16975723241009,1.1446,0.0462,1.0573,1.2384,1,1,0.818364051334181,0.838,0.0375,0.7666,0.914,1,1,1.77224917802126,1.6706,0.0601,1.557,1.7925,1,1,1.22554713982381,1.2201,0.0459,1.1331,1.3134,1,1,1.92749400743346,1.826,0.0641,1.7029,1.9565,1,1,1.39038469211727,1.3531,0.0494,1.2596,1.4538,1,1,1.96107469695758,1.8679,0.0654,1.7439,2.0009,1,1,1.44296594681151,1.4266,0.0514,1.3282,1.5311,1,1,1.97661392972742,1.9289,0.0664,1.8039,2.0645,1,1,1.46479650840188,1.44,0.0516,1.3427,1.5438,1,1,0.1,0.1302,0.0246,0.0802,0.1762,1,1,0.1,0.1251,0.0235,0.0777,0.1696,1,1,0.1,0.0949,0.0205,0.0567,0.1358,1,1,0.1,0.1119,0.0217,0.0656,0.1521,1,1,1,0.9775,0.0163,0.946,1.0097,1,1,1,0.9749,0.0155,0.945,1.0056,1,1,0.3,0.2889,0.0115,0.2667,0.3116,1,1,0.3,0.2889,0.0115,0.2667,0.3116,1,1
35,3.38008587561722,3.4069,0.0588,3.2914,3.5211,1,1,2.6490919557642,2.6404,0.0448,2.5518,2.7285,1,1,6.5592497625802,6.5668,0.0827,6.4041,6.7305,1,1,4.79549474076678,4.7986,0.0629,4.6751,4.9224,1,1,8.41991048086296,8.4245,0.0892,8.2495,8.5993,1,1,6.27213639876793,6.3317,0.072,6.1905,6.4738,1,1,9.29394031721092,9.3369,0.0869,9.166,9.5063,1,1,7.10490577112262,7.143,0.0703,7.0039,7.2789,1,1,9.68083248283218,9.701,0.0888,9.5271,9.8753,1,1,7.54002818053297,7.5499,0.0747,7.4037,7.6973,1,1,0.3,0.341,0.0189,0.3034,0.3779,0,1,0.2,0.207,0.0173,0.1731,0.2409,1,1,-0.15,-0.1265,0.0151,-0.1568,-0.0972,1,1,-0.1,-0.1134,0.0148,-0.1419,-0.0843,1,1,1.16975723241009,1.1551,0.0476,1.064,1.25,1,1,0.818364051334181,0.8492,0.0382,0.776,0.926,1,1,1.77224917802126,1.744,0.0626,1.6253,1.8712,1,1,1.22554713982381,1.3087,0.0486,1.217,1.4079,1,1,1.92749400743346,1.8852,0.0659,1.7604,2.0191,1,1,1.39038469211727,1.5132,0.054,1.4118,1.6235,0,1,1.96107469695758,1.8474,0.0649,1.7254,1.9806,1,1,1.44296594681151,1.479,0.053,1.3795,1.5863,1,1,1.97661392972742,1.8981,0.0672,1.7711,2.0358,1,1,1.46479650840188,1.5739,0.0558,1.4681,1.6864,0,1,0.1,0.1542,0.0209,0.1112,0.194,0,1,0.1,0.0893,0.0227,0.051,0.1376,1,1,0.1,0.0793,0.0189,0.0464,0.1177,1,1,0.1,0.0812,0.0187,0.0477,0.12,1,1,1,1.0136,0.0167,0.9814,1.0469,1,1,1,1.0003,0.0161,0.9694,1.0327,1,1,0.3,0.3018,0.0119,0.2786,0.3253,1,1,0.3,0.3018,0.0119,0.2786,0.3253,1,1
36,3.38008587561722,3.3793,0.0601,3.2617,3.4965,1,1,2.6490919557642,2.6796,0.0464,2.5877,2.7704,1,1,6.5592497625802,6.5372,0.0819,6.3757,6.6974,1,1,4.79549474076678,4.9077,0.0607,4.7885,5.0279,1,1,8.41991048086296,8.3544,0.0914,8.1749,8.532,1,1,6.27213639876793,6.3956,0.0691,6.2601,6.5328,1,1,9.29394031721092,9.2933,0.0915,9.1139,9.4727,1,1,7.10490577112262,7.2053,0.0729,7.0627,7.3479,1,1,9.68083248283218,9.6444,0.0913,9.4639,9.823,1,1,7.54002818053297,7.6486,0.0738,7.5045,7.7933,1,1,0.3,0.2942,0.0188,0.2582,0.3315,1,1,0.2,0.189,0.0172,0.1557,0.2234,1,1,-0.15,-0.1453,0.0151,-0.1751,-0.1159,1,1,-0.1,-0.094,0.0145,-0.1232,-0.0662,1,1,1.16975723241009,1.2023,0.0479,1.1115,1.2995,1,1,0.818364051334181,0.8883,0.0384,0.8147,0.9658,1,1,1.77224917802126,1.7332,0.0619,1.6163,1.8592,1,1,1.22554713982381,1.2463,0.047,1.1577,1.3419,1,1,1.92749400743346,1.9504,0.0675,1.8235,2.0871,1,1,1.39038469211727,1.4491,0.0521,1.3504,1.5537,1,1,1.96107469695758,1.9565,0.0679,1.829,2.0933,1,1,1.44296594681151,1.5402,0.0548,1.4366,1.652,1,1,1.97661392972742,1.9575,0.0682,1.8285,2.0959,1,1,1.46479650840188,1.5634,0.055,1.4586,1.6744,1,1,0.1,0.1498,0.0228,0.1015,0.1916,0,1,0.1,0.1145,0.0233,0.0697,0.1604,1,1,0.1,0.0914,0.0199,0.0547,0.1311,1,1,0.1,0.0676,0.0152,0.0425,0.1012,1,1,1,1.0087,0.0163,0.9771,1.0412,1,1,1,1.0088,0.0159,0.9783,1.0405,1,1,0.3,0.3184,0.0118,0.2954,0.3419,1,1,0.3,0.3184,0.0118,0.2954,0.3419,1,1
37,3.38008587561722,3.4003,0.0589,3.2843,3.5145,1,1,2.6490919557642,2.5924,0.0444,2.5056,2.6798,1,1,6.5592497625802,6.5388,0.0829,6.3765,6.7007,1,1,4.79549474076678,4.7569,0.0614,4.636,4.8774,1,1,8.41991048086296,8.3671,0.0909,8.1885,8.5452,1,1,6.27213639876793,6.2334,0.0692,6.0965,6.3685,1,1,9.29394031721092,9.2886,0.0927,9.1062,9.4697,1,1,7.10490577112262,7.0525,0.0704,6.9145,7.1914,1,1,9.68083248283218,9.6353,0.094,9.4515,9.8185,1,1,7.54002818053297,7.5003,0.0713,7.3594,7.64,1,1,0.3,0.2801,0.0173,0.2457,0.3135,1,1,0.2,0.1955,0.0175,0.1614,0.2298,1,1,-0.15,-0.1378,0.0148,-0.1661,-0.108,1,1,-0.1,-0.0962,0.0147,-0.125,-0.0673,1,1,1.16975723241009,1.1949,0.0466,1.1064,1.2893,1,1,0.818364051334181,0.8395,0.0379,0.767,0.9155,1,1,1.77224917802126,1.7537,0.061,1.6386,1.8771,1,1,1.22554713982381,1.2684,0.0475,1.1791,1.3646,1,1,1.92749400743346,1.9592,0.0674,1.8313,2.0975,1,1,1.39038469211727,1.4521,0.0527,1.3525,1.5591,1,1,1.96107469695758,1.9968,0.0679,1.8695,2.1347,1,1,1.44296594681151,1.4826,0.0531,1.382,1.5901,1,1,1.97661392972742,2.0269,0.0691,1.8956,2.1665,1,1,1.46479650840188,1.5114,0.0537,1.4093,1.6207,1,1,0.1,0.0685,0.0152,0.0424,0.1007,1,1,0.1,0.1249,0.0241,0.0733,0.1694,1,1,0.1,0.106,0.0218,0.0622,0.1486,1,1,0.1,0.0975,0.0208,0.0572,0.1382,1,1,1,0.9844,0.016,0.9534,1.0165,1,1,1,0.9811,0.016,0.9503,1.0129,1,1,0.3,0.2976,0.0114,0.2755,0.3201,1,1,0.3,0.2976,0.0114,0.2755,0.3201,1,1
38,3.38008587561722,3.4254,0.0586,3.3102,3.5393,1,1,2.6490919557642,2.6364,0.0418,2.5546,2.7183,1,1,6.5592497625802,6.6939,0.0815,6.5325,6.8534,1,1,4.79549474076678,4.7858,0.0563,4.6751,4.8962,1,1,8.41991048086296,8.4898,0.0868,8.3193,8.6605,1,1,6.27213639876793,6.2669,0.0633,6.1424,6.3903,1,1,9.29394031721092,9.3815,0.0879,9.21,9.5547,1,1,7.10490577112262,7.1006,0.0625,6.9781,7.2225,1,1,9.68083248283218,9.7295,0.0895,9.5537,9.9036,1,1,7.54002818053297,7.5252,0.0655,7.3971,7.6529,1,1,0.3,0.3016,0.0187,0.2653,0.3372,1,1,0.2,0.2046,0.0167,0.1719,0.2379,1,1,-0.15,-0.1532,0.0146,-0.1816,-0.1243,1,1,-0.1,-0.0935,0.0144,-0.1215,-0.0654,1,1,1.16975723241009,1.1755,0.0465,1.0867,1.2688,1,1,0.818364051334181,0.7684,0.0365,0.6988,0.8416,1,1,1.77224917802126,1.7196,0.0608,1.6049,1.8418,1,1,1.22554713982381,1.1347,0.0446,1.05,1.2245,0,1,1.92749400743346,1.8514,0.0644,1.7282,1.9817,1,1,1.39038469211727,1.3115,0.049,1.2183,1.4108,1,1,1.96107469695758,1.8937,0.0657,1.7687,2.0269,1,1,1.44296594681151,1.2949,0.0485,1.2031,1.394,0,1,1.97661392972742,1.9284,0.0667,1.8034,2.0654,1,1,1.46479650840188,1.3628,0.0501,1.2687,1.4638,0,1,0.1,0.0828,0.0215,0.047,0.1295,1,1,0.1,0.1135,0.0256,0.066,0.1634,1,1,0.1,0.0703,0.0161,0.0426,0.1041,1,1,0.1,0.0654,0.0138,0.0418,0.0958,0,1,1,0.985,0.016,0.9541,1.0164,1,1,1,1.0063,0.016,0.9753,1.0379,1,1,0.3,0.3031,0.0115,0.2809,0.3259,1,1,0.3,0.3031,0.0115,0.2809,0.3259,1,1
39,3.38008587561722,3.38,0.0585,3.2655,3.4953,1,1,2.6490919557642,2.6545,0.0439,2.5687,2.7404,1,1,6.5592497625802,6.5776,0.0856,6.4097,6.745,1,1,4.79549474076678,4.8583,0.0593,4.7422,4.9746,1,1,8.41991048086296,8.3804,0.0907,8.2015,8.5593,1,1,6.27213639876793,6.3492,0.0619,6.228,6.4713,1,1,9.29394031721092,9.2127,0.0939,9.0283,9.3967,1,1,7.10490577112262,7.1915,0.066,7.0613,7.3205,1,1,9.68083248283218,9.6258,0.0962,9.4387,9.8142,1,1,7.54002818053297,7.6081,0.0693,7.4732,7.7436,1,1,0.3,0.2832,0.0177,0.249,0.3185,1,1,0.2,0.1854,0.0175,0.1511,0.2196,1,1,-0.15,-0.1363,0.015,-0.1664,-0.1074,1,1,-0.1,-0.0839,0.0152,-0.1136,-0.0544,1,1,1.16975723241009,1.175,0.0464,1.0865,1.2691,1,1,0.818364051334181,0.828,0.0371,0.758,0.9031,1,1,1.77224917802126,1.8178,0.0634,1.6974,1.9468,1,1,1.22554713982381,1.2069,0.0461,1.1199,1.2999,1,1,1.92749400743346,1.9514,0.0667,1.8251,2.0852,1,1,1.39038469211727,1.2804,0.0477,1.1901,1.3771,0,1,1.96107469695758,2.0175,0.0691,1.8872,2.1576,1,1,1.44296594681151,1.3837,0.0505,1.2881,1.4872,1,1,1.97661392972742,2.0743,0.071,1.9394,2.2184,1,1,1.46479650840188,1.4515,0.052,1.3529,1.5559,1,1,0.1,0.0867,0.0207,0.05,0.1298,1,1,0.1,0.1443,0.0209,0.1013,0.185,0,1,0.1,0.0712,0.0168,0.044,0.1076,1,1,0.1,0.1136,0.0201,0.0723,0.1516,1,1,1,1.0002,0.0164,0.9691,1.0332,1,1,1,0.9905,0.0157,0.9603,1.0217,1,1,0.3,0.3141,0.0117,0.2914,0.3375,1,1,0.3,0.3141,0.0117,0.2914,0.3375,1,1
40,3.38008587561722,3.3971,0.0581,3.282,3.5111,1,1,2.6490919557642,2.6429,0.0453,2.5547,2.7316,1,1,6.5592497625802,6.5859,0.08,6.4299,6.7443,1,1,4.79549474076678,4.7073,0.0615,4.5874,4.8272,1,1,8.41991048086296,8.3568,0.086,8.1886,8.5274,1,1,6.27213639876793,6.2215,0.0706,6.0824,6.3602,1,1,9.29394031721092,9.1681,0.0884,8.9956,9.3415,1,1,7.10490577112262,7.068,0.071,6.9291,7.2069,1,1,9.68083248283218,9.5793,0.0875,9.407,9.7517,1,1,7.54002818053297,7.4874,0.0732,7.3443,7.6309,1,1,0.3,0.2599,0.018,0.2257,0.2965,0,1,0.2,0.2105,0.0163,0.179,0.2426,1,1,-0.15,-0.1595,0.015,-0.1891,-0.1303,1,1,-0.1,-0.0678,0.0146,-0.0967,-0.0392,0,1,1.16975723241009,1.1787,0.0461,1.0907,1.2711,1,1,0.818364051334181,0.8642,0.0383,0.7909,0.9412,1,1,1.77224917802126,1.6982,0.0599,1.5856,1.82,1,1,1.22554713982381,1.268,0.0477,1.1779,1.3647,1,1,1.92749400743346,1.8427,0.0636,1.7233,1.9731,1,1,1.39038469211727,1.4874,0.0535,1.3857,1.5949,1,1,1.96107469695758,1.8881,0.0651,1.7653,2.0199,1,1,1.44296594681151,1.4983,0.0536,1.3973,1.606,1,1,1.97661392972742,1.8858,0.0653,1.7615,2.0197,1,1,1.46479650840188,1.5488,0.055,1.4454,1.6606,1,1,0.1,0.0854,0.0212,0.0486,0.1291,1,1,0.1,0.1015,0.0238,0.0565,0.1489,1,1,0.1,0.1169,0.02,0.0782,0.1558,1,1,0.1,0.095,0.0199,0.0582,0.1351,1,1,1,0.997,0.0164,0.9653,1.0293,1,1,1,0.9898,0.0158,0.9594,1.0212,1,1,0.3,0.3052,0.0116,0.2825,0.3281,1,1,0.3,0.3052,0.0116,0.2825,0.3281,1,1
41,3.38008587561722,3.3877,0.0609,3.2694,3.5058,1,1,2.6490919557642,2.652,0.0438,2.5671,2.7384,1,1,6.5592497625802,6.5641,0.0884,6.3894,6.7367,1,1,4.79549474076678,4.8031,0.0594,4.6867,4.9197,1,1,8.41991048086296,8.4397,0.0957,8.2532,8.6275,1,1,6.27213639876793,6.2669,0.0671,6.136,6.3993,1,1,9.29394031721092,9.3209,0.0954,9.133,9.5077,1,1,7.10490577112262,7.1576,0.0671,7.0276,7.2885,1,1,9.68083248283218,9.7225,0.0936,9.541,9.9064,1,1,7.54002818053297,7.5703,0.0696,7.4327,7.7052,1,1,0.3,0.3036,0.0173,0.2683,0.3368,1,1,0.2,0.2238,0.0175,0.1894,0.2584,1,1,-0.15,-0.1695,0.0156,-0.1998,-0.139,1,1,-0.1,-0.0955,0.0139,-0.1229,-0.0684,1,1,1.16975723241009,1.2296,0.048,1.1387,1.3268,1,1,0.818364051334181,0.8185,0.0391,0.7441,0.8961,1,1,1.77224917802126,1.8928,0.066,1.7694,2.026,1,1,1.22554713982381,1.2162,0.047,1.1268,1.3114,1,1,1.92749400743346,2.0658,0.0705,1.9317,2.208,0,1,1.39038469211727,1.3927,0.0517,1.295,1.4968,1,1,1.96107469695758,2.0439,0.0695,1.9126,2.1861,1,1,1.44296594681151,1.4093,0.0521,1.3101,1.5136,1,1,1.97661392972742,2.013,0.069,1.8831,2.1534,1,1,1.46479650840188,1.4616,0.0534,1.3611,1.5703,1,1,0.1,0.0784,0.0195,0.0458,0.1211,1,1,0.1,0.1205,0.0257,0.0686,0.1687,1,1,0.1,0.1148,0.0218,0.0727,0.1572,1,1,0.1,0.1042,0.0202,0.0637,0.1432,1,1,1,0.9693,0.0159,0.9384,1.0007,1,1,1,0.9953,0.0164,0.9637,1.0278,1,1,0.3,0.2692,0.0114,0.2469,0.2918,0,1,0.3,0.2692,0.0114,0.2469,0.2918,0,1
42,3.38008587561722,3.3878,0.059,3.2712,3.503,1,1,2.6490919557642,2.699,0.0449,2.6115,2.7871,1,1,6.5592497625802,6.5788,0.0835,6.4148,6.7423,1,1,4.79549474076678,4.8281,0.0602,4.7097,4.9462,1,1,8.41991048086296,8.4278,0.0927,8.246,8.609,1,1,6.27213639876793,6.2477,0.0663,6.1182,6.3775,1,1,9.29394031721092,9.2918,0.0929,9.11,9.4759,1,1,7.10490577112262,7.0777,0.069,6.9435,7.2134,1,1,9.68083248283218,9.6583,0.0903,9.4811,9.835,1,1,7.54002818053297,7.4935,0.0686,7.3588,7.6285,1,1,0.3,0.3192,0.0187,0.2826,0.3554,1,1,0.2,0.1926,0.0163,0.1612,0.2249,1,1,-0.15,-0.1393,0.0151,-0.1689,-0.1097,1,1,-0.1,-0.0902,0.0148,-0.1186,-0.0604,1,1,1.16975723241009,1.187,0.048,1.0967,1.2835,1,1,0.818364051334181,0.8509,0.0384,0.7773,0.9283,1,1,1.77224917802126,1.7701,0.0633,1.6492,1.8977,1,1,1.22554713982381,1.2482,0.0473,1.1584,1.3435,1,1,1.92749400743346,1.9791,0.0689,1.8493,2.1201,1,1,1.39038469211727,1.38,0.0501,1.2848,1.4812,1,1,1.96107469695758,2.0074,0.069,1.8771,2.1475,1,1,1.44296594681151,1.4474,0.0521,1.3483,1.5523,1,1,1.97661392972742,1.9521,0.0681,1.8225,2.0903,1,1,1.46479650840188,1.4469,0.0525,1.3476,1.5534,1,1,0.1,0.1393,0.0232,0.0906,0.1821,1,1,0.1,0.0943,0.0231,0.0518,0.141,1,1,0.1,0.0918,0.02,0.0533,0.1308,1,1,0.1,0.1058,0.0211,0.0641,0.1459,1,1,1,1.0204,0.0169,0.9874,1.0543,1,1,1,1.0188,0.0163,0.9874,1.0512,1,1,0.3,0.3092,0.012,0.2862,0.3333,1,1,0.3,0.3092,0.012,0.2862,0.3333,1,1
43,3.38008587561722,3.4003,0.0539,3.2953,3.5059,1,1,2.6490919557642,2.6465,0.0449,2.5592,2.7342,1,1,6.5592497625802,6.6324,0.0782,6.4796,6.7871,1,1,4.79549474076678,4.8674,0.0623,4.7445,4.989,1,1,8.41991048086296,8.578,0.0846,8.414,8.7432,1,1,6.27213639876793,6.2827,0.0666,6.1512,6.4125,1,1,9.29394031721092,9.4091,0.0848,9.2434,9.5755,1,1,7.10490577112262,7.1015,0.0689,6.966,7.2366,1,1,9.68083248283218,9.7577,0.0883,9.5844,9.9319,1,1,7.54002818053297,7.5402,0.0696,7.4017,7.676,1,1,0.3,0.3015,0.0182,0.2654,0.3374,1,1,0.2,0.1788,0.0172,0.1454,0.2128,1,1,-0.15,-0.1418,0.0145,-0.1704,-0.1135,1,1,-0.1,-0.1064,0.0144,-0.1345,-0.0773,1,1,1.16975723241009,1.058,0.0448,0.972,1.1475,0,1,0.818364051334181,0.8607,0.038,0.7879,0.937,1,1,1.77224917802126,1.6367,0.0589,1.5248,1.7557,0,1,1.22554713982381,1.2859,0.0476,1.1948,1.3823,1,1,1.92749400743346,1.7943,0.0635,1.6742,1.9229,0,1,1.39038469211727,1.39,0.0506,1.2938,1.4922,1,1,1.96107469695758,1.8033,0.0634,1.6836,1.931,0,1,1.44296594681151,1.4517,0.052,1.3527,1.5565,1,1,1.97661392972742,1.8638,0.0652,1.7406,1.9956,1,1,1.46479650840188,1.4763,0.0525,1.377,1.5834,1,1,0.1,0.1317,0.0253,0.0786,0.1777,1,1,0.1,0.1334,0.0233,0.0832,0.1766,1,1,0.1,0.0852,0.0192,0.0499,0.1244,1,1,0.1,0.0932,0.0205,0.0549,0.1341,1,1,1,1.0024,0.0164,0.971,1.0351,1,1,1,0.9914,0.0157,0.9611,1.0227,1,1,0.3,0.3037,0.0118,0.2807,0.3269,1,1,0.3,0.3037,0.0118,0.2807,0.3269,1,1
44,3.38008587561722,3.2905,0.0546,3.1834,3.3974,1,1,2.6490919557642,2.5677,0.0435,2.4826,2.653,1,1,6.5592497625802,6.4921,0.0796,6.3363,6.6504,1,1,4.79549474076678,4.7293,0.0605,4.6106,4.8477,1,1,8.41991048086296,8.3179,0.0838,8.1531,8.4829,1,1,6.27213639876793,6.1973,0.0669,6.0673,6.3293,1,1,9.29394031721092,9.2973,0.0852,9.1298,9.4648,1,1,7.10490577112262,7.0849,0.0666,6.9534,7.2161,1,1,9.68083248283218,9.69,0.0842,9.5238,9.8535,1,1,7.54002818053297,7.5403,0.07,7.4021,7.6772,1,1,0.3,0.3109,0.0182,0.2758,0.347,1,1,0.2,0.1998,0.0162,0.1684,0.2317,1,1,-0.15,-0.1631,0.0147,-0.1923,-0.1346,1,1,-0.1,-0.1011,0.0144,-0.1296,-0.0729,1,1,1.16975723241009,1.0674,0.0449,0.9822,1.1577,0,1,0.818364051334181,0.8163,0.0372,0.7448,0.8914,1,1,1.77224917802126,1.6808,0.0604,1.5672,1.8041,1,1,1.22554713982381,1.2452,0.0464,1.1578,1.3387,1,1,1.92749400743346,1.7693,0.0633,1.6501,1.8987,0,1,1.39038469211727,1.405,0.051,1.3084,1.5082,1,1,1.96107469695758,1.8187,0.0643,1.6965,1.9499,0,1,1.44296594681151,1.3933,0.0505,1.2978,1.4968,1,1,1.97661392972742,1.7743,0.0627,1.6553,1.9012,0,1,1.46479650840188,1.478,0.0528,1.3785,1.5859,1,1,0.1,0.1195,0.0243,0.0733,0.167,1,1,0.1,0.0816,0.0199,0.049,0.124,1,1,0.1,0.0906,0.0196,0.0531,0.1292,1,1,0.1,0.0964,0.0205,0.0572,0.1355,1,1,1,1.0092,0.0166,0.9771,1.0424,1,1,1,0.9952,0.0158,0.9644,1.0264,1,1,0.3,0.3058,0.0116,0.2831,0.3288,1,1,0.3,0.3058,0.0116,0.2831,0.3288,1,1
45,3.38008587561722,3.4483,0.0581,3.334,3.5623,1,1,2.6490919557642,2.6352,0.0417,2.5534,2.7171,1,1,6.5592497625802,6.585,0.0804,6.4263,6.7422,1,1,4.79549474076678,4.8097,0.0609,4.6906,4.9296,1,1,8.41991048086296,8.403,0.0884,8.229,8.5761,1,1,6.27213639876793,6.264,0.0669,6.1325,6.3957,1,1,9.29394031721092,9.2727,0.0901,9.0965,9.4518,1,1,7.10490577112262,7.1268,0.0691,6.9914,7.2614,1,1,9.68083248283218,9.6342,0.0915,9.4544,9.8135,1,1,7.54002818053297,7.5933,0.0687,7.4587,7.7277,1,1,0.3,0.3286,0.0185,0.2916,0.3648,1,1,0.2,0.2055,0.0168,0.1729,0.2388,1,1,-0.15,-0.1602,0.0147,-0.1892,-0.132,1,1,-0.1,-0.1262,0.0148,-0.1547,-0.0966,1,1,1.16975723241009,1.1483,0.0468,1.0588,1.2426,1,1,0.818364051334181,0.7624,0.0369,0.6922,0.8366,1,1,1.77224917802126,1.6797,0.06,1.5668,1.801,1,1,1.22554713982381,1.237,0.0471,1.1477,1.332,1,1,1.92749400743346,1.8791,0.0661,1.753,2.0126,1,1,1.39038469211727,1.4012,0.0513,1.3047,1.5058,1,1,1.96107469695758,1.926,0.0669,1.7992,2.061,1,1,1.44296594681151,1.4518,0.0526,1.3526,1.5578,1,1,1.97661392972742,1.9582,0.0684,1.8286,2.0965,1,1,1.46479650840188,1.4482,0.0526,1.3477,1.5543,1,1,0.1,0.0799,0.0194,0.0474,0.1215,1,1,0.1,0.1178,0.0225,0.073,0.16,1,1,0.1,0.1146,0.0212,0.0718,0.1549,1,1,0.1,0.1046,0.0208,0.0633,0.1448,1,1,1,1.02,0.017,0.9872,1.0541,1,1,1,0.9943,0.016,0.9633,1.026,1,1,0.3,0.2932,0.0117,0.2703,0.3163,1,1,0.3,0.2932,0.0117,0.2703,0.3163,1,1
46,3.38008587561722,3.3335,0.0587,3.218,3.4488,1,1,2.6490919557642,2.7059,0.0448,2.6184,2.7942,1,1,6.5592497625802,6.5082,0.084,6.3442,6.6724,1,1,4.79549474076678,4.8638,0.0599,4.746,4.9807,1,1,8.41991048086296,8.3184,0.0895,8.1431,8.4947,1,1,6.27213639876793,6.3132,0.0687,6.1789,6.4485,1,1,9.29394031721092,9.2697,0.0873,9.0994,9.4402,1,1,7.10490577112262,7.1749,0.0698,7.0389,7.3121,1,1,9.68083248283218,9.7233,0.0893,9.5473,9.8983,1,1,7.54002818053297,7.6799,0.0715,7.54,7.8196,1,1,0.3,0.2763,0.0172,0.2432,0.3097,1,1,0.2,0.2008,0.0163,0.168,0.2318,1,1,-0.15,-0.1383,0.0151,-0.1678,-0.1091,1,1,-0.1,-0.0957,0.0141,-0.1233,-0.0677,1,1,1.16975723241009,1.1842,0.046,1.0971,1.2772,1,1,0.818364051334181,0.8469,0.0376,0.775,0.9215,1,1,1.77224917802126,1.7933,0.0619,1.6765,1.9194,1,1,1.22554713982381,1.2354,0.0464,1.1477,1.3297,1,1,1.92749400743346,1.9103,0.0661,1.7852,2.0446,1,1,1.39038469211727,1.4404,0.0518,1.3435,1.5456,1,1,1.96107469695758,1.869,0.0646,1.7463,2,1,1,1.44296594681151,1.4738,0.0528,1.3736,1.5819,1,1,1.97661392972742,1.9083,0.0659,1.7829,2.042,1,1,1.46479650840188,1.5096,0.0539,1.4076,1.6187,1,1,0.1,0.0745,0.0184,0.0443,0.1151,1,1,0.1,0.0933,0.0208,0.0538,0.1346,1,1,0.1,0.1148,0.0219,0.0705,0.1564,1,1,0.1,0.0799,0.0182,0.0477,0.1163,1,1,1,0.9788,0.016,0.9478,1.0106,1,1,1,0.9948,0.0159,0.9644,1.0262,1,1,0.3,0.2883,0.0114,0.2662,0.3108,1,1,0.3,0.2883,0.0114,0.2662,0.3108,1,1
47,3.38008587561722,3.3031,0.0578,3.1888,3.4153,1,1,2.6490919557642,2.6501,0.0424,2.5668,2.7335,1,1,6.5592497625802,6.4821,0.0784,6.3286,6.6373,1,1,4.79549474076678,4.8155,0.0594,4.7004,4.933,1,1,8.41991048086296,8.3457,0.086,8.1784,8.5154,1,1,6.27213639876793,6.2776,0.0675,6.1443,6.4102,1,1,9.29394031721092,9.2438,0.0873,9.0721,9.4147,1,1,7.10490577112262,7.1246,0.0694,6.9876,7.2608,1,1,9.68083248283218,9.6125,0.0874,9.4417,9.7841,1,1,7.54002818053297,7.5696,0.0722,7.4271,7.7107,1,1,0.3,0.3154,0.0179,0.2815,0.3513,1,1,0.2,0.1859,0.0175,0.1526,0.2208,1,1,-0.15,-0.162,0.0147,-0.1906,-0.1326,1,1,-0.1,-0.1195,0.0151,-0.1492,-0.0897,1,1,1.16975723241009,1.1417,0.0466,1.0524,1.2351,1,1,0.818364051334181,0.7902,0.0379,0.7174,0.8657,1,1,1.77224917802126,1.6601,0.0598,1.5469,1.7814,1,1,1.22554713982381,1.2205,0.0464,1.1324,1.3149,1,1,1.92749400743346,1.8261,0.064,1.7047,1.9564,1,1,1.39038469211727,1.4169,0.0513,1.3194,1.5202,1,1,1.96107469695758,1.859,0.0651,1.7357,1.9904,1,1,1.44296594681151,1.4611,0.0525,1.362,1.5677,1,1,1.97661392972742,1.8645,0.0659,1.7404,1.9981,1,1,1.46479650840188,1.5302,0.0546,1.4268,1.6408,1,1,0.1,0.0811,0.0213,0.0465,0.1275,1,1,0.1,0.1515,0.0213,0.1075,0.191,0,1,0.1,0.0794,0.0185,0.0477,0.1185,1,1,0.1,0.1174,0.0219,0.0733,0.1594,1,1,1,1.0139,0.0169,0.9813,1.0476,1,1,1,0.9855,0.0156,0.9552,1.0164,1,1,0.3,0.2878,0.0117,0.2652,0.3107,1,1,0.3,0.2878,0.0117,0.2652,0.3107,1,1
48,3.38008587561722,3.4099,0.0597,3.2931,3.5272,1,1,2.6490919557642,2.6463,0.0448,2.5592,2.7344,1,1,6.5592497625802,6.5157,0.0844,6.3505,6.6806,1,1,4.79549474076678,4.8219,0.0595,4.7062,4.9387,1,1,8.41991048086296,8.3804,0.0907,8.2024,8.5595,1,1,6.27213639876793,6.2934,0.0637,6.1685,6.4195,1,1,9.29394031721092,9.1919,0.0901,9.0134,9.3678,1,1,7.10490577112262,7.0775,0.0663,6.947,7.2075,1,1,9.68083248283218,9.6366,0.0878,9.4644,9.8077,1,1,7.54002818053297,7.5847,0.0686,7.4506,7.7193,1,1,0.3,0.3076,0.0181,0.272,0.3435,1,1,0.2,0.1784,0.0172,0.1455,0.2128,1,1,-0.15,-0.1603,0.0152,-0.1898,-0.1299,1,1,-0.1,-0.1151,0.0146,-0.1438,-0.0868,1,1,1.16975723241009,1.2015,0.0477,1.1112,1.2976,1,1,0.818364051334181,0.8546,0.0383,0.7813,0.9312,1,1,1.77224917802126,1.7945,0.0628,1.6766,1.9224,1,1,1.22554713982381,1.2229,0.0466,1.1356,1.3178,1,1,1.92749400743346,1.9355,0.067,1.8078,2.0708,1,1,1.39038469211727,1.3143,0.0488,1.2225,1.4127,1,1,1.96107469695758,1.9224,0.0666,1.7966,2.0584,1,1,1.44296594681151,1.3865,0.0502,1.2919,1.489,1,1,1.97661392972742,1.8771,0.0654,1.7534,2.0111,1,1,1.46479650840188,1.4479,0.0522,1.3489,1.5535,1,1,0.1,0.082,0.0207,0.0475,0.1276,1,1,0.1,0.1246,0.0245,0.0746,0.1708,1,1,0.1,0.1106,0.0217,0.0673,0.152,1,1,0.1,0.0995,0.0206,0.0605,0.1402,1,1,1,1.0039,0.0167,0.9719,1.0373,1,1,1,0.9828,0.0159,0.952,1.0144,1,1,0.3,0.2848,0.0115,0.2624,0.3075,1,1,0.3,0.2848,0.0115,0.2624,0.3075,1,1
49,3.38008587561722,3.3469,0.0571,3.236,3.4583,1,1,2.6490919557642,2.6917,0.0447,2.6044,2.7798,1,1,6.5592497625802,6.528,0.0844,6.3628,6.695,1,1,4.79549474076678,4.8305,0.063,4.7066,4.9541,1,1,8.41991048086296,8.3863,0.0954,8.1989,8.5732,1,1,6.27213639876793,6.3093,0.0691,6.1726,6.4443,1,1,9.29394031721092,9.2407,0.0969,9.0511,9.4313,1,1,7.10490577112262,7.1327,0.071,6.9942,7.2723,1,1,9.68083248283218,9.5647,0.0977,9.3731,9.7556,1,1,7.54002818053297,7.5789,0.0707,7.4399,7.7191,1,1,0.3,0.3127,0.0183,0.277,0.3485,1,1,0.2,0.2078,0.0164,0.176,0.2402,1,1,-0.15,-0.1394,0.0154,-0.1697,-0.1094,1,1,-0.1,-0.0868,0.0145,-0.1157,-0.059,1,1,1.16975723241009,1.1299,0.0461,1.0427,1.2228,1,1,0.818364051334181,0.8369,0.0378,0.7652,0.9129,1,1,1.77224917802126,1.8004,0.0637,1.6794,1.929,1,1,1.22554713982381,1.2965,0.0484,1.2055,1.3947,1,1,1.92749400743346,2.0412,0.0705,1.9066,2.1845,1,1,1.39038469211727,1.4531,0.0524,1.3536,1.5594,1,1,1.96107469695758,2.0845,0.0713,1.9498,2.2294,1,1,1.44296594681151,1.501,0.0536,1.3986,1.6103,1,1,1.97661392972742,2.0978,0.0718,1.9625,2.2434,1,1,1.46479650840188,1.4881,0.0534,1.387,1.5958,1,1,0.1,0.102,0.0234,0.0593,0.148,1,1,0.1,0.0925,0.0225,0.0509,0.1376,1,1,0.1,0.1157,0.0209,0.0734,0.1551,1,1,0.1,0.0873,0.0194,0.05,0.1266,1,1,1,1.0068,0.0164,0.975,1.0395,1,1,1,1.0084,0.0161,0.9773,1.0406,1,1,0.3,0.3143,0.0117,0.2913,0.3374,1,1,0.3,0.3143,0.0117,0.2913,0.3374,1,1
50,3.38008587561722,3.3773,0.0576,3.2641,3.49,1,1,2.6490919557642,2.5961,0.0431,2.5119,2.6805,1,1,6.5592497625802,6.5106,0.0803,6.3525,6.6672,1,1,4.79549474076678,4.7488,0.0613,4.6293,4.8688,1,1,8.41991048086296,8.4155,0.0877,8.2434,8.5868,1,1,6.27213639876793,6.2081,0.0674,6.0768,6.3414,1,1,9.29394031721092,9.2505,0.088,9.0786,9.4233,1,1,7.10490577112262,7.0647,0.069,6.929,7.2002,1,1,9.68083248283218,9.7213,0.0877,9.5479,9.8938,1,1,7.54002818053297,7.5093,0.0712,7.369,7.6482,1,1,0.3,0.3245,0.0177,0.29,0.3591,1,1,0.2,0.2106,0.0172,0.1772,0.2444,1,1,-0.15,-0.1748,0.0153,-0.2046,-0.1444,1,1,-0.1,-0.1287,0.0147,-0.1575,-0.1004,0,1,1.16975723241009,1.145,0.0466,1.0561,1.2392,1,1,0.818364051334181,0.793,0.0378,0.7205,0.8682,1,1,1.77224917802126,1.7009,0.0614,1.5852,1.8258,1,1,1.22554713982381,1.2566,0.0478,1.166,1.3533,1,1,1.92749400743346,1.8684,0.0656,1.7446,2.0024,1,1,1.39038469211727,1.4114,0.0517,1.3139,1.5162,1,1,1.96107469695758,1.8734,0.0656,1.7494,2.007,1,1,1.44296594681151,1.4447,0.0529,1.3444,1.551,1,1,1.97661392972742,1.8787,0.0656,1.7555,2.0113,1,1,1.46479650840188,1.4987,0.054,1.3962,1.6079,1,1,0.1,0.1064,0.0231,0.0641,0.1521,1,1,0.1,0.133,0.0238,0.0826,0.1772,1,1,0.1,0.095,0.0203,0.0554,0.136,1,1,0.1,0.1126,0.0192,0.0751,0.1497,1,1,1,0.9985,0.0163,0.9671,1.0309,1,1,1,1.019,0.0162,0.9878,1.0511,1,1,0.3,0.3078,0.0118,0.2848,0.3312,1,1,0.3,0.3078,0.0118,0.2848,0.3312,1,1
51,3.38008587561722,3.4131,0.0605,3.2937,3.5313,1,1,2.6490919557642,2.6761,0.0437,2.5908,2.7617,1,1,6.5592497625802,6.5444,0.0847,6.3782,6.7093,1,1,4.79549474076678,4.8025,0.062,4.681,4.9243,1,1,8.41991048086296,8.4402,0.0899,8.2636,8.6154,1,1,6.27213639876793,6.2886,0.0691,6.1529,6.4238,1,1,9.29394031721092,9.331,0.0893,9.1578,9.5079,1,1,7.10490577112262,7.073,0.0681,6.9387,7.2065,1,1,9.68083248283218,9.7222,0.09,9.5465,9.8978,1,1,7.54002818053297,7.4894,0.0681,7.3556,7.6227,1,1,0.3,0.2918,0.0184,0.2556,0.3282,1,1,0.2,0.1616,0.0174,0.1271,0.1952,0,1,-0.15,-0.1295,0.0149,-0.1585,-0.1002,1,1,-0.1,-0.1172,0.0147,-0.1456,-0.0881,1,1,1.16975723241009,1.2358,0.0479,1.1448,1.3326,1,1,0.818364051334181,0.8376,0.0366,0.7683,0.9115,1,1,1.77224917802126,1.803,0.0628,1.6839,1.9306,1,1,1.22554713982381,1.2855,0.0473,1.1959,1.381,1,1,1.92749400743346,1.9265,0.0666,1.7997,2.0616,1,1,1.39038469211727,1.4417,0.0514,1.3444,1.545,1,1,1.96107469695758,1.9222,0.0662,1.7979,2.0566,1,1,1.44296594681151,1.4317,0.0519,1.3337,1.5374,1,1,1.97661392972742,1.9289,0.0668,1.8031,2.0626,1,1,1.46479650840188,1.4372,0.0514,1.3399,1.5416,1,1,0.1,0.1014,0.0249,0.056,0.1514,1,1,0.1,0.1187,0.0249,0.0702,0.1668,1,1,0.1,0.1076,0.0217,0.0644,0.1491,1,1,0.1,0.0867,0.019,0.0524,0.1247,1,1,1,0.9866,0.0161,0.9555,1.0186,1,1,1,0.9524,0.0154,0.9229,0.9831,0,1,0.3,0.2857,0.0112,0.264,0.3078,1,1,0.3,0.2857,0.0112,0.264,0.3078,1,1
52,3.38008587561722,3.3834,0.057,3.2717,3.4959,1,1,2.6490919557642,2.67,0.0406,2.5905,2.75,1,1,6.5592497625802,6.5822,0.083,6.4187,6.7434,1,1,4.79549474076678,4.8014,0.0553,4.6929,4.9101,1,1,8.41991048086296,8.4468,0.0882,8.2735,8.6182,1,1,6.27213639876793,6.2839,0.0616,6.1641,6.4055,1,1,9.29394031721092,9.3337,0.0907,9.1557,9.5113,1,1,7.10490577112262,7.0764,0.0626,6.9544,7.1993,1,1,9.68083248283218,9.7474,0.088,9.5738,9.9199,1,1,7.54002818053297,7.5122,0.066,7.3815,7.6424,1,1,0.3,0.334,0.0184,0.2981,0.3703,1,1,0.2,0.2094,0.0176,0.1752,0.245,1,1,-0.15,-0.1575,0.0153,-0.1872,-0.1268,1,1,-0.1,-0.0999,0.0139,-0.127,-0.0725,1,1,1.16975723241009,1.1213,0.0466,1.032,1.2146,1,1,0.818364051334181,0.7278,0.0376,0.6553,0.8023,0,1,1.77224917802126,1.7502,0.0626,1.6319,1.8768,1,1,1.22554713982381,1.1087,0.0442,1.0247,1.198,0,1,1.92749400743346,1.8796,0.0662,1.754,2.0145,1,1,1.39038469211727,1.2641,0.048,1.173,1.3606,0,1,1.96107469695758,1.9253,0.0678,1.7972,2.0635,1,1,1.44296594681151,1.2921,0.0491,1.1989,1.3916,0,1,1.97661392972742,1.8797,0.0663,1.7532,2.0138,1,1,1.46479650840188,1.3667,0.0508,1.2692,1.4692,1,1,0.1,0.131,0.0225,0.0838,0.173,1,1,0.1,0.1334,0.0253,0.0831,0.1797,1,1,0.1,0.097,0.0206,0.0573,0.1383,1,1,0.1,0.0807,0.0177,0.0491,0.1186,1,1,1,1.0125,0.0166,0.9806,1.0454,1,1,1,1.0097,0.0164,0.9782,1.0424,1,1,0.3,0.3046,0.0119,0.2817,0.3281,1,1,0.3,0.3046,0.0119,0.2817,0.3281,1,1
53,3.38008587561722,3.2881,0.0569,3.1764,3.3991,1,1,2.6490919557642,2.6154,0.0409,2.5353,2.6954,1,1,6.5592497625802,6.5306,0.0794,6.3743,6.6847,1,1,4.79549474076678,4.7528,0.056,4.6438,4.8625,1,1,8.41991048086296,8.4024,0.0876,8.2303,8.5747,1,1,6.27213639876793,6.1826,0.064,6.056,6.3075,1,1,9.29394031721092,9.2683,0.0924,9.0864,9.4499,1,1,7.10490577112262,7.0356,0.0668,6.9049,7.1673,1,1,9.68083248283218,9.6769,0.0931,9.4952,9.8604,1,1,7.54002818053297,7.425,0.0662,7.2953,7.5559,1,1,0.3,0.2923,0.0182,0.2566,0.3279,1,1,0.2,0.161,0.0167,0.1295,0.1941,0,1,-0.15,-0.1352,0.0155,-0.1656,-0.1048,1,1,-0.1,-0.1157,0.0143,-0.1442,-0.0877,1,1,1.16975723241009,1.138,0.0452,1.0527,1.2292,1,1,0.818364051334181,0.7534,0.0357,0.6854,0.825,1,1,1.77224917802126,1.6875,0.0596,1.5746,1.8084,1,1,1.22554713982381,1.1382,0.0437,1.0554,1.2276,1,1,1.92749400743346,1.8781,0.0647,1.7542,2.0096,1,1,1.39038469211727,1.3323,0.0488,1.2393,1.432,1,1,1.96107469695758,1.9928,0.0685,1.8628,2.1323,1,1,1.44296594681151,1.4004,0.0505,1.3049,1.5032,1,1,1.97661392972742,2.005,0.0688,1.8743,2.1459,1,1,1.46479650840188,1.3927,0.0504,1.2974,1.4947,1,1,0.1,0.0782,0.0197,0.046,0.1208,1,1,0.1,0.0915,0.0234,0.0504,0.1385,1,1,0.1,0.1203,0.0218,0.0755,0.1608,1,1,0.1,0.106,0.0198,0.066,0.1439,1,1,1,0.9725,0.0162,0.9412,1.0048,1,1,1,0.9863,0.0158,0.9559,1.0176,1,1,0.3,0.2913,0.0114,0.2691,0.3139,1,1,0.3,0.2913,0.0114,0.2691,0.3139,1,1
54,3.38008587561722,3.3778,0.0595,3.262,3.4952,1,1,2.6490919557642,2.6114,0.0436,2.5263,2.6967,1,1,6.5592497625802,6.5928,0.0863,6.4238,6.7615,1,1,4.79549474076678,4.7626,0.0588,4.648,4.8782,1,1,8.41991048086296,8.4694,0.0921,8.29,8.6503,1,1,6.27213639876793,6.2133,0.0668,6.0822,6.3431,1,1,9.29394031721092,9.3749,0.0951,9.1884,9.56,1,1,7.10490577112262,7.0445,0.0688,6.9098,7.1791,1,1,9.68083248283218,9.747,0.095,9.5612,9.9349,1,1,7.54002818053297,7.46,0.0695,7.3247,7.5965,1,1,0.3,0.3189,0.0191,0.2814,0.3566,1,1,0.2,0.2249,0.0179,0.19,0.2603,1,1,-0.15,-0.1395,0.0151,-0.1694,-0.1102,1,1,-0.1,-0.0968,0.0143,-0.1244,-0.0686,1,1,1.16975723241009,1.1916,0.0483,1.0985,1.2887,1,1,0.818364051334181,0.8017,0.0388,0.7272,0.8794,1,1,1.77224917802126,1.8305,0.065,1.7069,1.9627,1,1,1.22554713982381,1.1907,0.0467,1.1019,1.2847,1,1,1.92749400743346,1.9591,0.0684,1.8305,2.0982,1,1,1.39038469211727,1.3882,0.0514,1.2904,1.492,1,1,1.96107469695758,2.0436,0.0708,1.9101,2.1877,1,1,1.44296594681151,1.4348,0.0532,1.3347,1.5426,1,1,1.97661392972742,2.039,0.0703,1.9051,2.1818,1,1,1.46479650840188,1.4553,0.0533,1.3555,1.5648,1,1,0.1,0.1051,0.0263,0.0559,0.1583,1,1,0.1,0.1704,0.0204,0.1294,0.2088,0,1,0.1,0.1194,0.0212,0.0772,0.1604,1,1,0.1,0.0743,0.0166,0.0461,0.1094,1,1,1,1.0139,0.0167,0.9816,1.0472,1,1,1,0.984,0.016,0.953,1.0157,1,1,0.3,0.2787,0.0117,0.2559,0.3017,1,1,0.3,0.2787,0.0117,0.2559,0.3017,1,1
55,3.38008587561722,3.3783,0.0619,3.2573,3.5002,1,1,2.6490919557642,2.6279,0.0443,2.541,2.7145,1,1,6.5592497625802,6.529,0.0839,6.3651,6.6941,1,1,4.79549474076678,4.7892,0.061,4.6695,4.9091,1,1,8.41991048086296,8.3464,0.0881,8.1735,8.5188,1,1,6.27213639876793,6.1987,0.069,6.0641,6.3344,1,1,9.29394031721092,9.2075,0.0929,9.0259,9.3903,1,1,7.10490577112262,7.0449,0.0704,6.9059,7.1806,1,1,9.68083248283218,9.5915,0.0911,9.4131,9.7696,1,1,7.54002818053297,7.4435,0.0729,7.3007,7.5874,1,1,0.3,0.3439,0.0179,0.3096,0.3795,0,1,0.2,0.217,0.0173,0.1829,0.2513,1,1,-0.15,-0.1364,0.0153,-0.1664,-0.1064,1,1,-0.1,-0.0978,0.015,-0.1268,-0.068,1,1,1.16975723241009,1.2395,0.05,1.1449,1.3412,1,1,0.818364051334181,0.8226,0.0386,0.7483,0.9005,1,1,1.77224917802126,1.7697,0.0629,1.6498,1.8965,1,1,1.22554713982381,1.2517,0.0476,1.1622,1.3474,1,1,1.92749400743346,1.8708,0.066,1.7466,2.003,1,1,1.39038469211727,1.4378,0.0525,1.3391,1.5439,1,1,1.96107469695758,1.9832,0.0689,1.8523,2.1223,1,1,1.44296594681151,1.4805,0.0537,1.3779,1.5887,1,1,1.97661392972742,1.9481,0.0683,1.8194,2.0862,1,1,1.46479650840188,1.5311,0.0548,1.4266,1.6416,1,1,0.1,0.0957,0.0248,0.0527,0.1478,1,1,0.1,0.1095,0.024,0.0653,0.1573,1,1,0.1,0.1151,0.0216,0.0725,0.1556,1,1,0.1,0.1013,0.0209,0.0617,0.1419,1,1,1,1.019,0.0169,0.9864,1.0527,1,1,1,1.0008,0.0163,0.9693,1.0335,1,1,0.3,0.2925,0.012,0.2694,0.3162,1,1,0.3,0.2925,0.012,0.2694,0.3162,1,1
56,3.38008587561722,3.2692,0.0557,3.1595,3.3781,0,1,2.6490919557642,2.5917,0.0403,2.5121,2.671,1,1,6.5592497625802,6.4508,0.0824,6.289,6.6135,1,1,4.79549474076678,4.701,0.0589,4.5858,4.8166,1,1,8.41991048086296,8.304,0.0896,8.1281,8.4794,1,1,6.27213639876793,6.2287,0.0645,6.1021,6.3539,1,1,9.29394031721092,9.2071,0.0918,9.0275,9.3877,1,1,7.10490577112262,7.0233,0.0668,6.8924,7.1542,1,1,9.68083248283218,9.647,0.0959,9.4584,9.8337,1,1,7.54002818053297,7.5167,0.0687,7.3819,7.6516,1,1,0.3,0.3272,0.019,0.2905,0.3649,1,1,0.2,0.1835,0.0165,0.152,0.2163,1,1,-0.15,-0.1268,0.0148,-0.1564,-0.0978,1,1,-0.1,-0.1046,0.0151,-0.1342,-0.0753,1,1,1.16975723241009,1.0812,0.0461,0.9929,1.1739,1,1,0.818364051334181,0.7349,0.0351,0.6675,0.8046,0,1,1.77224917802126,1.7376,0.0615,1.6214,1.8627,1,1,1.22554713982381,1.206,0.0458,1.1195,1.2985,1,1,1.92749400743346,1.9209,0.0676,1.7924,2.0574,1,1,1.39038469211727,1.3453,0.0491,1.2519,1.4442,1,1,1.96107469695758,1.9461,0.068,1.8178,2.0834,1,1,1.44296594681151,1.4012,0.0505,1.3059,1.5037,1,1,1.97661392972742,2.0488,0.071,1.9152,2.1933,1,1,1.46479650840188,1.4362,0.0519,1.3384,1.5419,1,1,0.1,0.1014,0.0248,0.0569,0.1513,1,1,0.1,0.0813,0.0203,0.0464,0.1251,1,1,0.1,0.0922,0.0206,0.0543,0.1334,1,1,0.1,0.0851,0.0196,0.0499,0.1249,1,1,1,1.0312,0.0172,0.9983,1.0656,1,1,1,0.9863,0.0157,0.9558,1.0175,1,1,0.3,0.3034,0.0117,0.2805,0.3266,1,1,0.3,0.3034,0.0117,0.2805,0.3266,1,1
57,3.38008587561722,3.4527,0.0619,3.3322,3.5746,1,1,2.6490919557642,2.5838,0.0432,2.5002,2.6689,1,1,6.5592497625802,6.5347,0.0855,6.367,6.703,1,1,4.79549474076678,4.695,0.0575,4.5818,4.8071,1,1,8.41991048086296,8.42,0.0912,8.2412,8.5998,1,1,6.27213639876793,6.1488,0.065,6.0222,6.2761,1,1,9.29394031721092,9.2899,0.0953,9.1021,9.4753,1,1,7.10490577112262,7.0533,0.0679,6.9203,7.1864,1,1,9.68083248283218,9.6521,0.0952,9.4653,9.8385,1,1,7.54002818053297,7.4141,0.0669,7.2839,7.5452,1,1,0.3,0.2969,0.0187,0.261,0.334,1,1,0.2,0.1974,0.0172,0.1643,0.2319,1,1,-0.15,-0.1469,0.0153,-0.1768,-0.1164,1,1,-0.1,-0.102,0.0141,-0.1292,-0.0745,1,1,1.16975723241009,1.2446,0.0486,1.1524,1.3426,1,1,0.818364051334181,0.8077,0.0374,0.7364,0.8825,1,1,1.77224917802126,1.8131,0.0632,1.6938,1.9424,1,1,1.22554713982381,1.1671,0.0451,1.0817,1.2579,1,1,1.92749400743346,1.9568,0.0675,1.83,2.0937,1,1,1.39038469211727,1.3465,0.0497,1.2511,1.4462,1,1,1.96107469695758,2.0404,0.0697,1.9093,2.1831,1,1,1.44296594681151,1.4297,0.0518,1.3311,1.5343,1,1,1.97661392972742,2.0468,0.0703,1.9148,2.1896,1,1,1.46479650840188,1.3958,0.0508,1.2999,1.4987,1,1,0.1,0.1083,0.026,0.058,0.1579,1,1,0.1,0.1231,0.0234,0.0764,0.1663,1,1,0.1,0.0908,0.0211,0.0529,0.1348,1,1,0.1,0.084,0.0195,0.0483,0.124,1,1,1,0.9951,0.0164,0.9634,1.0276,1,1,1,0.9894,0.0159,0.959,1.021,1,1,0.3,0.3041,0.0117,0.2814,0.3273,1,1,0.3,0.3041,0.0117,0.2814,0.3273,1,1
58,3.38008587561722,3.3602,0.0592,3.2444,3.4756,1,1,2.6490919557642,2.6794,0.0432,2.5946,2.7635,1,1,6.5592497625802,6.5608,0.0838,6.3977,6.7248,1,1,4.79549474076678,4.8468,0.0559,4.737,4.9564,1,1,8.41991048086296,8.4212,0.0909,8.2437,8.6,1,1,6.27213639876793,6.3002,0.0653,6.1727,6.4289,1,1,9.29394031721092,9.3245,0.0906,9.146,9.5014,1,1,7.10490577112262,7.1079,0.0663,6.9786,7.2383,1,1,9.68083248283218,9.7371,0.0908,9.5593,9.9156,1,1,7.54002818053297,7.5199,0.067,7.3889,7.6516,1,1,0.3,0.2841,0.0177,0.2502,0.32,1,1,0.2,0.2012,0.0177,0.1666,0.2357,1,1,-0.15,-0.1408,0.0153,-0.1706,-0.1108,1,1,-0.1,-0.1059,0.0146,-0.1347,-0.0771,1,1,1.16975723241009,1.1989,0.0469,1.1091,1.2941,1,1,0.818364051334181,0.8004,0.0384,0.7266,0.8775,1,1,1.77224917802126,1.7835,0.0622,1.6653,1.9089,1,1,1.22554713982381,1.1215,0.0443,1.0374,1.2108,0,1,1.92749400743346,1.9542,0.0671,1.827,2.0899,1,1,1.39038469211727,1.3527,0.0498,1.2585,1.4533,1,1,1.96107469695758,1.9591,0.0674,1.8313,2.0951,1,1,1.44296594681151,1.3735,0.0506,1.2772,1.4755,1,1,1.97661392972742,1.9625,0.0674,1.8358,2.0998,1,1,1.46479650840188,1.393,0.0506,1.2978,1.496,1,1,0.1,0.091,0.0228,0.0513,0.1375,1,1,0.1,0.1465,0.0207,0.103,0.1843,0,1,0.1,0.115,0.0216,0.072,0.1565,1,1,0.1,0.084,0.0191,0.0503,0.1244,1,1,1,0.9677,0.0158,0.9373,0.999,0,1,1,0.9959,0.0161,0.9649,1.0281,1,1,0.3,0.2948,0.0115,0.2723,0.3176,1,1,0.3,0.2948,0.0115,0.2723,0.3176,1,1
59,3.38008587561722,3.4124,0.06,3.2946,3.5287,1,1,2.6490919557642,2.715,0.043,2.6303,2.7987,1,1,6.5592497625802,6.6296,0.0836,6.4659,6.7948,1,1,4.79549474076678,4.9005,0.0575,4.788,5.0128,1,1,8.41991048086296,8.4783,0.0918,8.2982,8.6566,1,1,6.27213639876793,6.3495,0.0641,6.2235,6.4748,1,1,9.29394031721092,9.3793,0.0916,9.201,9.5592,1,1,7.10490577112262,7.2078,0.0687,7.0735,7.3425,1,1,9.68083248283218,9.772,0.0948,9.586,9.9573,1,1,7.54002818053297,7.6696,0.0691,7.5344,7.8057,1,1,0.3,0.3013,0.0176,0.2676,0.3359,1,1,0.2,0.2252,0.0167,0.1926,0.2583,1,1,-0.15,-0.1612,0.0143,-0.1895,-0.1332,1,1,-0.1,-0.107,0.0151,-0.1366,-0.0775,1,1,1.16975723241009,1.1957,0.0477,1.1061,1.2924,1,1,0.818364051334181,0.8018,0.0382,0.7282,0.8784,1,1,1.77224917802126,1.779,0.0626,1.6607,1.9061,1,1,1.22554713982381,1.1659,0.0454,1.0795,1.2576,1,1,1.92749400743346,1.9712,0.068,1.8415,2.1095,1,1,1.39038469211727,1.3309,0.0498,1.2368,1.4324,1,1,1.96107469695758,1.9777,0.0688,1.8479,2.1174,1,1,1.44296594681151,1.4361,0.0522,1.3366,1.5406,1,1,1.97661392972742,2.0401,0.07,1.9081,2.1818,1,1,1.46479650840188,1.4456,0.0526,1.3453,1.5528,1,1,0.1,0.0949,0.0232,0.0532,0.1423,1,1,0.1,0.0895,0.0221,0.0496,0.1346,1,1,0.1,0.0843,0.0183,0.0517,0.1222,1,1,0.1,0.1085,0.0212,0.0659,0.1494,1,1,1,0.9908,0.0161,0.9595,1.0226,1,1,1,1.0006,0.0159,0.9697,1.0322,1,1,0.3,0.2893,0.0115,0.267,0.3121,1,1,0.3,0.2893,0.0115,0.267,0.3121,1,1
60,3.38008587561722,3.4174,0.0603,3.2998,3.5362,1,1,2.6490919557642,2.5835,0.044,2.4972,2.6697,1,1,6.5592497625802,6.6322,0.085,6.4662,6.7996,1,1,4.79549474076678,4.7705,0.0626,4.6474,4.8932,1,1,8.41991048086296,8.445,0.0926,8.2637,8.6266,1,1,6.27213639876793,6.2225,0.0687,6.0876,6.3567,1,1,9.29394031721092,9.2947,0.0962,9.1084,9.4846,1,1,7.10490577112262,7.046,0.0708,6.9062,7.1835,1,1,9.68083248283218,9.6942,0.0943,9.5096,9.8787,1,1,7.54002818053297,7.4271,0.0694,7.2906,7.5622,1,1,0.3,0.3147,0.0183,0.2791,0.3513,1,1,0.2,0.1912,0.0166,0.1594,0.2248,1,1,-0.15,-0.1355,0.0153,-0.1657,-0.1055,1,1,-0.1,-0.0819,0.0151,-0.1117,-0.0525,1,1,1.16975723241009,1.2086,0.0478,1.1179,1.3046,1,1,0.818364051334181,0.8341,0.0372,0.7629,0.9091,1,1,1.77224917802126,1.8079,0.0635,1.6872,1.9365,1,1,1.22554713982381,1.3016,0.0484,1.2094,1.3995,1,1,1.92749400743346,1.9808,0.0691,1.8498,2.1218,1,1,1.39038469211727,1.4498,0.0519,1.3527,1.5554,1,1,1.96107469695758,2.0612,0.0709,1.9274,2.2046,1,1,1.44296594681151,1.4977,0.0536,1.3968,1.6067,1,1,1.97661392972742,2.0392,0.0702,1.9073,2.1812,1,1,1.46479650840188,1.4667,0.0527,1.3665,1.5735,1,1,0.1,0.0847,0.0212,0.0489,0.1315,1,1,0.1,0.0849,0.023,0.048,0.134,1,1,0.1,0.1134,0.0208,0.0709,0.1531,1,1,0.1,0.1086,0.0202,0.0681,0.1471,1,1,1,1.0179,0.0168,0.9854,1.0513,1,1,1,0.9989,0.016,0.9679,1.0307,1,1,0.3,0.3172,0.0118,0.2943,0.3405,1,1,0.3,0.3172,0.0118,0.2943,0.3405,1,1
61,3.38008587561722,3.3583,0.0552,3.2506,3.4671,1,1,2.6490919557642,2.6692,0.0441,2.5827,2.7557,1,1,6.5592497625802,6.5245,0.0802,6.3669,6.6818,1,1,4.79549474076678,4.782,0.0589,4.6664,4.8961,1,1,8.41991048086296,8.3873,0.0879,8.2146,8.5588,1,1,6.27213639876793,6.2104,0.0658,6.0805,6.339,1,1,9.29394031721092,9.286,0.09,9.1073,9.4612,1,1,7.10490577112262,7.0663,0.068,6.9331,7.1982,1,1,9.68083248283218,9.6935,0.0928,9.5118,9.8756,1,1,7.54002818053297,7.5306,0.0692,7.3945,7.6669,1,1,0.3,0.3147,0.0182,0.2801,0.3506,1,1,0.2,0.2102,0.0174,0.1767,0.245,1,1,-0.15,-0.1362,0.0147,-0.1653,-0.1082,1,1,-0.1,-0.1325,0.0153,-0.1627,-0.1025,0,1,1.16975723241009,1.0832,0.0451,0.9973,1.1746,1,1,0.818364051334181,0.8382,0.0378,0.7655,0.9135,1,1,1.77224917802126,1.6774,0.0601,1.564,1.7985,1,1,1.22554713982381,1.205,0.0461,1.1167,1.2988,1,1,1.92749400743346,1.8797,0.0659,1.7542,2.0151,1,1,1.39038469211727,1.3668,0.0497,1.2719,1.467,1,1,1.96107469695758,1.9204,0.0669,1.7947,2.0568,1,1,1.44296594681151,1.4187,0.0516,1.3209,1.5233,1,1,1.97661392972742,1.9813,0.0687,1.8523,2.1199,1,1,1.46479650840188,1.4494,0.0524,1.3504,1.5555,1,1,0.1,0.1006,0.0235,0.0572,0.1477,1,1,0.1,0.1045,0.025,0.0586,0.1527,1,1,0.1,0.0791,0.0183,0.0466,0.1161,1,1,0.1,0.1032,0.0209,0.065,0.1443,1,1,1,1.0214,0.0168,0.9892,1.0546,1,1,1,0.965,0.0153,0.9356,0.9954,0,1,0.3,0.2991,0.0116,0.2765,0.3219,1,1,0.3,0.2991,0.0116,0.2765,0.3219,1,1
62,3.38008587561722,3.3689,0.0604,3.2504,3.4868,1,1,2.6490919557642,2.6306,0.0422,2.548,2.7135,1,1,6.5592497625802,6.5542,0.0821,6.3929,6.7149,1,1,4.79549474076678,4.806,0.0585,4.6927,4.9208,1,1,8.41991048086296,8.5142,0.0908,8.3361,8.6914,1,1,6.27213639876793,6.254,0.0651,6.1257,6.3799,1,1,9.29394031721092,9.4366,0.0912,9.2568,9.6143,1,1,7.10490577112262,7.1072,0.0679,6.9741,7.2402,1,1,9.68083248283218,9.8754,0.0921,9.6939,10.0545,0,1,7.54002818053297,7.5624,0.0686,7.429,7.6977,1,1,0.3,0.3015,0.0183,0.2658,0.3375,1,1,0.2,0.2001,0.016,0.1687,0.2323,1,1,-0.15,-0.1618,0.0152,-0.1919,-0.1323,1,1,-0.1,-0.1167,0.0151,-0.146,-0.0872,1,1,1.16975723241009,1.2204,0.0485,1.1279,1.318,1,1,0.818364051334181,0.7905,0.0368,0.7201,0.8643,1,1,1.77224917802126,1.7303,0.0618,1.613,1.855,1,1,1.22554713982381,1.1973,0.0455,1.1101,1.289,1,1,1.92749400743346,1.9356,0.0675,1.8071,2.0724,1,1,1.39038469211727,1.3555,0.0498,1.2616,1.4556,1,1,1.96107469695758,1.9533,0.0675,1.8255,2.0894,1,1,1.44296594681151,1.4178,0.0513,1.3209,1.5218,1,1,1.97661392972742,1.9689,0.068,1.8409,2.1074,1,1,1.46479650840188,1.4414,0.0519,1.342,1.5461,1,1,0.1,0.0954,0.0236,0.0532,0.1412,1,1,0.1,0.0847,0.0208,0.0488,0.1283,1,1,0.1,0.1045,0.0205,0.0643,0.1438,1,1,0.1,0.1169,0.0206,0.0758,0.1561,1,1,1,1.0137,0.0167,0.9814,1.0471,1,1,1,0.9989,0.0159,0.9681,1.0302,1,1,0.3,0.2927,0.0117,0.27,0.3161,1,1,0.3,0.2927,0.0117,0.27,0.3161,1,1
63,3.38008587561722,3.4187,0.0554,3.3108,3.527,1,1,2.6490919557642,2.6808,0.0414,2.5993,2.762,1,1,6.5592497625802,6.5628,0.0794,6.407,6.719,1,1,4.79549474076678,4.8427,0.0564,4.732,4.9543,1,1,8.41991048086296,8.4062,0.0883,8.2322,8.5792,1,1,6.27213639876793,6.2985,0.0648,6.1716,6.4269,1,1,9.29394031721092,9.3169,0.0874,9.146,9.4882,1,1,7.10490577112262,7.1609,0.0674,7.0273,7.2925,1,1,9.68083248283218,9.6549,0.0873,9.4829,9.8243,1,1,7.54002818053297,7.5656,0.0667,7.4346,7.6959,1,1,0.3,0.3002,0.0181,0.2653,0.3361,1,1,0.2,0.2504,0.0175,0.2168,0.2852,0,1,-0.15,-0.1607,0.0154,-0.1907,-0.1301,1,1,-0.1,-0.101,0.0141,-0.1289,-0.0739,1,1,1.16975723241009,1.0931,0.0446,1.0081,1.1832,1,1,0.818364051334181,0.7203,0.0392,0.6444,0.7981,0,1,1.77224917802126,1.6837,0.0598,1.5705,1.8045,1,1,1.22554713982381,1.1361,0.046,1.0489,1.2286,1,1,1.92749400743346,1.8886,0.0654,1.7658,2.0218,1,1,1.39038469211727,1.3133,0.0502,1.2179,1.4151,1,1,1.96107469695758,1.8688,0.0653,1.7462,2.0031,1,1,1.44296594681151,1.3951,0.0524,1.2952,1.5015,1,1,1.97661392972742,1.864,0.0655,1.7405,1.9976,1,1,1.46479650840188,1.3732,0.0514,1.276,1.4773,1,1,0.1,0.1102,0.0242,0.0636,0.1569,1,1,0.1,0.1068,0.0251,0.0593,0.156,1,1,0.1,0.1166,0.0226,0.072,0.1596,1,1,0.1,0.0888,0.0184,0.0545,0.1251,1,1,1,0.9759,0.016,0.9453,1.0076,1,1,1,1.0481,0.0171,1.0152,1.0824,0,1,0.3,0.2988,0.0117,0.2759,0.3221,1,1,0.3,0.2988,0.0117,0.2759,0.3221,1,1
64,3.38008587561722,3.4772,0.0596,3.3603,3.5939,1,1,2.6490919557642,2.6084,0.0422,2.5259,2.6906,1,1,6.5592497625802,6.5887,0.0852,6.4216,6.7549,1,1,4.79549474076678,4.7459,0.0576,4.6331,4.8592,1,1,8.41991048086296,8.5381,0.092,8.3573,8.7175,1,1,6.27213639876793,6.2226,0.068,6.0894,6.3553,1,1,9.29394031721092,9.3466,0.0909,9.1684,9.5246,1,1,7.10490577112262,7.0432,0.0715,6.9029,7.1831,1,1,9.68083248283218,9.6465,0.0918,9.4671,9.8256,1,1,7.54002818053297,7.5251,0.0732,7.3816,7.6679,1,1,0.3,0.3194,0.0181,0.2844,0.3558,1,1,0.2,0.2348,0.0183,0.1992,0.2711,1,1,-0.15,-0.1675,0.0148,-0.1963,-0.1388,1,1,-0.1,-0.1105,0.0145,-0.139,-0.0822,1,1,1.16975723241009,1.1864,0.0473,1.0974,1.2824,1,1,0.818364051334181,0.761,0.0389,0.6864,0.8388,1,1,1.77224917802126,1.8064,0.0641,1.6858,1.9364,1,1,1.22554713982381,1.1642,0.0468,1.0747,1.2594,1,1,1.92749400743346,1.9658,0.0679,1.8375,2.104,1,1,1.39038469211727,1.4035,0.0527,1.3038,1.5102,1,1,1.96107469695758,1.9475,0.0677,1.819,2.0848,1,1,1.44296594681151,1.4908,0.0546,1.3874,1.6009,1,1,1.97661392972742,1.9685,0.0683,1.8408,2.1075,1,1,1.46479650840188,1.5343,0.0552,1.4297,1.647,1,1,0.1,0.0873,0.0213,0.0491,0.1305,1,1,0.1,0.1639,0.0219,0.119,0.2052,0,1,0.1,0.0902,0.0201,0.0545,0.1318,1,1,0.1,0.0806,0.0178,0.0483,0.1163,1,1,1,1.0076,0.0165,0.9759,1.0402,1,1,1,1.0173,0.0167,0.9854,1.0505,1,1,0.3,0.3052,0.0119,0.2818,0.3286,1,1,0.3,0.3052,0.0119,0.2818,0.3286,1,1
65,3.38008587561722,3.3867,0.0598,3.2691,3.5036,1,1,2.6490919557642,2.6736,0.0444,2.5866,2.7606,1,1,6.5592497625802,6.5265,0.0826,6.3651,6.6873,1,1,4.79549474076678,4.7738,0.063,4.6505,4.8979,1,1,8.41991048086296,8.4553,0.0891,8.2817,8.6294,1,1,6.27213639876793,6.2792,0.0707,6.1408,6.4179,1,1,9.29394031721092,9.4188,0.0923,9.2405,9.5998,1,1,7.10490577112262,7.0896,0.0702,6.9525,7.2271,1,1,9.68083248283218,9.791,0.0925,9.608,9.9718,1,1,7.54002818053297,7.492,0.0732,7.3484,7.6369,1,1,0.3,0.2985,0.019,0.2616,0.3358,1,1,0.2,0.2011,0.0162,0.1687,0.233,1,1,-0.15,-0.1661,0.0155,-0.1965,-0.1356,1,1,-0.1,-0.0922,0.0149,-0.1208,-0.0627,1,1,1.16975723241009,1.1991,0.0476,1.1091,1.2951,1,1,0.818364051334181,0.8465,0.0375,0.7746,0.9218,1,1,1.77224917802126,1.747,0.0618,1.6302,1.873,1,1,1.22554713982381,1.308,0.0483,1.216,1.4057,1,1,1.92749400743346,1.907,0.0662,1.7819,2.0405,1,1,1.39038469211727,1.5001,0.0532,1.3995,1.6069,0,1,1.96107469695758,1.974,0.0685,1.8445,2.1127,1,1,1.44296594681151,1.4792,0.0528,1.3796,1.587,1,1,1.97661392972742,1.9856,0.0684,1.8555,2.1239,1,1,1.46479650840188,1.5574,0.0548,1.4536,1.6687,1,1,0.1,0.1237,0.0242,0.0734,0.1697,1,1,0.1,0.074,0.0187,0.0438,0.1161,1,1,0.1,0.1072,0.0215,0.0666,0.1501,1,1,0.1,0.0898,0.0205,0.0531,0.1316,1,1,1,1.008,0.0167,0.9757,1.0415,1,1,1,0.9842,0.0158,0.9538,1.0157,1,1,0.3,0.2947,0.0116,0.2722,0.3178,1,1,0.3,0.2947,0.0116,0.2722,0.3178,1,1
66,3.38008587561722,3.4039,0.059,3.2878,3.5197,1,1,2.6490919557642,2.6612,0.043,2.5776,2.7455,1,1,6.5592497625802,6.6093,0.0856,6.4425,6.7774,1,1,4.79549474076678,4.7899,0.0596,4.6734,4.9075,1,1,8.41991048086296,8.4999,0.0915,8.3206,8.6779,1,1,6.27213639876793,6.265,0.0667,6.1335,6.3954,1,1,9.29394031721092,9.3024,0.0952,9.115,9.4881,1,1,7.10490577112262,7.085,0.0701,6.9483,7.2223,1,1,9.68083248283218,9.7448,0.0913,9.5653,9.9229,1,1,7.54002818053297,7.4778,0.0688,7.3439,7.6141,1,1,0.3,0.3034,0.0181,0.2674,0.3389,1,1,0.2,0.2016,0.0167,0.1693,0.2342,1,1,-0.15,-0.1716,0.0154,-0.2016,-0.1412,1,1,-0.1,-0.105,0.0145,-0.1331,-0.0763,1,1,1.16975723241009,1.1834,0.0472,1.0937,1.2788,1,1,0.818364051334181,0.8072,0.0373,0.7363,0.8818,1,1,1.77224917802126,1.8217,0.0635,1.7015,1.9508,1,1,1.22554713982381,1.2247,0.0465,1.1363,1.3188,1,1,1.92749400743346,1.9641,0.0678,1.8349,2.1023,1,1,1.39038469211727,1.3864,0.0501,1.2921,1.4885,1,1,1.96107469695758,2.0427,0.0699,1.9098,2.1844,1,1,1.44296594681151,1.4825,0.053,1.3819,1.5905,1,1,1.97661392972742,1.9651,0.0679,1.8356,2.1019,1,1,1.46479650840188,1.446,0.0522,1.3459,1.5509,1,1,0.1,0.1067,0.0249,0.0609,0.1555,1,1,0.1,0.0955,0.0232,0.0544,0.1422,1,1,0.1,0.0961,0.02,0.0592,0.1359,1,1,0.1,0.1006,0.0202,0.0623,0.14,1,1,1,0.9961,0.0162,0.9647,1.0281,1,1,1,0.9886,0.0158,0.9583,1.0202,1,1,0.3,0.3051,0.0116,0.2824,0.328,1,1,0.3,0.3051,0.0116,0.2824,0.328,1,1
67,3.38008587561722,3.4435,0.0583,3.3295,3.5572,1,1,2.6490919557642,2.6335,0.044,2.5478,2.7201,1,1,6.5592497625802,6.6933,0.0803,6.5348,6.8509,1,1,4.79549474076678,4.8435,0.0606,4.7243,4.9623,1,1,8.41991048086296,8.5798,0.0836,8.4159,8.7446,1,1,6.27213639876793,6.267,0.0669,6.1364,6.3982,1,1,9.29394031721092,9.4126,0.0828,9.2518,9.5757,1,1,7.10490577112262,7.0734,0.0695,6.9358,7.209,1,1,9.68083248283218,9.8427,0.0836,9.679,10.0059,1,1,7.54002818053297,7.5223,0.0691,7.3869,7.6566,1,1,0.3,0.3035,0.0175,0.2705,0.338,1,1,0.2,0.2165,0.0167,0.1841,0.2495,1,1,-0.15,-0.1623,0.0153,-0.1921,-0.1321,1,1,-0.1,-0.0832,0.0144,-0.1109,-0.0551,1,1,1.16975723241009,1.1698,0.0469,1.0811,1.2655,1,1,0.818364051334181,0.8186,0.0378,0.7461,0.8947,1,1,1.77224917802126,1.7007,0.0603,1.5868,1.8233,1,1,1.22554713982381,1.2415,0.047,1.152,1.3358,1,1,1.92749400743346,1.7749,0.0623,1.6566,1.9012,0,1,1.39038469211727,1.3858,0.0507,1.2902,1.4881,1,1,1.96107469695758,1.7608,0.0622,1.6435,1.8878,0,1,1.44296594681151,1.4675,0.0529,1.3664,1.5738,1,1,1.97661392972742,1.7745,0.0627,1.6554,1.9013,0,1,1.46479650840188,1.4534,0.0523,1.3544,1.5584,1,1,0.1,0.1014,0.0248,0.0549,0.1492,1,1,0.1,0.0911,0.0227,0.0515,0.1383,1,1,0.1,0.1092,0.0216,0.0662,0.15,1,1,0.1,0.0831,0.0185,0.0498,0.121,1,1,1,0.9982,0.0162,0.9672,1.0308,1,1,1,1.0062,0.0164,0.9747,1.0386,1,1,0.3,0.3053,0.0118,0.2826,0.3285,1,1,0.3,0.3053,0.0118,0.2826,0.3285,1,1
68,3.38008587561722,3.2922,0.058,3.1788,3.4064,1,1,2.6490919557642,2.6404,0.0404,2.5622,2.7206,1,1,6.5592497625802,6.4446,0.0816,6.2842,6.6037,1,1,4.79549474076678,4.8379,0.0558,4.7288,4.9468,1,1,8.41991048086296,8.3226,0.0895,8.1473,8.498,1,1,6.27213639876793,6.2903,0.0626,6.1686,6.4131,1,1,9.29394031721092,9.1815,0.0949,8.9941,9.367,1,1,7.10490577112262,7.0688,0.065,6.9424,7.1966,1,1,9.68083248283218,9.5537,0.0934,9.3685,9.736,1,1,7.54002818053297,7.5109,0.0662,7.3813,7.6413,1,1,0.3,0.3138,0.0184,0.2781,0.3509,1,1,0.2,0.2014,0.0174,0.1679,0.2353,1,1,-0.15,-0.1349,0.0149,-0.1642,-0.1058,1,1,-0.1,-0.1093,0.015,-0.1387,-0.0806,1,1,1.16975723241009,1.1558,0.0468,1.0656,1.2509,1,1,0.818364051334181,0.7295,0.0364,0.6587,0.8017,0,1,1.77224917802126,1.7284,0.0614,1.6113,1.8527,1,1,1.22554713982381,1.1269,0.0442,1.0427,1.2159,0,1,1.92749400743346,1.9086,0.0666,1.783,2.0428,1,1,1.39038469211727,1.2834,0.0481,1.1922,1.3803,0,1,1.96107469695758,2.0242,0.0693,1.8934,2.165,1,1,1.44296594681151,1.3543,0.0504,1.2589,1.4565,1,1,1.97661392972742,2.0086,0.0693,1.878,2.1493,1,1,1.46479650840188,1.3837,0.0503,1.288,1.4851,1,1,0.1,0.0749,0.0188,0.0442,0.1171,1,1,0.1,0.1091,0.0232,0.0653,0.1557,1,1,0.1,0.1052,0.0205,0.065,0.1447,1,1,0.1,0.097,0.0219,0.0545,0.1386,1,1,1,1.0212,0.017,0.9884,1.055,1,1,1,1.0018,0.0163,0.9706,1.0344,1,1,0.3,0.3077,0.0117,0.2847,0.331,1,1,0.3,0.3077,0.0117,0.2847,0.331,1,1
69,3.38008587561722,3.3591,0.0574,3.2469,3.4712,1,1,2.6490919557642,2.6543,0.0443,2.5676,2.7409,1,1,6.5592497625802,6.3912,0.0805,6.2335,6.5482,0,1,4.79549474076678,4.7965,0.0601,4.6784,4.9146,1,1,8.41991048086296,8.2795,0.0888,8.1048,8.4534,1,1,6.27213639876793,6.2201,0.0645,6.0932,6.3468,1,1,9.29394031721092,9.1284,0.0902,8.952,9.3067,1,1,7.10490577112262,7.0982,0.0685,6.9641,7.2324,1,1,9.68083248283218,9.5686,0.0929,9.3852,9.7506,1,1,7.54002818053297,7.4884,0.0692,7.352,7.624,1,1,0.3,0.3249,0.0176,0.2905,0.3589,1,1,0.2,0.186,0.0169,0.1527,0.2197,1,1,-0.15,-0.1186,0.0152,-0.1481,-0.0894,0,1,-0.1,-0.1147,0.0145,-0.1428,-0.0861,1,1,1.16975723241009,1.1414,0.0461,1.0544,1.2339,1,1,0.818364051334181,0.8447,0.0375,0.7732,0.9193,1,1,1.77224917802126,1.7099,0.0608,1.5948,1.8336,1,1,1.22554713982381,1.2374,0.0461,1.1505,1.3303,1,1,1.92749400743346,1.8959,0.0659,1.7709,2.0297,1,1,1.39038469211727,1.3496,0.0493,1.2567,1.45,1,1,1.96107469695758,1.9152,0.0666,1.7888,2.0491,1,1,1.44296594681151,1.4433,0.0518,1.3449,1.5489,1,1,1.97661392972742,2.0036,0.0694,1.8721,2.145,1,1,1.46479650840188,1.4538,0.0521,1.3556,1.56,1,1,0.1,0.07,0.0158,0.0434,0.1051,1,1,0.1,0.0922,0.0215,0.0535,0.1356,1,1,0.1,0.1065,0.0193,0.0706,0.1449,1,1,0.1,0.0817,0.019,0.0471,0.1209,1,1,1,1.0154,0.0166,0.9832,1.0483,1,1,1,0.9971,0.016,0.9662,1.0289,1,1,0.3,0.3286,0.0118,0.3059,0.3521,0,1,0.3,0.3286,0.0118,0.3059,0.3521,0,1
70,3.38008587561722,3.3819,0.0564,3.2716,3.4924,1,1,2.6490919557642,2.673,0.0432,2.5892,2.7584,1,1,6.5592497625802,6.53,0.0791,6.3741,6.6842,1,1,4.79549474076678,4.8093,0.0576,4.6967,4.923,1,1,8.41991048086296,8.3539,0.085,8.1872,8.5198,1,1,6.27213639876793,6.2818,0.0666,6.1496,6.4121,1,1,9.29394031721092,9.2619,0.0855,9.0931,9.4292,1,1,7.10490577112262,7.1675,0.0661,7.0377,7.297,1,1,9.68083248283218,9.6363,0.0835,9.4721,9.8002,1,1,7.54002818053297,7.6486,0.0716,7.5084,7.7898,1,1,0.3,0.3312,0.0187,0.2953,0.3688,1,1,0.2,0.2132,0.0165,0.1822,0.2461,1,1,-0.15,-0.1408,0.0149,-0.1701,-0.1118,1,1,-0.1,-0.0901,0.0143,-0.118,-0.0613,1,1,1.16975723241009,1.1001,0.0466,1.0108,1.1944,1,1,0.818364051334181,0.8003,0.0378,0.7275,0.8765,1,1,1.77224917802126,1.6464,0.0595,1.5325,1.7662,0,1,1.22554713982381,1.1639,0.0449,1.0784,1.254,1,1,1.92749400743346,1.7956,0.0637,1.6766,1.9251,0,1,1.39038469211727,1.3887,0.051,1.2919,1.4925,1,1,1.96107469695758,1.8168,0.0647,1.6937,1.9476,0,1,1.44296594681151,1.384,0.0505,1.2887,1.4855,1,1,1.97661392972742,1.7565,0.0627,1.6379,1.8836,0,1,1.46479650840188,1.5168,0.0543,1.4141,1.6271,1,1,0.1,0.1107,0.0261,0.0595,0.161,1,1,0.1,0.0795,0.0193,0.0466,0.1204,1,1,0.1,0.0913,0.0202,0.0551,0.1325,1,1,0.1,0.0807,0.0184,0.0482,0.1179,1,1,1,1.0307,0.0171,0.9979,1.0648,1,1,1,1.0265,0.0163,0.9953,1.0593,1,1,0.3,0.3048,0.012,0.2814,0.3284,1,1,0.3,0.3048,0.012,0.2814,0.3284,1,1
71,3.38008587561722,3.3558,0.0593,3.2396,3.4723,1,1,2.6490919557642,2.719,0.0424,2.636,2.8023,1,1,6.5592497625802,6.4926,0.0849,6.3257,6.6595,1,1,4.79549474076678,4.9015,0.0589,4.7851,5.0171,1,1,8.41991048086296,8.4345,0.0956,8.2479,8.622,1,1,6.27213639876793,6.3731,0.0653,6.2457,6.5017,1,1,9.29394031721092,9.2539,0.0973,9.0626,9.4436,1,1,7.10490577112262,7.2339,0.0668,7.1024,7.3648,1,1,9.68083248283218,9.6567,0.098,9.4649,9.8482,1,1,7.54002818053297,7.6859,0.0688,7.5509,7.8209,0,1,0.3,0.3311,0.0188,0.2945,0.3687,1,1,0.2,0.2342,0.0178,0.1996,0.2698,1,1,-0.15,-0.14,0.0152,-0.1695,-0.11,1,1,-0.1,-0.1003,0.0144,-0.1285,-0.0723,1,1,1.16975723241009,1.174,0.048,1.0826,1.2701,1,1,0.818364051334181,0.7663,0.04,0.689,0.8461,1,1,1.77224917802126,1.7882,0.0636,1.6672,1.9167,1,1,1.22554713982381,1.1875,0.0473,1.0977,1.2833,1,1,1.92749400743346,2.0543,0.0711,1.9191,2.1988,1,1,1.39038469211727,1.3498,0.0513,1.253,1.4543,1,1,1.96107469695758,2.0711,0.0712,1.9369,2.2159,1,1,1.44296594681151,1.3914,0.0524,1.2919,1.4985,1,1,1.97661392972742,2.1017,0.0725,1.9651,2.2498,1,1,1.46479650840188,1.4329,0.0531,1.3316,1.5399,1,1,0.1,0.1113,0.0259,0.0618,0.1611,1,1,0.1,0.1676,0.0203,0.1253,0.2051,0,1,0.1,0.1038,0.0215,0.0617,0.1456,1,1,0.1,0.0818,0.0185,0.049,0.1203,1,1,1,1.0371,0.0171,1.004,1.0713,0,1,1,1.0182,0.0167,0.9861,1.0515,1,1,0.3,0.313,0.0123,0.2891,0.3373,1,1,0.3,0.313,0.0123,0.2891,0.3373,1,1
72,3.38008587561722,3.4081,0.0555,3.299,3.5171,1,1,2.6490919557642,2.6222,0.0458,2.5327,2.7123,1,1,6.5592497625802,6.5818,0.0821,6.4203,6.7425,1,1,4.79549474076678,4.728,0.0617,4.6073,4.849,1,1,8.41991048086296,8.4234,0.0898,8.2484,8.5987,1,1,6.27213639876793,6.1862,0.0686,6.0523,6.322,1,1,9.29394031721092,9.2406,0.0904,9.0633,9.4193,1,1,7.10490577112262,7.0111,0.0714,6.8703,7.151,1,1,9.68083248283218,9.6249,0.0888,9.4511,9.7996,1,1,7.54002818053297,7.4363,0.0709,7.2968,7.5747,1,1,0.3,0.3033,0.0192,0.2659,0.3413,1,1,0.2,0.2151,0.0174,0.1815,0.25,1,1,-0.15,-0.1701,0.0153,-0.2001,-0.1402,1,1,-0.1,-0.0842,0.0145,-0.113,-0.056,1,1,1.16975723241009,1.0998,0.0459,1.0124,1.1915,1,1,0.818364051334181,0.8794,0.0386,0.8057,0.9568,1,1,1.77224917802126,1.7394,0.0616,1.6232,1.8651,1,1,1.22554713982381,1.2761,0.0478,1.1854,1.3725,1,1,1.92749400743346,1.9231,0.0669,1.795,2.0587,1,1,1.39038469211727,1.4388,0.0523,1.3396,1.5442,1,1,1.96107469695758,1.9433,0.0675,1.8159,2.0786,1,1,1.44296594681151,1.498,0.0538,1.3963,1.6069,1,1,1.97661392972742,1.8997,0.066,1.7747,2.0342,1,1,1.46479650840188,1.4923,0.0532,1.3916,1.6011,1,1,0.1,0.105,0.0247,0.0584,0.1549,1,1,0.1,0.1108,0.0234,0.0655,0.1555,1,1,0.1,0.11,0.0208,0.0692,0.1501,1,1,0.1,0.0786,0.0174,0.0477,0.1144,1,1,1,0.9926,0.0163,0.9611,1.0252,1,1,1,0.9964,0.0162,0.9653,1.0285,1,1,0.3,0.3062,0.0117,0.2834,0.3292,1,1,0.3,0.3062,0.0117,0.2834,0.3292,1,1
73,3.38008587561722,3.4306,0.0569,3.319,3.5425,1,1,2.6490919557642,2.61,0.0445,2.5232,2.6966,1,1,6.5592497625802,6.5291,0.0834,6.3644,6.6923,1,1,4.79549474076678,4.7192,0.0608,4.6005,4.8383,1,1,8.41991048086296,8.4385,0.0877,8.2664,8.6109,1,1,6.27213639876793,6.1674,0.0675,6.0365,6.3002,1,1,9.29394031721092,9.2805,0.0908,9.1009,9.4571,1,1,7.10490577112262,7.0077,0.0666,6.8759,7.137,1,1,9.68083248283218,9.7413,0.0918,9.5612,9.9206,1,1,7.54002818053297,7.4534,0.068,7.3193,7.5857,1,1,0.3,0.3278,0.019,0.2911,0.3657,1,1,0.2,0.1787,0.0169,0.1464,0.2116,1,1,-0.15,-0.1147,0.0145,-0.1427,-0.086,0,1,-0.1,-0.1118,0.0145,-0.1408,-0.0841,1,1,1.16975723241009,1.1109,0.0475,1.0195,1.2063,1,1,0.818364051334181,0.8462,0.0375,0.7743,0.9224,1,1,1.77224917802126,1.7604,0.0631,1.6409,1.8885,1,1,1.22554713982381,1.2525,0.0468,1.164,1.3473,1,1,1.92749400743346,1.8663,0.0657,1.743,1.9992,1,1,1.39038469211727,1.4207,0.0514,1.3221,1.5239,1,1,1.96107469695758,1.9365,0.0678,1.8087,2.0755,1,1,1.44296594681151,1.4017,0.0507,1.3057,1.5038,1,1,1.97661392972742,1.9607,0.0684,1.8306,2.0991,1,1,1.46479650840188,1.42,0.0514,1.3227,1.5243,1,1,0.1,0.1427,0.0242,0.0921,0.1871,1,1,0.1,0.093,0.0211,0.0563,0.1372,1,1,0.1,0.0888,0.0193,0.0542,0.1278,1,1,0.1,0.0994,0.0211,0.0583,0.1401,1,1,1,1.0338,0.0172,1.0007,1.0682,0,1,1,1.0175,0.0162,0.9867,1.0495,1,1,0.3,0.3157,0.0121,0.2923,0.3396,1,1,0.3,0.3157,0.0121,0.2923,0.3396,1,1
74,3.38008587561722,3.4185,0.0593,3.302,3.5348,1,1,2.6490919557642,2.648,0.0439,2.5624,2.7341,1,1,6.5592497625802,6.5182,0.0891,6.3454,6.6929,1,1,4.79549474076678,4.8209,0.0612,4.7006,4.9414,1,1,8.41991048086296,8.3589,0.0934,8.1751,8.5413,1,1,6.27213639876793,6.2981,0.0682,6.1633,6.4302,1,1,9.29394031721092,9.2731,0.095,9.0872,9.4596,1,1,7.10490577112262,7.1314,0.0717,6.99,7.2708,1,1,9.68083248283218,9.6322,0.0935,9.4476,9.8154,1,1,7.54002818053297,7.5581,0.0752,7.4115,7.7047,1,1,0.3,0.326,0.0187,0.2887,0.3621,1,1,0.2,0.2121,0.0168,0.1795,0.2453,1,1,-0.15,-0.1383,0.0146,-0.1668,-0.1098,1,1,-0.1,-0.0879,0.0147,-0.1169,-0.0587,1,1,1.16975723241009,1.18,0.0477,1.0889,1.277,1,1,0.818364051334181,0.8249,0.0382,0.7517,0.9022,1,1,1.77224917802126,1.8998,0.0665,1.7742,2.0345,0,1,1.22554713982381,1.2615,0.0475,1.1717,1.3575,1,1,1.92749400743346,2.0041,0.0696,1.8721,2.146,1,1,1.39038469211727,1.4342,0.0517,1.3364,1.5396,1,1,1.96107469695758,2.033,0.0704,1.8992,2.1764,1,1,1.44296594681151,1.5148,0.0543,1.4125,1.6255,1,1,1.97661392972742,1.9982,0.0695,1.8669,2.1396,1,1,1.46479650840188,1.5792,0.0558,1.4744,1.6923,0,1,0.1,0.1289,0.0241,0.0801,0.1746,1,1,0.1,0.0872,0.0214,0.05,0.1318,1,1,0.1,0.0777,0.0183,0.046,0.1159,1,1,0.1,0.1065,0.0216,0.0637,0.1472,1,1,1,1.0076,0.0167,0.9754,1.0408,1,1,1,0.9974,0.016,0.9665,1.0291,1,1,0.3,0.3038,0.0118,0.281,0.3268,1,1,0.3,0.3038,0.0118,0.281,0.3268,1,1
75,3.38008587561722,3.3408,0.0586,3.2259,3.4571,1,1,2.6490919557642,2.5887,0.0406,2.5087,2.668,1,1,6.5592497625802,6.491,0.0818,6.3308,6.6519,1,1,4.79549474076678,4.7311,0.0577,4.6189,4.8442,1,1,8.41991048086296,8.3872,0.0919,8.2052,8.568,1,1,6.27213639876793,6.2249,0.0642,6.1004,6.3509,1,1,9.29394031721092,9.2544,0.0908,9.0752,9.4314,1,1,7.10490577112262,7.1073,0.0684,6.9731,7.241,1,1,9.68083248283218,9.6887,0.0923,9.5085,9.8691,1,1,7.54002818053297,7.5388,0.0687,7.4061,7.6738,1,1,0.3,0.3419,0.0188,0.3055,0.3797,0,1,0.2,0.2077,0.0174,0.1743,0.2426,1,1,-0.15,-0.1459,0.0149,-0.1751,-0.1163,1,1,-0.1,-0.1123,0.0149,-0.1411,-0.083,1,1,1.16975723241009,1.1665,0.0475,1.076,1.2614,1,1,0.818364051334181,0.7267,0.0369,0.6558,0.8004,0,1,1.77224917802126,1.7307,0.0615,1.614,1.8544,1,1,1.22554713982381,1.1641,0.0458,1.0775,1.2564,1,1,1.92749400743346,1.9624,0.0686,1.8329,2.1019,1,1,1.39038469211727,1.3305,0.0497,1.2363,1.4311,1,1,1.96107469695758,1.9439,0.0677,1.8162,2.082,1,1,1.44296594681151,1.4358,0.0528,1.3359,1.5433,1,1,1.97661392972742,1.9817,0.069,1.8518,2.122,1,1,1.46479650840188,1.435,0.0523,1.3366,1.5406,1,1,0.1,0.0984,0.0247,0.0525,0.1472,1,1,0.1,0.1442,0.0213,0.1023,0.1853,0,1,0.1,0.0819,0.0192,0.0475,0.1228,1,1,0.1,0.1085,0.0206,0.0669,0.1477,1,1,1,1.0044,0.0168,0.9722,1.038,1,1,1,1.0067,0.016,0.976,1.0384,1,1,0.3,0.2902,0.0118,0.2672,0.3135,1,1,0.3,0.2902,0.0118,0.2672,0.3135,1,1
76,3.38008587561722,3.4141,0.0596,3.2973,3.5312,1,1,2.6490919557642,2.6627,0.0434,2.5775,2.7477,1,1,6.5592497625802,6.5782,0.0807,6.4204,6.7374,1,1,4.79549474076678,4.8633,0.0595,4.7468,4.9793,1,1,8.41991048086296,8.4287,0.0843,8.2627,8.5927,1,1,6.27213639876793,6.3999,0.0636,6.2755,6.5243,0,1,9.29394031721092,9.277,0.0834,9.1145,9.4434,1,1,7.10490577112262,7.2099,0.0672,7.0783,7.3414,1,1,9.68083248283218,9.6174,0.0872,9.4473,9.7889,1,1,7.54002818053297,7.65,0.0654,7.5211,7.7779,1,1,0.3,0.331,0.0185,0.2955,0.368,1,1,0.2,0.2075,0.0169,0.1747,0.2408,1,1,-0.15,-0.1702,0.0146,-0.1988,-0.1416,1,1,-0.1,-0.107,0.0149,-0.1361,-0.0777,1,1,1.16975723241009,1.1667,0.0485,1.0747,1.2642,1,1,0.818364051334181,0.8065,0.0375,0.7345,0.8818,1,1,1.77224917802126,1.6908,0.0613,1.5746,1.8152,1,1,1.22554713982381,1.2126,0.0466,1.1232,1.3074,1,1,1.92749400743346,1.7767,0.0637,1.6564,1.9046,0,1,1.39038469211727,1.3201,0.049,1.2273,1.4193,1,1,1.96107469695758,1.7696,0.063,1.6488,1.898,0,1,1.44296594681151,1.4009,0.0508,1.3045,1.5036,1,1,1.97661392972742,1.8402,0.0655,1.7166,1.9721,0,1,1.46479650840188,1.3522,0.0497,1.2578,1.4532,0,1,0.1,0.1541,0.0226,0.1075,0.1966,0,1,0.1,0.107,0.0239,0.0619,0.1528,1,1,0.1,0.1072,0.0207,0.0679,0.1465,1,1,0.1,0.0997,0.0205,0.0596,0.1397,1,1,1,1.0376,0.017,1.0045,1.0716,0,1,1,1.0059,0.0161,0.9751,1.0382,1,1,0.3,0.3119,0.012,0.2885,0.3355,1,1,0.3,0.3119,0.012,0.2885,0.3355,1,1
77,3.38008587561722,3.364,0.0582,3.2498,3.4783,1,1,2.6490919557642,2.6713,0.0431,2.5868,2.7557,1,1,6.5592497625802,6.5188,0.0828,6.3575,6.6817,1,1,4.79549474076678,4.8639,0.0576,4.7521,4.9764,1,1,8.41991048086296,8.3665,0.0871,8.1941,8.5362,1,1,6.27213639876793,6.3031,0.0644,6.1759,6.4292,1,1,9.29394031721092,9.246,0.0895,9.072,9.4229,1,1,7.10490577112262,7.1498,0.0671,7.0168,7.2814,1,1,9.68083248283218,9.6106,0.0892,9.4366,9.7857,1,1,7.54002818053297,7.5738,0.0683,7.4399,7.7075,1,1,0.3,0.349,0.0181,0.3148,0.3849,0,1,0.2,0.1904,0.0165,0.159,0.2237,1,1,-0.15,-0.1442,0.015,-0.1735,-0.115,1,1,-0.1,-0.1271,0.0151,-0.1566,-0.0976,1,1,1.16975723241009,1.1498,0.048,1.0585,1.2467,1,1,0.818364051334181,0.8071,0.037,0.7363,0.8818,1,1,1.77224917802126,1.7419,0.0623,1.6249,1.8677,1,1,1.22554713982381,1.1799,0.0449,1.0945,1.2709,1,1,1.92749400743346,1.8578,0.066,1.7337,1.9912,1,1,1.39038469211727,1.3375,0.0492,1.2438,1.4377,1,1,1.96107469695758,1.9046,0.0674,1.7773,2.0414,1,1,1.44296594681151,1.4136,0.0514,1.3159,1.5179,1,1,1.97661392972742,1.9092,0.0674,1.7812,2.0468,1,1,1.46479650840188,1.4369,0.0515,1.3382,1.541,1,1,0.1,0.0971,0.0244,0.0543,0.1474,1,1,0.1,0.0867,0.0212,0.0495,0.1318,1,1,0.1,0.0873,0.0189,0.0526,0.126,1,1,0.1,0.115,0.02,0.0749,0.154,1,1,1,1.0295,0.0171,0.9967,1.0635,1,1,1,0.9957,0.0158,0.9652,1.0271,1,1,0.3,0.3078,0.0119,0.2849,0.3313,1,1,0.3,0.3078,0.0119,0.2849,0.3313,1,1
78,3.38008587561722,3.3876,0.0578,3.2747,3.5005,1,1,2.6490919557642,2.7129,0.0434,2.6276,2.7978,1,1,6.5592497625802,6.5561,0.0819,6.3959,6.717,1,1,4.79549474076678,4.9352,0.0624,4.8133,5.0581,0,1,8.41991048086296,8.4336,0.086,8.2664,8.6037,1,1,6.27213639876793,6.3847,0.0677,6.2522,6.5179,1,1,9.29394031721092,9.3145,0.0886,9.1412,9.488,1,1,7.10490577112262,7.161,0.07,7.0241,7.2976,1,1,9.68083248283218,9.7,0.0883,9.5271,9.8726,1,1,7.54002818053297,7.6076,0.0705,7.4693,7.7456,1,1,0.3,0.3328,0.0183,0.2975,0.3689,1,1,0.2,0.1524,0.0163,0.1216,0.1859,0,1,-0.15,-0.1493,0.0149,-0.1785,-0.1206,1,1,-0.1,-0.1267,0.0144,-0.155,-0.0988,1,1,1.16975723241009,1.1473,0.0465,1.0588,1.2417,1,1,0.818364051334181,0.8388,0.0364,0.77,0.913,1,1,1.77224917802126,1.7338,0.0618,1.6164,1.8584,1,1,1.22554713982381,1.2976,0.0474,1.2082,1.3938,1,1,1.92749400743346,1.8091,0.064,1.6883,1.9378,1,1,1.39038469211727,1.4263,0.0509,1.3296,1.5303,1,1,1.96107469695758,1.8925,0.0663,1.7666,2.0274,1,1,1.44296594681151,1.4723,0.0523,1.3735,1.579,1,1,1.97661392972742,1.8808,0.0659,1.7569,2.0143,1,1,1.46479650840188,1.4813,0.052,1.3832,1.5862,1,1,0.1,0.1154,0.0248,0.0675,0.1635,1,1,0.1,0.0896,0.0218,0.0502,0.1338,1,1,0.1,0.0961,0.0208,0.0563,0.1365,1,1,0.1,0.0919,0.0195,0.0558,0.1308,1,1,1,0.9878,0.0164,0.9562,1.0206,1,1,1,0.9648,0.0153,0.9355,0.9952,0,1,0.3,0.2857,0.0113,0.2637,0.3081,1,1,0.3,0.2857,0.0113,0.2637,0.3081,1,1
79,3.38008587561722,3.5089,0.0577,3.3957,3.6222,0,1,2.6490919557642,2.6341,0.0445,2.547,2.7212,1,1,6.5592497625802,6.746,0.0831,6.5848,6.9106,0,1,4.79549474076678,4.7829,0.0615,4.661,4.9041,1,1,8.41991048086296,8.5921,0.0893,8.4165,8.7674,1,1,6.27213639876793,6.2419,0.0689,6.107,6.3776,1,1,9.29394031721092,9.4987,0.0895,9.3224,9.6745,0,1,7.10490577112262,7.1136,0.0714,6.9743,7.2531,1,1,9.68083248283218,9.8394,0.0937,9.6561,10.0241,1,1,7.54002818053297,7.5127,0.0692,7.3766,7.6488,1,1,0.3,0.3019,0.0185,0.2654,0.3395,1,1,0.2,0.1814,0.0162,0.1506,0.2134,1,1,-0.15,-0.121,0.0146,-0.1501,-0.0923,1,1,-0.1,-0.0792,0.0146,-0.1081,-0.0508,1,1,1.16975723241009,1.158,0.0463,1.0696,1.2509,1,1,0.818364051334181,0.8486,0.0369,0.7776,0.9232,1,1,1.77224917802126,1.7451,0.0614,1.6296,1.8704,1,1,1.22554713982381,1.2723,0.0472,1.1829,1.3679,1,1,1.92749400743346,1.893,0.0656,1.769,2.0256,1,1,1.39038469211727,1.4502,0.0516,1.3521,1.5547,1,1,1.96107469695758,1.9119,0.0666,1.7854,2.0462,1,1,1.44296594681151,1.5102,0.054,1.4069,1.6192,1,1,1.97661392972742,2.0152,0.0689,1.8836,2.1542,1,1,1.46479650840188,1.4666,0.0524,1.3667,1.572,1,1,0.1,0.1032,0.0224,0.0608,0.1466,1,1,0.1,0.092,0.0215,0.053,0.1358,1,1,0.1,0.1055,0.0208,0.0637,0.1463,1,1,0.1,0.0968,0.0198,0.0564,0.1348,1,1,1,0.9999,0.0165,0.9683,1.0328,1,1,1,0.9803,0.0155,0.9506,1.0113,1,1,0.3,0.3017,0.0114,0.2795,0.3244,1,1,0.3,0.3017,0.0114,0.2795,0.3244,1,1
80,3.38008587561722,3.3402,0.0609,3.2209,3.46,1,1,2.6490919557642,2.6908,0.042,2.6079,2.7725,1,1,6.5592497625802,6.5041,0.0851,6.3368,6.6711,1,1,4.79549474076678,4.8552,0.0597,4.7391,4.9724,1,1,8.41991048086296,8.383,0.0879,8.2103,8.5559,1,1,6.27213639876793,6.3382,0.0679,6.2042,6.4712,1,1,9.29394031721092,9.2513,0.0885,9.0773,9.4243,1,1,7.10490577112262,7.1564,0.0698,7.0191,7.2936,1,1,9.68083248283218,9.6667,0.0907,9.4901,9.8448,1,1,7.54002818053297,7.6016,0.0706,7.4639,7.7402,1,1,0.3,0.3154,0.0183,0.2794,0.352,1,1,0.2,0.2016,0.0167,0.1694,0.2345,1,1,-0.15,-0.1385,0.0155,-0.1691,-0.1081,1,1,-0.1,-0.1064,0.0145,-0.1347,-0.0777,1,1,1.16975723241009,1.2186,0.0483,1.1276,1.3163,1,1,0.818364051334181,0.7759,0.0367,0.7064,0.8496,1,1,1.77224917802126,1.8047,0.0631,1.6854,1.9332,1,1,1.22554713982381,1.2202,0.0464,1.1319,1.3138,1,1,1.92749400743346,1.897,0.0664,1.7713,2.031,1,1,1.39038469211727,1.4182,0.0515,1.3205,1.5228,1,1,1.96107469695758,1.8909,0.0659,1.7667,2.0246,1,1,1.44296594681151,1.4647,0.0528,1.3644,1.5722,1,1,1.97661392972742,1.928,0.0676,1.7996,2.0654,1,1,1.46479650840188,1.4841,0.0533,1.3833,1.5909,1,1,0.1,0.0861,0.0217,0.0494,0.1314,1,1,0.1,0.1098,0.0248,0.0602,0.1569,1,1,0.1,0.1306,0.0199,0.0895,0.1668,1,1,0.1,0.0879,0.0192,0.0522,0.1263,1,1,1,1.0189,0.0168,0.9865,1.0522,1,1,1,1.0074,0.0162,0.9756,1.04,1,1,0.3,0.3102,0.0118,0.2874,0.3337,1,1,0.3,0.3102,0.0118,0.2874,0.3337,1,1
81,3.38008587561722,3.3916,0.0548,3.2844,3.4987,1,1,2.6490919557642,2.6678,0.043,2.5835,2.752,1,1,6.5592497625802,6.5394,0.0782,6.3857,6.6923,1,1,4.79549474076678,4.8621,0.0584,4.7486,4.9763,1,1,8.41991048086296,8.3592,0.0835,8.1959,8.5238,1,1,6.27213639876793,6.3113,0.0648,6.1845,6.4386,1,1,9.29394031721092,9.197,0.0841,9.0316,9.3618,1,1,7.10490577112262,7.1433,0.0666,7.0135,7.2729,1,1,9.68083248283218,9.6006,0.0849,9.4342,9.7668,1,1,7.54002818053297,7.5738,0.0672,7.4414,7.7045,1,1,0.3,0.2923,0.0179,0.2578,0.3285,1,1,0.2,0.187,0.0173,0.1533,0.2209,1,1,-0.15,-0.1389,0.0154,-0.1694,-0.109,1,1,-0.1,-0.0996,0.0149,-0.1298,-0.071,1,1,1.16975723241009,1.0884,0.0449,1.0024,1.1792,1,1,0.818364051334181,0.8106,0.0374,0.7394,0.885,1,1,1.77224917802126,1.6525,0.0591,1.5403,1.7725,1,1,1.22554713982381,1.1924,0.0455,1.1053,1.2843,1,1,1.92749400743346,1.7743,0.0624,1.6565,1.9003,0,1,1.39038469211727,1.3442,0.0494,1.2505,1.4437,1,1,1.96107469695758,1.7883,0.0628,1.669,1.9157,0,1,1.44296594681151,1.3798,0.05,1.2851,1.4816,1,1,1.97661392972742,1.8021,0.0631,1.6819,1.9294,0,1,1.46479650840188,1.4074,0.0511,1.3108,1.511,1,1,0.1,0.0849,0.0216,0.0462,0.129,1,1,0.1,0.096,0.024,0.0529,0.146,1,1,0.1,0.1107,0.0216,0.068,0.1517,1,1,0.1,0.0786,0.0185,0.0464,0.1174,1,1,1,1.0178,0.0165,0.9861,1.0507,1,1,1,1.0084,0.0162,0.9772,1.0402,1,1,0.3,0.3052,0.0118,0.2823,0.3287,1,1,0.3,0.3052,0.0118,0.2823,0.3287,1,1
82,3.38008587561722,3.4244,0.0622,3.3017,3.5458,1,1,2.6490919557642,2.6362,0.0427,2.5527,2.7198,1,1,6.5592497625802,6.6541,0.0856,6.4857,6.8223,1,1,4.79549474076678,4.7534,0.0578,4.6398,4.8663,1,1,8.41991048086296,8.5388,0.0924,8.3589,8.7201,1,1,6.27213639876793,6.2743,0.0666,6.1444,6.4046,1,1,9.29394031721092,9.4031,0.0947,9.2173,9.5868,1,1,7.10490577112262,7.0516,0.0696,6.9153,7.1883,1,1,9.68083248283218,9.7178,0.0956,9.53,9.9055,1,1,7.54002818053297,7.5049,0.0697,7.3678,7.6408,1,1,0.3,0.267,0.0178,0.2326,0.3019,1,1,0.2,0.2082,0.0162,0.1769,0.2402,1,1,-0.15,-0.177,0.015,-0.2061,-0.147,1,1,-0.1,-0.103,0.0144,-0.1312,-0.0746,1,1,1.16975723241009,1.2611,0.0485,1.1697,1.3598,1,1,0.818364051334181,0.7882,0.0378,0.715,0.8639,1,1,1.77224917802126,1.827,0.0639,1.7075,1.9574,1,1,1.22554713982381,1.1752,0.0454,1.0895,1.2666,1,1,1.92749400743346,1.9971,0.0689,1.8658,2.1367,1,1,1.39038469211727,1.3846,0.0506,1.2889,1.4884,1,1,1.96107469695758,2.0474,0.0699,1.9164,2.1903,1,1,1.44296594681151,1.4634,0.0528,1.3638,1.5713,1,1,1.97661392972742,2.0705,0.071,1.9372,2.2142,1,1,1.46479650840188,1.469,0.0528,1.3686,1.575,1,1,0.1,0.1076,0.0257,0.0578,0.1576,1,1,0.1,0.0794,0.02,0.0453,0.1213,1,1,0.1,0.1013,0.0212,0.0595,0.1415,1,1,0.1,0.0988,0.0204,0.0589,0.1386,1,1,1,0.988,0.0161,0.9572,1.0205,1,1,1,1.0049,0.016,0.9739,1.0365,1,1,0.3,0.2827,0.0116,0.2601,0.3054,1,1,0.3,0.2827,0.0116,0.2601,0.3054,1,1
83,3.38008587561722,3.451,0.059,3.3349,3.5672,1,1,2.6490919557642,2.6585,0.0431,2.5743,2.7434,1,1,6.5592497625802,6.6613,0.084,6.4958,6.8256,1,1,4.79549474076678,4.8335,0.0627,4.7112,4.956,1,1,8.41991048086296,8.4191,0.0899,8.2428,8.5953,1,1,6.27213639876793,6.2567,0.0693,6.1217,6.3935,1,1,9.29394031721092,9.2879,0.0898,9.112,9.4635,1,1,7.10490577112262,7.1349,0.0698,6.9984,7.2705,1,1,9.68083248283218,9.6612,0.0912,9.4819,9.8402,1,1,7.54002818053297,7.5586,0.0722,7.4175,7.7001,1,1,0.3,0.3104,0.0193,0.273,0.3491,1,1,0.2,0.2034,0.0176,0.1693,0.2385,1,1,-0.15,-0.138,0.0152,-0.1681,-0.1081,1,1,-0.1,-0.099,0.0146,-0.1279,-0.0704,1,1,1.16975723241009,1.1823,0.0477,1.0911,1.2781,1,1,0.818364051334181,0.7992,0.0378,0.7259,0.8744,1,1,1.77224917802126,1.7867,0.0633,1.6669,1.9144,1,1,1.22554713982381,1.2901,0.0484,1.1989,1.3877,1,1,1.92749400743346,1.9269,0.067,1.8,2.0624,1,1,1.39038469211727,1.4509,0.0525,1.3516,1.5573,1,1,1.96107469695758,1.9223,0.0667,1.7957,2.0578,1,1,1.44296594681151,1.4619,0.053,1.3618,1.5693,1,1,1.97661392972742,1.9342,0.0675,1.806,2.0713,1,1,1.46479650840188,1.5295,0.0547,1.4267,1.6404,1,1,0.1,0.1393,0.024,0.0901,0.1849,1,1,0.1,0.12,0.0255,0.0729,0.1705,1,1,0.1,0.0936,0.021,0.0555,0.1355,1,1,0.1,0.0942,0.0205,0.054,0.1335,1,1,1,0.9866,0.0164,0.955,1.0195,1,1,1,0.9965,0.0162,0.9652,1.0285,1,1,0.3,0.2886,0.0118,0.2658,0.3116,1,1,0.3,0.2886,0.0118,0.2658,0.3116,1,1
84,3.38008587561722,3.3495,0.0557,3.2405,3.4588,1,1,2.6490919557642,2.6542,0.0436,2.5682,2.7395,1,1,6.5592497625802,6.4866,0.078,6.3347,6.6399,1,1,4.79549474076678,4.8234,0.0563,4.7122,4.9329,1,1,8.41991048086296,8.3227,0.0871,8.1513,8.4919,1,1,6.27213639876793,6.3304,0.0639,6.2049,6.455,1,1,9.29394031721092,9.0696,0.0895,8.8941,9.2435,0,1,7.10490577112262,7.0949,0.0655,6.9658,7.2218,1,1,9.68083248283218,9.4657,0.0918,9.2854,9.6453,0,1,7.54002818053297,7.5701,0.0677,7.4378,7.7032,1,1,0.3,0.2918,0.0181,0.2572,0.3283,1,1,0.2,0.1938,0.0169,0.1616,0.2279,1,1,-0.15,-0.1513,0.0154,-0.1816,-0.1214,1,1,-0.1,-0.1,0.0151,-0.1295,-0.0703,1,1,1.16975723241009,1.0999,0.0456,1.0132,1.1919,1,1,0.818364051334181,0.8239,0.0375,0.7521,0.8999,1,1,1.77224917802126,1.6354,0.0586,1.5245,1.7542,0,1,1.22554713982381,1.1381,0.044,1.0545,1.2273,1,1,1.92749400743346,1.8449,0.0644,1.7228,1.9766,1,1,1.39038469211727,1.3359,0.049,1.2423,1.4348,1,1,1.96107469695758,1.9022,0.0664,1.7763,2.0371,1,1,1.44296594681151,1.3707,0.0499,1.2761,1.4716,1,1,1.97661392972742,1.9622,0.0675,1.8335,2.0992,1,1,1.46479650840188,1.4241,0.0516,1.3265,1.5279,1,1,0.1,0.104,0.0245,0.0593,0.153,1,1,0.1,0.1063,0.0234,0.0617,0.1525,1,1,0.1,0.1445,0.0189,0.1061,0.181,0,1,0.1,0.1156,0.0217,0.0701,0.1562,1,1,1,1.0199,0.0168,0.9873,1.0534,1,1,1,0.9703,0.0157,0.94,1.0016,1,1,0.3,0.31,0.0116,0.2874,0.3329,1,1,0.3,0.31,0.0116,0.2874,0.3329,1,1
85,3.38008587561722,3.4477,0.057,3.3356,3.5591,1,1,2.6490919557642,2.6532,0.0443,2.5665,2.7401,1,1,6.5592497625802,6.6476,0.0822,6.4853,6.8089,1,1,4.79549474076678,4.8006,0.0563,4.6899,4.9111,1,1,8.41991048086296,8.4326,0.09,8.2576,8.6086,1,1,6.27213639876793,6.2465,0.0638,6.1215,6.3715,1,1,9.29394031721092,9.2852,0.0943,9.0995,9.4712,1,1,7.10490577112262,7.0889,0.0692,6.9527,7.2249,1,1,9.68083248283218,9.6591,0.092,9.4776,9.8378,1,1,7.54002818053297,7.6133,0.0688,7.4788,7.7493,1,1,0.3,0.3223,0.0187,0.2857,0.3597,1,1,0.2,0.2364,0.017,0.2039,0.271,0,1,-0.15,-0.1637,0.0152,-0.1932,-0.1339,1,1,-0.1,-0.0918,0.0145,-0.1204,-0.0639,1,1,1.16975723241009,1.1302,0.0471,1.0408,1.2244,1,1,0.818364051334181,0.825,0.0386,0.7512,0.9014,1,1,1.77224917802126,1.7429,0.0619,1.626,1.8685,1,1,1.22554713982381,1.1401,0.0448,1.0545,1.2306,1,1,1.92749400743346,1.9203,0.067,1.7934,2.0566,1,1,1.39038469211727,1.3189,0.0493,1.2258,1.4191,1,1,1.96107469695758,2.0071,0.0694,1.8758,2.1475,1,1,1.44296594681151,1.4465,0.0527,1.3471,1.5539,1,1,1.97661392972742,1.961,0.0684,1.8312,2.0999,1,1,1.46479650840188,1.4417,0.0528,1.3418,1.5485,1,1,0.1,0.1154,0.0246,0.0675,0.1615,1,1,0.1,0.0876,0.0216,0.0506,0.1348,1,1,0.1,0.099,0.0201,0.0607,0.1381,1,1,0.1,0.0726,0.0167,0.0448,0.1087,1,1,1,1.0206,0.0168,0.988,1.054,1,1,1,1.0045,0.0163,0.973,1.0371,1,1,0.3,0.3008,0.0119,0.2772,0.324,1,1,0.3,0.3008,0.0119,0.2772,0.324,1,1
86,3.38008587561722,3.3514,0.0578,3.2373,3.4641,1,1,2.6490919557642,2.6559,0.0445,2.5689,2.7431,1,1,6.5592497625802,6.4594,0.0815,6.2994,6.6196,1,1,4.79549474076678,4.8452,0.058,4.7306,4.9586,1,1,8.41991048086296,8.2445,0.0857,8.0754,8.4112,0,1,6.27213639876793,6.3399,0.0654,6.2114,6.469,1,1,9.29394031721092,9.1866,0.0849,9.0194,9.352,1,1,7.10490577112262,7.1217,0.0685,6.9877,7.2581,1,1,9.68083248283218,9.577,0.0858,9.4097,9.7452,1,1,7.54002818053297,7.5455,0.0684,7.4121,7.6797,1,1,0.3,0.3035,0.0179,0.2691,0.3397,1,1,0.2,0.2157,0.0175,0.1816,0.2502,1,1,-0.15,-0.1396,0.0146,-0.1683,-0.1109,1,1,-0.1,-0.1111,0.0147,-0.1398,-0.0822,1,1,1.16975723241009,1.1493,0.0464,1.061,1.2428,1,1,0.818364051334181,0.8279,0.0387,0.7542,0.9059,1,1,1.77224917802126,1.737,0.062,1.6202,1.8626,1,1,1.22554713982381,1.1901,0.046,1.1022,1.2835,1,1,1.92749400743346,1.8328,0.0647,1.7114,1.9644,1,1,1.39038469211727,1.3507,0.0504,1.2557,1.4527,1,1,1.96107469695758,1.8116,0.0635,1.6912,1.9402,0,1,1.44296594681151,1.435,0.0524,1.3364,1.5411,1,1,1.97661392972742,1.8306,0.0644,1.7095,1.9615,0,1,1.46479650840188,1.4293,0.0521,1.331,1.5344,1,1,0.1,0.1005,0.0242,0.0563,0.1496,1,1,0.1,0.1487,0.022,0.1017,0.1884,0,1,0.1,0.0932,0.0202,0.0535,0.1327,1,1,0.1,0.1091,0.021,0.0685,0.1498,1,1,1,1.0104,0.0166,0.9785,1.0435,1,1,1,1.0032,0.0161,0.9725,1.0355,1,1,0.3,0.2988,0.0117,0.2762,0.3218,1,1,0.3,0.2988,0.0117,0.2762,0.3218,1,1
87,3.38008587561722,3.364,0.057,3.2526,3.4762,1,1,2.6490919557642,2.5844,0.0402,2.5055,2.6631,1,1,6.5592497625802,6.503,0.0817,6.3434,6.664,1,1,4.79549474076678,4.7457,0.055,4.6378,4.8538,1,1,8.41991048086296,8.4364,0.0879,8.2645,8.609,1,1,6.27213639876793,6.1717,0.0595,6.0551,6.2876,1,1,9.29394031721092,9.237,0.0895,9.0618,9.4124,1,1,7.10490577112262,7.0226,0.0624,6.8981,7.1438,1,1,9.68083248283218,9.5893,0.089,9.415,9.7629,1,1,7.54002818053297,7.4332,0.065,7.3057,7.5608,1,1,0.3,0.3209,0.0187,0.2838,0.3577,1,1,0.2,0.1994,0.0167,0.1678,0.2335,1,1,-0.15,-0.1591,0.0147,-0.1888,-0.1307,1,1,-0.1,-0.1122,0.0145,-0.1403,-0.0835,1,1,1.16975723241009,1.1295,0.0467,1.0404,1.2236,1,1,0.818364051334181,0.723,0.036,0.654,0.7946,0,1,1.77224917802126,1.7266,0.0616,1.6094,1.8505,1,1,1.22554713982381,1.123,0.0437,1.0402,1.2114,0,1,1.92749400743346,1.865,0.0651,1.7423,1.9969,1,1,1.39038469211727,1.227,0.0466,1.1382,1.3219,0,1,1.96107469695758,1.9207,0.0667,1.7934,2.0556,1,1,1.44296594681151,1.3028,0.0481,1.2109,1.3996,0,1,1.97661392972742,1.8997,0.0659,1.7751,2.0336,1,1,1.46479650840188,1.3541,0.0498,1.2599,1.455,0,1,0.1,0.1177,0.0248,0.0688,0.1656,1,1,0.1,0.108,0.0242,0.0608,0.1548,1,1,0.1,0.0906,0.0201,0.0526,0.1312,1,1,0.1,0.0813,0.0188,0.049,0.1214,1,1,1,1.0019,0.0165,0.9701,1.0348,1,1,1,0.9842,0.0157,0.9542,1.0156,1,1,0.3,0.3017,0.0115,0.2795,0.3244,1,1,0.3,0.3017,0.0115,0.2795,0.3244,1,1
88,3.38008587561722,3.4035,0.0593,3.288,3.5195,1,1,2.6490919557642,2.6591,0.0412,2.5782,2.7395,1,1,6.5592497625802,6.5997,0.0822,6.4377,6.7606,1,1,4.79549474076678,4.7517,0.0576,4.6381,4.865,1,1,8.41991048086296,8.543,0.0872,8.3711,8.7152,1,1,6.27213639876793,6.3143,0.0629,6.1908,6.4385,1,1,9.29394031721092,9.4235,0.0877,9.2512,9.5953,1,1,7.10490577112262,7.1748,0.0668,7.0444,7.3064,1,1,9.68083248283218,9.7894,0.0878,9.6189,9.9617,1,1,7.54002818053297,7.608,0.0676,7.4747,7.741,1,1,0.3,0.325,0.0184,0.2887,0.3606,1,1,0.2,0.235,0.0166,0.2022,0.2673,0,1,-0.15,-0.1574,0.0151,-0.1871,-0.1282,1,1,-0.1,-0.0932,0.0144,-0.1211,-0.0645,1,1,1.16975723241009,1.1737,0.0477,1.0831,1.2698,1,1,0.818364051334181,0.7409,0.0379,0.6683,0.816,0,1,1.77224917802126,1.7317,0.0617,1.6151,1.8566,1,1,1.22554713982381,1.1601,0.0455,1.0732,1.2523,1,1,1.92749400743346,1.8603,0.0654,1.7366,1.993,1,1,1.39038469211727,1.2947,0.0489,1.2024,1.3939,1,1,1.96107469695758,1.8672,0.0655,1.7443,2.0011,1,1,1.44296594681151,1.3865,0.0511,1.2905,1.4908,1,1,1.97661392972742,1.8616,0.0653,1.7388,1.994,1,1,1.46479650840188,1.4049,0.0515,1.3072,1.5094,1,1,0.1,0.1331,0.0251,0.0806,0.1788,1,1,0.1,0.1022,0.0233,0.0594,0.1497,1,1,0.1,0.0978,0.0212,0.0569,0.1395,1,1,0.1,0.0963,0.0214,0.0547,0.1376,1,1,1,0.994,0.0164,0.9628,1.0265,1,1,1,1.0172,0.0163,0.9853,1.0494,1,1,0.3,0.2971,0.0119,0.2742,0.3207,1,1,0.3,0.2971,0.0119,0.2742,0.3207,1,1
89,3.38008587561722,3.429,0.0568,3.3187,3.5403,1,1,2.6490919557642,2.5892,0.0414,2.5077,2.67,1,1,6.5592497625802,6.6263,0.0817,6.465,6.7864,1,1,4.79549474076678,4.7365,0.0597,4.6201,4.8529,1,1,8.41991048086296,8.5764,0.0868,8.4076,8.7477,1,1,6.27213639876793,6.1894,0.0667,6.0588,6.3197,1,1,9.29394031721092,9.4669,0.0899,9.2904,9.6427,1,1,7.10490577112262,7.0119,0.0683,6.8776,7.1471,1,1,9.68083248283218,9.9153,0.0911,9.7377,10.095,0,1,7.54002818053297,7.3655,0.0709,7.2265,7.5038,0,1,0.3,0.2899,0.0182,0.2544,0.3257,1,1,0.2,0.2165,0.0165,0.185,0.2499,1,1,-0.15,-0.1771,0.0155,-0.2079,-0.1469,1,1,-0.1,-0.1256,0.0149,-0.155,-0.0966,1,1,1.16975723241009,1.1366,0.0463,1.0484,1.23,1,1,0.818364051334181,0.7516,0.0369,0.6807,0.8258,1,1,1.77224917802126,1.7311,0.0618,1.6133,1.8569,1,1,1.22554713982381,1.2125,0.0466,1.1237,1.3068,1,1,1.92749400743346,1.8443,0.0647,1.7223,1.9765,1,1,1.39038469211727,1.3791,0.0504,1.2834,1.4804,1,1,1.96107469695758,1.9206,0.0665,1.7939,2.0553,1,1,1.44296594681151,1.4213,0.052,1.3226,1.5264,1,1,1.97661392972742,1.9389,0.0672,1.8099,2.0742,1,1,1.46479650840188,1.4923,0.0538,1.3909,1.6018,1,1,0.1,0.1143,0.0266,0.0616,0.1651,1,1,0.1,0.0814,0.0188,0.0505,0.1229,1,1,0.1,0.1161,0.0215,0.072,0.1566,1,1,0.1,0.1205,0.0219,0.0749,0.1608,1,1,1,1.019,0.0169,0.9867,1.0526,1,1,1,1.034,0.0166,1.0024,1.0675,0,1,0.3,0.2987,0.0119,0.2756,0.3221,1,1,0.3,0.2987,0.0119,0.2756,0.3221,1,1
90,3.38008587561722,3.4347,0.0593,3.319,3.5514,1,1,2.6490919557642,2.7463,0.045,2.6581,2.8344,0,1,6.5592497625802,6.5812,0.0815,6.4231,6.7413,1,1,4.79549474076678,4.8904,0.0604,4.7716,5.0087,1,1,8.41991048086296,8.4434,0.0879,8.271,8.6159,1,1,6.27213639876793,6.4371,0.0686,6.303,6.572,0,1,9.29394031721092,9.3317,0.0919,9.1518,9.5108,1,1,7.10490577112262,7.2626,0.0682,7.1291,7.3968,0,1,9.68083248283218,9.7603,0.0903,9.5834,9.9384,1,1,7.54002818053297,7.7084,0.069,7.573,7.844,0,1,0.3,0.2827,0.0186,0.2464,0.3189,1,1,0.2,0.1917,0.0166,0.1586,0.2243,1,1,-0.15,-0.1576,0.0152,-0.1872,-0.1277,1,1,-0.1,-0.12,0.0146,-0.1486,-0.0915,1,1,1.16975723241009,1.2041,0.0473,1.1143,1.2995,1,1,0.818364051334181,0.8656,0.0382,0.7927,0.9428,1,1,1.77224917802126,1.7292,0.061,1.614,1.8533,1,1,1.22554713982381,1.244,0.0468,1.1549,1.3392,1,1,1.92749400743346,1.8833,0.0655,1.7593,2.0151,1,1,1.39038469211727,1.45,0.0521,1.352,1.5554,1,1,1.96107469695758,1.9722,0.0678,1.8436,2.1095,1,1,1.44296594681151,1.4308,0.0517,1.3331,1.5358,1,1,1.97661392972742,1.9337,0.0666,1.8089,2.0694,1,1,1.46479650840188,1.457,0.0525,1.357,1.5625,1,1,0.1,0.1122,0.0263,0.0635,0.1633,1,1,0.1,0.0888,0.0212,0.0516,0.1331,1,1,0.1,0.0969,0.0212,0.0584,0.1395,1,1,0.1,0.0952,0.0199,0.0573,0.1349,1,1,1,0.9691,0.0159,0.9382,1.0008,1,1,1,0.9973,0.0159,0.9663,1.0287,1,1,0.3,0.2898,0.0114,0.2675,0.3121,1,1,0.3,0.2898,0.0114,0.2675,0.3121,1,1
91,3.38008587561722,3.3493,0.059,3.2338,3.4648,1,1,2.6490919557642,2.5691,0.0433,2.4843,2.6545,1,1,6.5592497625802,6.5509,0.0855,6.3844,6.7189,1,1,4.79549474076678,4.7531,0.0586,4.6388,4.868,1,1,8.41991048086296,8.401,0.092,8.2204,8.5804,1,1,6.27213639876793,6.2623,0.0659,6.1327,6.3906,1,1,9.29394031721092,9.2619,0.0942,9.0767,9.4453,1,1,7.10490577112262,7.1238,0.0692,6.9874,7.2579,1,1,9.68083248283218,9.7003,0.0944,9.5147,9.8858,1,1,7.54002818053297,7.584,0.0705,7.4468,7.7213,1,1,0.3,0.2892,0.0182,0.2537,0.325,1,1,0.2,0.2053,0.0173,0.1715,0.2394,1,1,-0.15,-0.1636,0.0149,-0.1928,-0.1343,1,1,-0.1,-0.0862,0.0154,-0.1166,-0.0563,1,1,1.16975723241009,1.1943,0.0473,1.1049,1.2895,1,1,0.818364051334181,0.8149,0.0374,0.7436,0.8895,1,1,1.77224917802126,1.8154,0.0639,1.6948,1.9456,1,1,1.22554713982381,1.1928,0.0457,1.1065,1.2853,1,1,1.92749400743346,1.9791,0.0685,1.8515,2.1194,1,1,1.39038469211727,1.3646,0.05,1.2701,1.4659,1,1,1.96107469695758,2.0213,0.0698,1.89,2.1631,1,1,1.44296594681151,1.453,0.0529,1.3527,1.5607,1,1,1.97661392972742,2.0285,0.0696,1.8965,2.1699,1,1,1.46479650840188,1.4757,0.053,1.3765,1.5826,1,1,0.1,0.1124,0.0265,0.0596,0.1621,1,1,0.1,0.1162,0.0244,0.0692,0.1629,1,1,0.1,0.0896,0.0193,0.055,0.1287,1,1,0.1,0.1282,0.0201,0.0871,0.1657,1,1,1,0.9856,0.0162,0.9543,1.0178,1,1,1,0.9771,0.0157,0.9467,1.0082,1,1,0.3,0.2884,0.0114,0.2663,0.311,1,1,0.3,0.2884,0.0114,0.2663,0.311,1,1
92,3.38008587561722,3.2692,0.0562,3.1582,3.3803,1,1,2.6490919557642,2.62,0.0433,2.5351,2.7047,1,1,6.5592497625802,6.4215,0.0811,6.2622,6.5805,1,1,4.79549474076678,4.7419,0.0606,4.624,4.8611,1,1,8.41991048086296,8.3259,0.0891,8.1508,8.5012,1,1,6.27213639876793,6.163,0.0659,6.0338,6.2921,1,1,9.29394031721092,9.2542,0.0924,9.0721,9.4339,1,1,7.10490577112262,6.9923,0.0681,6.8583,7.126,1,1,9.68083248283218,9.6827,0.0923,9.5023,9.8644,1,1,7.54002818053297,7.4232,0.0703,7.2858,7.5612,1,1,0.3,0.2769,0.0177,0.2419,0.3112,1,1,0.2,0.2186,0.0173,0.1852,0.253,1,1,-0.15,-0.1584,0.0144,-0.1868,-0.1296,1,1,-0.1,-0.099,0.0147,-0.1279,-0.0703,1,1,1.16975723241009,1.1186,0.0449,1.0338,1.2092,1,1,0.818364051334181,0.7973,0.0386,0.7236,0.8746,1,1,1.77224917802126,1.7347,0.0609,1.6199,1.8583,1,1,1.22554713982381,1.2411,0.0477,1.1505,1.3374,1,1,1.92749400743346,1.9165,0.066,1.7926,2.0512,1,1,1.39038469211727,1.3627,0.051,1.2654,1.4649,1,1,1.96107469695758,1.9794,0.0676,1.8533,2.1172,1,1,1.44296594681151,1.4202,0.0524,1.3202,1.5258,1,1,1.97661392972742,1.9918,0.0683,1.8626,2.1307,1,1,1.46479650840188,1.4806,0.054,1.3778,1.5896,1,1,0.1,0.0959,0.0232,0.0544,0.1429,1,1,0.1,0.1413,0.0225,0.0941,0.1838,1,1,0.1,0.0697,0.0153,0.0443,0.1038,1,1,0.1,0.101,0.0212,0.0615,0.1423,1,1,1,0.9757,0.0159,0.945,1.0074,1,1,1,1.0013,0.0159,0.9705,1.0329,1,1,0.3,0.2745,0.0115,0.2523,0.2975,0,1,0.3,0.2745,0.0115,0.2523,0.2975,0,1
93,3.38008587561722,3.3097,0.0603,3.1903,3.4283,1,1,2.6490919557642,2.5784,0.0416,2.4969,2.6593,1,1,6.5592497625802,6.4682,0.0888,6.2943,6.6434,1,1,4.79549474076678,4.776,0.0583,4.6625,4.8899,1,1,8.41991048086296,8.3787,0.0942,8.1939,8.564,1,1,6.27213639876793,6.2718,0.0663,6.1421,6.402,1,1,9.29394031721092,9.2403,0.0933,9.0574,9.424,1,1,7.10490577112262,7.0352,0.0667,6.9046,7.1671,1,1,9.68083248283218,9.6347,0.0943,9.4496,9.8191,1,1,7.54002818053297,7.5783,0.0654,7.4498,7.7064,1,1,0.3,0.2757,0.0176,0.2414,0.3103,1,1,0.2,0.1835,0.0164,0.1517,0.2159,1,1,-0.15,-0.1622,0.0151,-0.1919,-0.1326,1,1,-0.1,-0.0833,0.0145,-0.1117,-0.0547,1,1,1.16975723241009,1.2218,0.0471,1.1321,1.3169,1,1,0.818364051334181,0.775,0.0358,0.7059,0.8464,1,1,1.77224917802126,1.9065,0.066,1.7818,2.0401,0,1,1.22554713982381,1.1963,0.0452,1.1106,1.2881,1,1,1.92749400743346,2.0484,0.0699,1.916,2.1908,1,1,1.39038469211727,1.3964,0.0504,1.301,1.4991,1,1,1.96107469695758,2.0005,0.0686,1.8698,2.1393,1,1,1.44296594681151,1.4005,0.0504,1.305,1.5026,1,1,1.97661392972742,2.0239,0.0692,1.8919,2.1641,1,1,1.46479650840188,1.3728,0.05,1.2783,1.4735,1,1,0.1,0.108,0.0231,0.0631,0.1528,1,1,0.1,0.088,0.0216,0.0515,0.1325,1,1,0.1,0.098,0.0223,0.057,0.1419,1,1,0.1,0.0977,0.0195,0.0611,0.1357,1,1,1,0.9844,0.016,0.9537,1.0162,1,1,1,0.9821,0.0157,0.9517,1.0131,1,1,0.3,0.3074,0.0115,0.2851,0.3301,1,1,0.3,0.3074,0.0115,0.2851,0.3301,1,1
94,3.38008587561722,3.3945,0.0578,3.2807,3.5071,1,1,2.6490919557642,2.7156,0.0431,2.6311,2.8005,1,1,6.5592497625802,6.6115,0.0821,6.4495,6.7732,1,1,4.79549474076678,4.8939,0.0573,4.7825,5.007,1,1,8.41991048086296,8.4849,0.0876,8.3131,8.6567,1,1,6.27213639876793,6.4357,0.0638,6.3114,6.5606,0,1,9.29394031721092,9.2716,0.0919,9.0906,9.452,1,1,7.10490577112262,7.2323,0.0664,7.1026,7.3623,1,1,9.68083248283218,9.7321,0.0903,9.5544,9.9089,1,1,7.54002818053297,7.6611,0.066,7.5323,7.7901,1,1,0.3,0.3275,0.019,0.291,0.3643,1,1,0.2,0.163,0.0167,0.1305,0.1961,0,1,-0.15,-0.1217,0.0142,-0.1493,-0.0939,0,1,-0.1,-0.1025,0.0152,-0.1322,-0.0727,1,1,1.16975723241009,1.1375,0.0472,1.0482,1.2336,1,1,0.818364051334181,0.8141,0.0363,0.7447,0.8867,1,1,1.77224917802126,1.7233,0.0617,1.6065,1.8482,1,1,1.22554713982381,1.1709,0.0445,1.0866,1.2611,1,1,1.92749400743346,1.8623,0.0653,1.7402,1.9941,1,1,1.39038469211727,1.3356,0.0487,1.2435,1.4339,1,1,1.96107469695758,1.9633,0.0682,1.8343,2.1019,1,1,1.44296594681151,1.3936,0.0501,1.299,1.4948,1,1,1.97661392972742,1.9351,0.0675,1.8077,2.0724,1,1,1.46479650840188,1.3859,0.0501,1.2911,1.488,1,1,0.1,0.0946,0.0246,0.0526,0.1461,1,1,0.1,0.1061,0.0233,0.0609,0.151,1,1,0.1,0.0722,0.0162,0.0441,0.1065,1,1,0.1,0.1049,0.0203,0.0647,0.1433,1,1,1,1.0216,0.0171,0.9886,1.0556,1,1,1,0.9825,0.0156,0.9523,1.0132,1,1,0.3,0.2984,0.0117,0.2757,0.3213,1,1,0.3,0.2984,0.0117,0.2757,0.3213,1,1
95,3.38008587561722,3.3888,0.0589,3.2726,3.5046,1,1,2.6490919557642,2.7283,0.0455,2.6393,2.817,1,1,6.5592497625802,6.5608,0.0825,6.3995,6.7217,1,1,4.79549474076678,4.8932,0.0615,4.772,5.0129,1,1,8.41991048086296,8.382,0.0902,8.2058,8.557,1,1,6.27213639876793,6.3823,0.0673,6.2505,6.514,1,1,9.29394031721092,9.2173,0.0921,9.0376,9.3986,1,1,7.10490577112262,7.1996,0.0687,7.0649,7.3333,1,1,9.68083248283218,9.5987,0.0927,9.4165,9.7815,1,1,7.54002818053297,7.6331,0.0671,7.5004,7.7637,1,1,0.3,0.3038,0.018,0.2688,0.3392,1,1,0.2,0.2376,0.0169,0.2054,0.2715,0,1,-0.15,-0.1665,0.0146,-0.1948,-0.1381,1,1,-0.1,-0.1048,0.0148,-0.1334,-0.0756,1,1,1.16975723241009,1.1751,0.0468,1.086,1.2697,1,1,0.818364051334181,0.8474,0.0388,0.7729,0.9251,1,1,1.77224917802126,1.7408,0.0615,1.6262,1.8667,1,1,1.22554713982381,1.2624,0.0481,1.172,1.3595,1,1,1.92749400743346,1.92,0.0662,1.7946,2.0536,1,1,1.39038469211727,1.3965,0.0518,1.298,1.5018,1,1,1.96107469695758,1.9761,0.0683,1.8473,2.1138,1,1,1.44296594681151,1.435,0.053,1.3342,1.542,1,1,1.97661392972742,1.9889,0.0685,1.8594,2.1279,1,1,1.46479650840188,1.3928,0.0517,1.2944,1.4973,1,1,0.1,0.0838,0.0201,0.0481,0.1255,1,1,0.1,0.1034,0.0233,0.0596,0.1496,1,1,0.1,0.0738,0.0164,0.0456,0.1089,1,1,0.1,0.1023,0.0197,0.0637,0.1401,1,1,1,0.9894,0.0163,0.9581,1.022,1,1,1,1.0169,0.0163,0.9859,1.0494,1,1,0.3,0.2877,0.0118,0.2649,0.3109,1,1,0.3,0.2877,0.0118,0.2649,0.3109,1,1
96,3.38008587561722,3.406,0.0585,3.2897,3.5208,1,1,2.6490919557642,2.6338,0.0433,2.5487,2.7184,1,1,6.5592497625802,6.6244,0.0819,6.4635,6.7832,1,1,4.79549474076678,4.7003,0.0602,4.5826,4.8186,1,1,8.41991048086296,8.488,0.0882,8.3133,8.6602,1,1,6.27213639876793,6.1604,0.066,6.0326,6.2897,1,1,9.29394031721092,9.3157,0.0893,9.1398,9.4903,1,1,7.10490577112262,7.0041,0.0665,6.8745,7.1348,1,1,9.68083248283218,9.8275,0.0884,9.6548,10.0015,1,1,7.54002818053297,7.4693,0.0688,7.3358,7.6039,1,1,0.3,0.2924,0.0177,0.2579,0.3272,1,1,0.2,0.2345,0.018,0.199,0.2699,1,1,-0.15,-0.1522,0.0156,-0.1836,-0.1219,1,1,-0.1,-0.0968,0.0143,-0.1249,-0.0685,1,1,1.16975723241009,1.1752,0.0466,1.0866,1.2696,1,1,0.818364051334181,0.7842,0.04,0.7064,0.8636,1,1,1.77224917802126,1.7331,0.061,1.6173,1.8564,1,1,1.22554713982381,1.2163,0.0478,1.1257,1.313,1,1,1.92749400743346,1.8754,0.0655,1.7509,2.0084,1,1,1.39038469211727,1.3592,0.0514,1.2618,1.4637,1,1,1.96107469695758,1.9092,0.0662,1.7824,2.0435,1,1,1.44296594681151,1.3788,0.0517,1.2807,1.4831,1,1,1.97661392972742,1.8917,0.0656,1.7676,2.025,1,1,1.46479650840188,1.4245,0.0529,1.3247,1.5317,1,1,0.1,0.1005,0.0248,0.0566,0.1512,1,1,0.1,0.1635,0.0211,0.1199,0.2033,0,1,0.1,0.1231,0.0219,0.0784,0.1643,1,1,0.1,0.1202,0.0207,0.0771,0.1592,1,1,1,0.9886,0.0163,0.9575,1.021,1,1,1,1.0337,0.0169,1.001,1.0676,0,1,0.3,0.2998,0.0119,0.2767,0.3233,1,1,0.3,0.2998,0.0119,0.2767,0.3233,1,1
97,3.38008587561722,3.3143,0.0578,3.2006,3.4274,1,1,2.6490919557642,2.6422,0.0417,2.5606,2.7242,1,1,6.5592497625802,6.449,0.084,6.2829,6.613,1,1,4.79549474076678,4.7774,0.0595,4.6622,4.8936,1,1,8.41991048086296,8.3178,0.0899,8.1433,8.4962,1,1,6.27213639876793,6.2804,0.0667,6.149,6.4113,1,1,9.29394031721092,9.1848,0.0917,9.0037,9.3652,1,1,7.10490577112262,7.0379,0.0692,6.9028,7.1737,1,1,9.68083248283218,9.6505,0.0893,9.4764,9.8272,1,1,7.54002818053297,7.4802,0.07,7.3426,7.6179,1,1,0.3,0.3044,0.0178,0.2697,0.3396,1,1,0.2,0.2094,0.0178,0.1753,0.2449,1,1,-0.15,-0.1441,0.0149,-0.1731,-0.115,1,1,-0.1,-0.0776,0.0146,-0.1064,-0.0494,1,1,1.16975723241009,1.1521,0.0472,1.0626,1.2472,1,1,0.818364051334181,0.7648,0.0379,0.6925,0.8406,1,1,1.77224917802126,1.7888,0.0631,1.6701,1.9181,1,1,1.22554713982381,1.2161,0.0465,1.1269,1.3093,1,1,1.92749400743346,1.9124,0.0664,1.7868,2.0464,1,1,1.39038469211727,1.3912,0.0515,1.2925,1.4951,1,1,1.96107469695758,1.9598,0.0682,1.8304,2.0989,1,1,1.44296594681151,1.4381,0.0526,1.338,1.5451,1,1,1.97661392972742,1.9111,0.0664,1.7854,2.046,1,1,1.46479650840188,1.4725,0.0535,1.3712,1.5811,1,1,0.1,0.0943,0.023,0.0543,0.1403,1,1,0.1,0.1264,0.0259,0.0744,0.1755,1,1,0.1,0.0862,0.0192,0.0509,0.1254,1,1,0.1,0.0937,0.0204,0.0547,0.1331,1,1,1,1.0183,0.0166,0.9862,1.0516,1,1,1,1.0029,0.0161,0.972,1.0352,1,1,0.3,0.3099,0.012,0.2866,0.3336,1,1,0.3,0.3099,0.012,0.2866,0.3336,1,1
98,3.38008587561722,3.2613,0.0563,3.151,3.3712,0,1,2.6490919557642,2.6673,0.0442,2.5808,2.754,1,1,6.5592497625802,6.4806,0.0823,6.3185,6.642,1,1,4.79549474076678,4.8235,0.0591,4.7071,4.9391,1,1,8.41991048086296,8.3454,0.0899,8.171,8.5223,1,1,6.27213639876793,6.2659,0.0652,6.1386,6.3956,1,1,9.29394031721092,9.2963,0.0894,9.1214,9.4731,1,1,7.10490577112262,7.1558,0.067,7.0237,7.2865,1,1,9.68083248283218,9.6997,0.0902,9.5239,9.8758,1,1,7.54002818053297,7.5293,0.068,7.3956,7.6626,1,1,0.3,0.3196,0.0185,0.2827,0.3558,1,1,0.2,0.208,0.0179,0.1737,0.243,1,1,-0.15,-0.1612,0.0158,-0.1927,-0.1306,1,1,-0.1,-0.1208,0.0142,-0.1484,-0.0931,1,1,1.16975723241009,1.1021,0.0456,1.0153,1.1941,1,1,0.818364051334181,0.8155,0.0396,0.7391,0.8946,1,1,1.77224917802126,1.739,0.0616,1.6222,1.8634,1,1,1.22554713982381,1.1981,0.0463,1.1094,1.2919,1,1,1.92749400743346,1.9203,0.0667,1.7942,2.0552,1,1,1.39038469211727,1.3443,0.0504,1.25,1.4465,1,1,1.96107469695758,1.9076,0.0668,1.7809,2.0438,1,1,1.44296594681151,1.3935,0.0515,1.2966,1.4981,1,1,1.97661392972742,1.9292,0.0676,1.8019,2.0657,1,1,1.46479650840188,1.4078,0.0522,1.3092,1.514,1,1,0.1,0.0992,0.0246,0.0543,0.1481,1,1,0.1,0.1474,0.0218,0.1043,0.1889,0,1,0.1,0.1347,0.0201,0.0942,0.1737,1,1,0.1,0.0776,0.0177,0.0471,0.115,1,1,1,0.9988,0.0166,0.9666,1.0317,1,1,1,1.0137,0.0163,0.9822,1.0461,1,1,0.3,0.2985,0.0119,0.2753,0.3219,1,1,0.3,0.2985,0.0119,0.2753,0.3219,1,1
99,3.38008587561722,3.2829,0.0574,3.1704,3.3943,1,1,2.6490919557642,2.6596,0.0422,2.577,2.7423,1,1,6.5592497625802,6.4435,0.0856,6.2759,6.6114,1,1,4.79549474076678,4.8339,0.0598,4.7157,4.9507,1,1,8.41991048086296,8.3216,0.0924,8.1407,8.502,1,1,6.27213639876793,6.3365,0.0666,6.204,6.4662,1,1,9.29394031721092,9.2,0.0929,9.0179,9.3815,1,1,7.10490577112262,7.1491,0.0693,7.0137,7.286,1,1,9.68083248283218,9.5898,0.0909,9.4111,9.7681,1,1,7.54002818053297,7.5831,0.0701,7.4459,7.7206,1,1,0.3,0.3209,0.0186,0.2847,0.3576,1,1,0.2,0.1995,0.018,0.1644,0.2352,1,1,-0.15,-0.1254,0.0151,-0.1554,-0.096,1,1,-0.1,-0.1005,0.0148,-0.1297,-0.0721,1,1,1.16975723241009,1.1505,0.047,1.0618,1.2457,1,1,0.818364051334181,0.7723,0.0383,0.6988,0.8481,1,1,1.77224917802126,1.8099,0.0641,1.689,1.9403,1,1,1.22554713982381,1.2215,0.0473,1.1317,1.3174,1,1,1.92749400743346,1.9869,0.0688,1.8565,2.1265,1,1,1.39038469211727,1.3977,0.0512,1.2999,1.5006,1,1,1.96107469695758,1.987,0.0685,1.8578,2.1268,1,1,1.44296594681151,1.4583,0.0533,1.3568,1.5664,1,1,1.97661392972742,1.9467,0.0672,1.8185,2.0828,1,1,1.46479650840188,1.4796,0.0536,1.3774,1.5872,1,1,0.1,0.0941,0.0229,0.0534,0.1396,1,1,0.1,0.1365,0.0262,0.0808,0.1857,1,1,0.1,0.0833,0.0199,0.0497,0.1242,1,1,0.1,0.1095,0.02,0.0705,0.1492,1,1,1,0.9903,0.0164,0.9587,1.0232,1,1,1,1.0025,0.0162,0.9714,1.0349,1,1,0.3,0.2838,0.0116,0.2614,0.3066,1,1,0.3,0.2838,0.0116,0.2614,0.3066,1,1
100,3.38008587561722,3.3225,0.0592,3.207,3.4389,1,1,2.6490919557642,2.5973,0.0455,2.5083,2.686,1,1,6.5592497625802,6.5636,0.0828,6.4032,6.7274,1,1,4.79549474076678,4.7909,0.0622,4.6693,4.9133,1,1,8.41991048086296,8.3431,0.0894,8.1678,8.5184,1,1,6.27213639876793,6.2528,0.0679,6.1185,6.387,1,1,9.29394031721092,9.2225,0.0915,9.0438,9.403,1,1,7.10490577112262,7.084,0.0691,6.9487,7.2202,1,1,9.68083248283218,9.6037,0.0912,9.4264,9.782,1,1,7.54002818053297,7.5155,0.0703,7.3773,7.6533,1,1,0.3,0.2917,0.0188,0.2547,0.3285,1,1,0.2,0.2105,0.0181,0.1757,0.2467,1,1,-0.15,-0.133,0.0152,-0.1628,-0.1031,1,1,-0.1,-0.1119,0.0146,-0.1405,-0.0829,1,1,1.16975723241009,1.1874,0.0469,1.098,1.282,1,1,0.818364051334181,0.8647,0.0397,0.7888,0.9441,1,1,1.77224917802126,1.7545,0.0621,1.6364,1.8798,1,1,1.22554713982381,1.2625,0.0479,1.1712,1.3588,1,1,1.92749400743346,1.9199,0.0669,1.7929,2.0563,1,1,1.39038469211727,1.415,0.0521,1.3165,1.5213,1,1,1.96107469695758,1.9516,0.0676,1.8226,2.0885,1,1,1.44296594681151,1.4352,0.0524,1.3368,1.5411,1,1,1.97661392972742,1.9547,0.0677,1.8252,2.0918,1,1,1.46479650840188,1.4634,0.053,1.363,1.5711,1,1,0.1,0.1464,0.0227,0.1002,0.1889,0,1,0.1,0.1463,0.0223,0.0994,0.1878,1,1,0.1,0.0796,0.0184,0.0473,0.1178,1,1,0.1,0.0863,0.0193,0.0515,0.1253,1,1,1,1.0066,0.0164,0.9749,1.0394,1,1,1,1.0189,0.0163,0.9874,1.0516,1,1,0.3,0.3261,0.0119,0.3029,0.3496,0,1,0.3,0.3261,0.0119,0.3029,0.3496,0,1
