"r","Tru_Level2Mean[1]","Est_Level2Mean[1]","se_Level2Mean[1]","LL_Level2Mean[1]","UL_Level2Mean[1]","cFlag_Level2Mean[1]","pFlag_Level2Mean[1]","Tru_Level2Mean[2]","Est_Level2Mean[2]","se_Level2Mean[2]","LL_Level2Mean[2]","UL_Level2Mean[2]","cFlag_Level2Mean[2]","pFlag_Level2Mean[2]","Tru_Level2Mean[3]","Est_Level2Mean[3]","se_Level2Mean[3]","LL_Level2Mean[3]","UL_Level2Mean[3]","cFlag_Level2Mean[3]","pFlag_Level2Mean[3]","Tru_Level2Mean[4]","Est_Level2Mean[4]","se_Level2Mean[4]","LL_Level2Mean[4]","UL_Level2Mean[4]","cFlag_Level2Mean[4]","pFlag_Level2Mean[4]","Tru_Level2Mean[5]","Est_Level2Mean[5]","se_Level2Mean[5]","LL_Level2Mean[5]","UL_Level2Mean[5]","cFlag_Level2Mean[5]","pFlag_Level2Mean[5]","Tru_Level2Mean[6]","Est_Level2Mean[6]","se_Level2Mean[6]","LL_Level2Mean[6]","UL_Level2Mean[6]","cFlag_Level2Mean[6]","pFlag_Level2Mean[6]","Tru_Level2Mean[7]","Est_Level2Mean[7]","se_Level2Mean[7]","LL_Level2Mean[7]","UL_Level2Mean[7]","cFlag_Level2Mean[7]","pFlag_Level2Mean[7]","Tru_Level2Mean[8]","Est_Level2Mean[8]","se_Level2Mean[8]","LL_Level2Mean[8]","UL_Level2Mean[8]","cFlag_Level2Mean[8]","pFlag_Level2Mean[8]","Tru_Level2Mean[9]","Est_Level2Mean[9]","se_Level2Mean[9]","LL_Level2Mean[9]","UL_Level2Mean[9]","cFlag_Level2Mean[9]","pFlag_Level2Mean[9]","Tru_Level2Mean[10]","Est_Level2Mean[10]","se_Level2Mean[10]","LL_Level2Mean[10]","UL_Level2Mean[10]","cFlag_Level2Mean[10]","pFlag_Level2Mean[10]","Tru_Level2Mean[11]","Est_Level2Mean[11]","se_Level2Mean[11]","LL_Level2Mean[11]","UL_Level2Mean[11]","cFlag_Level2Mean[11]","pFlag_Level2Mean[11]","Tru_Level2Mean[12]","Est_Level2Mean[12]","se_Level2Mean[12]","LL_Level2Mean[12]","UL_Level2Mean[12]","cFlag_Level2Mean[12]","pFlag_Level2Mean[12]","Tru_Level2Mean[13]","Est_Level2Mean[13]","se_Level2Mean[13]","LL_Level2Mean[13]","UL_Level2Mean[13]","cFlag_Level2Mean[13]","pFlag_Level2Mean[13]","Tru_Level2Mean[14]","Est_Level2Mean[14]","se_Level2Mean[14]","LL_Level2Mean[14]","UL_Level2Mean[14]","cFlag_Level2Mean[14]","pFlag_Level2Mean[14]","Tru_Level2Sigma[1]","Est_Level2Sigma[1]","se_Level2Sigma[1]","LL_Level2Sigma[1]","UL_Level2Sigma[1]","cFlag_Level2Sigma[1]","pFlag_Level2Sigma[1]","Tru_Level2Sigma[2]","Est_Level2Sigma[2]","se_Level2Sigma[2]","LL_Level2Sigma[2]","UL_Level2Sigma[2]","cFlag_Level2Sigma[2]","pFlag_Level2Sigma[2]","Tru_Level2Sigma[3]","Est_Level2Sigma[3]","se_Level2Sigma[3]","LL_Level2Sigma[3]","UL_Level2Sigma[3]","cFlag_Level2Sigma[3]","pFlag_Level2Sigma[3]","Tru_Level2Sigma[4]","Est_Level2Sigma[4]","se_Level2Sigma[4]","LL_Level2Sigma[4]","UL_Level2Sigma[4]","cFlag_Level2Sigma[4]","pFlag_Level2Sigma[4]","Tru_Level2Sigma[5]","Est_Level2Sigma[5]","se_Level2Sigma[5]","LL_Level2Sigma[5]","UL_Level2Sigma[5]","cFlag_Level2Sigma[5]","pFlag_Level2Sigma[5]","Tru_Level2Sigma[6]","Est_Level2Sigma[6]","se_Level2Sigma[6]","LL_Level2Sigma[6]","UL_Level2Sigma[6]","cFlag_Level2Sigma[6]","pFlag_Level2Sigma[6]","Tru_Level2Sigma[7]","Est_Level2Sigma[7]","se_Level2Sigma[7]","LL_Level2Sigma[7]","UL_Level2Sigma[7]","cFlag_Level2Sigma[7]","pFlag_Level2Sigma[7]","Tru_Level2Sigma[8]","Est_Level2Sigma[8]","se_Level2Sigma[8]","LL_Level2Sigma[8]","UL_Level2Sigma[8]","cFlag_Level2Sigma[8]","pFlag_Level2Sigma[8]","Tru_Level2Sigma[9]","Est_Level2Sigma[9]","se_Level2Sigma[9]","LL_Level2Sigma[9]","UL_Level2Sigma[9]","cFlag_Level2Sigma[9]","pFlag_Level2Sigma[9]","Tru_Level2Sigma[10]","Est_Level2Sigma[10]","se_Level2Sigma[10]","LL_Level2Sigma[10]","UL_Level2Sigma[10]","cFlag_Level2Sigma[10]","pFlag_Level2Sigma[10]","Tru_Level2Sigma[11]","Est_Level2Sigma[11]","se_Level2Sigma[11]","LL_Level2Sigma[11]","UL_Level2Sigma[11]","cFlag_Level2Sigma[11]","pFlag_Level2Sigma[11]","Tru_Level2Sigma[12]","Est_Level2Sigma[12]","se_Level2Sigma[12]","LL_Level2Sigma[12]","UL_Level2Sigma[12]","cFlag_Level2Sigma[12]","pFlag_Level2Sigma[12]","Tru_Level2Sigma[13]","Est_Level2Sigma[13]","se_Level2Sigma[13]","LL_Level2Sigma[13]","UL_Level2Sigma[13]","cFlag_Level2Sigma[13]","pFlag_Level2Sigma[13]","Tru_Level2Sigma[14]","Est_Level2Sigma[14]","se_Level2Sigma[14]","LL_Level2Sigma[14]","UL_Level2Sigma[14]","cFlag_Level2Sigma[14]","pFlag_Level2Sigma[14]","Tru_sigma_innovation[1,1]","Est_sigma_innovation[1,1]","se_sigma_innovation[1,1]","LL_sigma_innovation[1,1]","UL_sigma_innovation[1,1]","cFlag_sigma_innovation[1,1]","pFlag_sigma_innovation[1,1]","Tru_sigma_innovation[2,2]","Est_sigma_innovation[2,2]","se_sigma_innovation[2,2]","LL_sigma_innovation[2,2]","UL_sigma_innovation[2,2]","cFlag_sigma_innovation[2,2]","pFlag_sigma_innovation[2,2]","Tru_sigma_innovation[1,2]","Est_sigma_innovation[1,2]","se_sigma_innovation[1,2]","LL_sigma_innovation[1,2]","UL_sigma_innovation[1,2]","cFlag_sigma_innovation[1,2]","pFlag_sigma_innovation[1,2]","Tru_sigma_innovation[2,1]","Est_sigma_innovation[2,1]","se_sigma_innovation[2,1]","LL_sigma_innovation[2,1]","UL_sigma_innovation[2,1]","cFlag_sigma_innovation[2,1]","pFlag_sigma_innovation[2,1]"
1,3.38008587561722,3.2229,0.138,2.9523,3.4953,1,1,2.6490919557642,2.4856,0.0865,2.3143,2.655,1,1,6.5592497625802,6.446,0.193,6.0666,6.8247,1,1,4.79549474076678,4.5052,0.1249,4.2596,4.7511,0,1,8.41991048086296,8.3264,0.2085,7.9084,8.7332,1,1,6.27213639876793,5.9021,0.1398,5.6272,6.1753,0,1,9.29394031721092,9.1736,0.2041,8.7706,9.5733,1,1,7.10490577112262,6.6942,0.1468,6.4057,6.984,0,1,9.68083248283218,9.5588,0.2093,9.1526,9.9702,1,1,7.54002818053297,7.1175,0.1551,6.8108,7.4212,0,1,0.3,0.2924,0.0159,0.2612,0.3236,1,1,0.2,0.2224,0.0139,0.1952,0.2498,1,1,-0.15,-0.1663,0.0145,-0.195,-0.1378,1,1,-0.1,-0.0736,0.0155,-0.1038,-0.043,1,1,1.16975723241009,1.3321,0.1006,1.1508,1.5442,1,1,0.818364051334181,0.8159,0.0646,0.6995,0.95,1,1,1.77224917802126,1.888,0.139,1.6394,2.184,1,1,1.22554713982381,1.2039,0.0902,1.0423,1.3955,1,1,1.92749400743346,2.0492,0.1497,1.7805,2.365,1,1,1.39038469211727,1.3553,0.1006,1.1741,1.5687,1,1,1.96107469695758,2.0144,0.1465,1.7511,2.3256,1,1,1.44296594681151,1.4297,0.1057,1.2409,1.6553,1,1,1.97661392972742,2.0541,0.1501,1.7843,2.3712,1,1,1.46479650840188,1.5204,0.1115,1.3201,1.7581,1,1,0.1,0.1118,0.0152,0.0831,0.1428,1,1,0.1,0.0819,0.014,0.0559,0.1106,1,1,0.1,0.0988,0.014,0.0725,0.1276,1,1,0.1,0.1089,0.0145,0.0816,0.1385,1,1,1,1.0189,0.015,0.9898,1.0488,1,1,1,0.9982,0.0147,0.97,1.0274,1,1,0.3,0.3122,0.011,0.291,0.334,1,1,0.3,0.3122,0.011,0.291,0.334,1,1
2,3.38008587561722,3.3694,0.1268,3.1208,3.6166,1,1,2.6490919557642,2.5164,0.0904,2.3402,2.6951,1,1,6.5592497625802,6.7157,0.1942,6.332,7.0984,1,1,4.79549474076678,4.682,0.1376,4.4117,4.9519,1,1,8.41991048086296,8.6671,0.206,8.2635,9.0736,1,1,6.27213639876793,6.1819,0.1561,5.8752,6.4907,1,1,9.29394031721092,9.5466,0.2127,9.1279,9.964,1,1,7.10490577112262,6.9829,0.1673,6.6529,7.3076,1,1,9.68083248283218,9.8131,0.2142,9.3902,10.2318,1,1,7.54002818053297,7.4274,0.1643,7.1063,7.7524,1,1,0.3,0.3066,0.0158,0.2755,0.3377,1,1,0.2,0.2213,0.0158,0.1904,0.2523,1,1,-0.15,-0.156,0.0151,-0.1856,-0.1259,1,1,-0.1,-0.1009,0.0142,-0.1289,-0.0729,1,1,1.16975723241009,1.2287,0.0938,1.061,1.4266,1,1,0.818364051334181,0.8534,0.0673,0.7323,0.9955,1,1,1.77224917802126,1.9134,0.1403,1.6601,2.2134,1,1,1.22554713982381,1.343,0.0995,1.164,1.5516,1,1,1.92749400743346,2.0274,0.1487,1.7615,2.3455,1,1,1.39038469211727,1.5279,0.1126,1.3258,1.7656,1,1,1.96107469695758,2.0915,0.1518,1.8196,2.4153,1,1,1.44296594681151,1.6369,0.12,1.4228,1.8909,1,1,1.97661392972742,2.121,0.1543,1.844,2.4498,1,1,1.46479650840188,1.6071,0.1176,1.3941,1.8544,1,1,0.1,0.1117,0.0151,0.0837,0.1428,1,1,0.1,0.1092,0.0147,0.0816,0.1394,1,1,0.1,0.1051,0.0141,0.0784,0.1341,1,1,0.1,0.0905,0.0142,0.0639,0.1195,1,1,1,1.012,0.0149,0.9832,1.0413,1,1,1,1.006,0.0149,0.9775,1.0354,1,1,0.3,0.2983,0.011,0.2768,0.3198,1,1,0.3,0.2983,0.011,0.2768,0.3198,1,1
3,3.38008587561722,3.4004,0.1142,3.1751,3.6247,1,1,2.6490919557642,2.5858,0.0912,2.407,2.7657,1,1,6.5592497625802,6.5735,0.1774,6.2246,6.9234,1,1,4.79549474076678,4.7467,0.1284,4.4948,4.9993,1,1,8.41991048086296,8.405,0.189,8.034,8.7783,1,1,6.27213639876793,6.2192,0.1457,5.931,6.5046,1,1,9.29394031721092,9.2642,0.1913,8.8851,9.6366,1,1,7.10490577112262,7.0458,0.1465,6.7603,7.3332,1,1,9.68083248283218,9.5652,0.1973,9.1746,9.9533,1,1,7.54002818053297,7.5165,0.1531,7.2163,7.8174,1,1,0.3,0.2871,0.0154,0.2568,0.3174,1,1,0.2,0.1966,0.0145,0.1682,0.2253,1,1,-0.15,-0.1492,0.0153,-0.1791,-0.119,1,1,-0.1,-0.0695,0.0151,-0.0992,-0.0398,0,1,1.16975723241009,1.0883,0.0841,0.9375,1.2676,1,1,0.818364051334181,0.87,0.0681,0.7473,1.0138,1,1,1.77224917802126,1.7421,0.1278,1.5127,2.0142,1,1,1.22554713982381,1.2474,0.0936,1.0802,1.4462,1,1,1.92749400743346,1.87,0.1374,1.6215,2.1645,1,1,1.39038469211727,1.4226,0.1051,1.233,1.6445,1,1,1.96107469695758,1.8893,0.138,1.6416,2.1823,1,1,1.44296594681151,1.4373,0.1056,1.2485,1.6626,1,1,1.97661392972742,1.9524,0.1431,1.6961,2.257,1,1,1.46479650840188,1.4995,0.1097,1.3027,1.7323,1,1,0.1,0.1042,0.0149,0.0756,0.1342,1,1,0.1,0.0907,0.0146,0.0632,0.1204,1,1,0.1,0.1075,0.0146,0.0801,0.1372,1,1,0.1,0.1043,0.0146,0.0768,0.1343,1,1,1,1.0085,0.0148,0.9797,1.0379,1,1,1,1.0211,0.0149,0.9923,1.0509,1,1,0.3,0.2944,0.011,0.2729,0.3161,1,1,0.3,0.2944,0.011,0.2729,0.3161,1,1
4,3.38008587561722,3.3315,0.1154,3.1049,3.5565,1,1,2.6490919557642,2.577,0.0816,2.4148,2.7381,1,1,6.5592497625802,6.618,0.1662,6.2913,6.9419,1,1,4.79549474076678,4.59,0.1301,4.3357,4.8486,1,1,8.41991048086296,8.4861,0.181,8.134,8.8405,1,1,6.27213639876793,6.0193,0.1466,5.7309,6.3048,1,1,9.29394031721092,9.3876,0.1829,9.0261,9.7442,1,1,7.10490577112262,6.916,0.1476,6.6271,7.2065,1,1,9.68083248283218,9.7571,0.1878,9.3873,10.1262,1,1,7.54002818053297,7.2828,0.1563,6.9763,7.5913,1,1,0.3,0.2826,0.0144,0.2545,0.3107,1,1,0.2,0.2044,0.0154,0.1741,0.2347,1,1,-0.15,-0.1805,0.0152,-0.2101,-0.1509,0,1,-0.1,-0.1099,0.0155,-0.1403,-0.0794,1,1,1.16975723241009,1.1077,0.0849,0.9544,1.2887,1,1,0.818364051334181,0.7613,0.0615,0.6515,0.8921,1,1,1.77224917802126,1.6284,0.1195,1.4148,1.8799,1,1,1.22554713982381,1.2632,0.0947,1.0936,1.4644,1,1,1.92749400743346,1.7751,0.1298,1.5423,2.0501,1,1,1.39038469211727,1.4302,0.1057,1.2402,1.6545,1,1,1.96107469695758,1.7976,0.1322,1.5615,2.0787,1,1,1.44296594681151,1.4409,0.1064,1.25,1.6647,1,1,1.97661392972742,1.8269,0.134,1.587,2.1087,1,1,1.46479650840188,1.5347,0.1135,1.332,1.7744,1,1,0.1,0.089,0.0142,0.0622,0.1177,1,1,0.1,0.1051,0.0147,0.0776,0.1351,1,1,0.1,0.1046,0.0142,0.0779,0.1336,1,1,0.1,0.1111,0.0142,0.0842,0.1403,1,1,1,0.9999,0.0147,0.9714,1.0291,1,1,1,1.0151,0.0149,0.9862,1.0449,1,1,0.3,0.308,0.0109,0.2869,0.3296,1,1,0.3,0.308,0.0109,0.2869,0.3296,1,1
5,3.38008587561722,3.3738,0.1365,3.1037,3.6417,1,1,2.6490919557642,2.7007,0.0812,2.5404,2.8604,1,1,6.5592497625802,6.5653,0.1885,6.1951,6.9344,1,1,4.79549474076678,4.8247,0.1199,4.589,5.0623,1,1,8.41991048086296,8.4035,0.2059,7.9985,8.8053,1,1,6.27213639876793,6.3249,0.1308,6.0664,6.5819,1,1,9.29394031721092,9.1697,0.2044,8.7712,9.5723,1,1,7.10490577112262,7.1329,0.1366,6.8631,7.4012,1,1,9.68083248283218,9.5539,0.1997,9.1617,9.9446,1,1,7.54002818053297,7.5424,0.1342,7.2784,7.8063,1,1,0.3,0.2932,0.0152,0.2632,0.3228,1,1,0.2,0.2189,0.0166,0.1865,0.2516,1,1,-0.15,-0.16,0.0147,-0.1889,-0.1313,1,1,-0.1,-0.0815,0.0169,-0.1151,-0.0487,1,1,1.16975723241009,1.3195,0.1,1.1401,1.5307,1,1,0.818364051334181,0.7585,0.0617,0.6483,0.8902,1,1,1.77224917802126,1.8548,0.1362,1.6106,2.1403,1,1,1.22554713982381,1.147,0.0867,0.9915,1.3306,1,1,1.92749400743346,2.036,0.1477,1.7701,2.3489,1,1,1.39038469211727,1.2779,0.0963,1.106,1.4823,1,1,1.96107469695758,2.0104,0.1465,1.7488,2.3188,1,1,1.44296594681151,1.3253,0.0984,1.1491,1.5328,1,1,1.97661392972742,1.9713,0.144,1.7164,2.276,1,1,1.46479650840188,1.3061,0.0971,1.1317,1.5123,1,1,0.1,0.1019,0.0149,0.0739,0.1326,1,1,0.1,0.1234,0.0149,0.0958,0.1541,1,1,0.1,0.1011,0.0147,0.0734,0.1313,1,1,0.1,0.1303,0.0149,0.1027,0.1611,0,1,1,1.0182,0.015,0.989,1.0479,1,1,1,1.0126,0.0149,0.9837,1.0422,1,1,0.3,0.2813,0.0108,0.2604,0.3027,1,1,0.3,0.2813,0.0108,0.2604,0.3027,1,1
6,3.38008587561722,3.4169,0.1234,3.1742,3.661,1,1,2.6490919557642,2.5011,0.0797,2.3447,2.6572,1,1,6.5592497625802,6.6024,0.1857,6.2336,6.9652,1,1,4.79549474076678,4.5928,0.1203,4.3564,4.8282,1,1,8.41991048086296,8.4104,0.1915,8.0375,8.787,1,1,6.27213639876793,6.074,0.144,5.7905,6.3586,1,1,9.29394031721092,9.2455,0.1934,8.864,9.6252,1,1,7.10490577112262,6.923,0.1537,6.6182,7.2237,1,1,9.68083248283218,9.6133,0.1954,9.2284,9.9944,1,1,7.54002818053297,7.4294,0.1536,7.1274,7.7309,1,1,0.3,0.3223,0.0146,0.2938,0.3508,1,1,0.2,0.2056,0.0178,0.1707,0.2402,1,1,-0.15,-0.1595,0.0139,-0.1868,-0.1322,1,1,-0.1,-0.0943,0.0134,-0.1205,-0.068,1,1,1.16975723241009,1.1912,0.092,1.0258,1.3862,1,1,0.818364051334181,0.7418,0.0604,0.6322,0.8699,1,1,1.77224917802126,1.8346,0.1354,1.5924,2.1233,1,1,1.22554713982381,1.1719,0.0885,1.0128,1.3593,1,1,1.92749400743346,1.8788,0.1384,1.63,2.1708,1,1,1.39038469211727,1.4084,0.1041,1.2216,1.6291,1,1,1.96107469695758,1.9093,0.1401,1.6581,2.206,1,1,1.44296594681151,1.518,0.1117,1.3183,1.7543,1,1,1.97661392972742,1.9187,0.1401,1.6684,2.2154,1,1,1.46479650840188,1.5044,0.1116,1.3028,1.7405,1,1,0.1,0.0921,0.0146,0.0647,0.1215,1,1,0.1,0.1367,0.0154,0.1082,0.1685,0,1,0.1,0.0875,0.014,0.0613,0.1164,1,1,0.1,0.0773,0.0137,0.052,0.1054,1,1,1,1.0099,0.0149,0.9814,1.0396,1,1,1,1.0036,0.0148,0.9749,1.0329,1,1,0.3,0.3102,0.011,0.2888,0.3316,1,1,0.3,0.3102,0.011,0.2888,0.3316,1,1
7,3.38008587561722,3.3142,0.119,3.0798,3.5483,1,1,2.6490919557642,2.5628,0.0851,2.3947,2.729,1,1,6.5592497625802,6.5319,0.1704,6.1974,6.8641,1,1,4.79549474076678,4.7352,0.1254,4.4892,4.9807,1,1,8.41991048086296,8.326,0.1965,7.9378,8.7148,1,1,6.27213639876793,6.1318,0.1447,5.8478,6.4167,1,1,9.29394031721092,9.2049,0.2004,8.816,9.6013,1,1,7.10490577112262,6.9765,0.1449,6.6922,7.2601,1,1,9.68083248283218,9.7066,0.204,9.3083,10.1086,1,1,7.54002818053297,7.468,0.1492,7.1741,7.7618,1,1,0.3,0.2809,0.0153,0.2506,0.3113,1,1,0.2,0.2183,0.0132,0.1924,0.2439,1,1,-0.15,-0.1537,0.0155,-0.184,-0.1233,1,1,-0.1,-0.0974,0.0146,-0.1263,-0.069,1,1,1.16975723241009,1.1406,0.0873,0.9824,1.3241,1,1,0.818364051334181,0.7975,0.0635,0.6823,0.9313,1,1,1.77224917802126,1.6735,0.124,1.4512,1.9368,1,1,1.22554713982381,1.2167,0.091,1.0533,1.4101,1,1,1.92749400743346,1.9393,0.1421,1.6819,2.2424,1,1,1.39038469211727,1.3995,0.1034,1.2125,1.6162,1,1,1.96107469695758,1.9811,0.1451,1.7211,2.2903,1,1,1.44296594681151,1.4276,0.1055,1.2392,1.6491,1,1,1.97661392972742,2.0097,0.1478,1.7463,2.3238,1,1,1.46479650840188,1.4659,0.1086,1.2699,1.6969,1,1,0.1,0.1001,0.0149,0.0719,0.1302,1,1,0.1,0.064,0.0121,0.0428,0.0902,0,1,0.1,0.1067,0.0144,0.0796,0.136,1,1,0.1,0.0973,0.0145,0.0703,0.1269,1,1,1,0.9978,0.0147,0.9695,1.0272,1,1,1,1.0354,0.0153,1.0059,1.0658,0,1,0.3,0.3238,0.011,0.3022,0.3455,0,1,0.3,0.3238,0.011,0.3022,0.3455,0,1
8,3.38008587561722,3.2493,0.1063,3.0415,3.4581,1,1,2.6490919557642,2.5473,0.0926,2.3663,2.7282,1,1,6.5592497625802,6.2714,0.162,5.9554,6.591,1,1,4.79549474076678,4.5561,0.1343,4.2928,4.8207,1,1,8.41991048086296,8.1452,0.1813,7.7885,8.5034,1,1,6.27213639876793,6.0293,0.1587,5.7176,6.3405,1,1,9.29394031721092,8.9723,0.1848,8.6081,9.3383,1,1,7.10490577112262,6.8094,0.1613,6.4918,7.1251,1,1,9.68083248283218,9.4144,0.199,9.0225,9.8038,1,1,7.54002818053297,7.2616,0.1661,6.9358,7.5866,1,1,0.3,0.2905,0.0141,0.2628,0.3183,1,1,0.2,0.2216,0.0142,0.1937,0.2494,1,1,-0.15,-0.156,0.0145,-0.1842,-0.1274,1,1,-0.1,-0.0982,0.0165,-0.1307,-0.0658,1,1,1.16975723241009,1.0107,0.079,0.8685,1.178,1,1,0.818364051334181,0.8794,0.0691,0.7554,1.0281,1,1,1.77224917802126,1.5915,0.118,1.3788,1.8412,1,1,1.22554713982381,1.3136,0.0978,1.1378,1.5196,1,1,1.92749400743346,1.7846,0.1309,1.5501,2.0626,1,1,1.39038469211727,1.5591,0.1147,1.3528,1.8032,1,1,1.96107469695758,1.817,0.1341,1.5776,2.1041,1,1,1.44296594681151,1.5803,0.1164,1.3716,1.8268,1,1,1.97661392972742,1.9658,0.1439,1.7072,2.2705,1,1,1.46479650840188,1.6293,0.12,1.4143,1.8832,1,1,0.1,0.0852,0.0143,0.0582,0.1144,1,1,0.1,0.0858,0.0146,0.0582,0.1155,1,1,0.1,0.0947,0.0141,0.068,0.1235,1,1,0.1,0.1247,0.0149,0.0969,0.1553,1,1,1,1.0159,0.0149,0.9872,1.0456,1,1,1,1.0104,0.0149,0.9817,1.04,1,1,0.3,0.3092,0.011,0.2877,0.3308,1,1,0.3,0.3092,0.011,0.2877,0.3308,1,1
9,3.38008587561722,3.4046,0.131,3.1497,3.6642,1,1,2.6490919557642,2.636,0.079,2.4801,2.7904,1,1,6.5592497625802,6.5565,0.2068,6.1514,6.9621,1,1,4.79549474076678,4.8803,0.1118,4.6614,5.0992,1,1,8.41991048086296,8.3555,0.2152,7.9341,8.7771,1,1,6.27213639876793,6.3537,0.1227,6.1113,6.5955,1,1,9.29394031721092,9.1857,0.2183,8.7562,9.6128,1,1,7.10490577112262,7.2391,0.1342,6.9767,7.503,1,1,9.68083248283218,9.6565,0.2135,9.2324,10.0729,1,1,7.54002818053297,7.6736,0.1356,7.4066,7.9393,1,1,0.3,0.2962,0.0147,0.2673,0.3247,1,1,0.2,0.2048,0.0155,0.1743,0.2353,1,1,-0.15,-0.1318,0.0149,-0.1611,-0.1024,1,1,-0.1,-0.0939,0.0143,-0.1222,-0.066,1,1,1.16975723241009,1.2739,0.0963,1.1022,1.4755,1,1,0.818364051334181,0.7291,0.0592,0.622,0.8548,1,1,1.77224917802126,2.0314,0.1486,1.7649,2.346,1,1,1.22554713982381,1.0808,0.0824,0.9324,1.2563,1,1,1.92749400743346,2.1338,0.1544,1.8584,2.4633,1,1,1.39038469211727,1.1925,0.0892,1.0321,1.3811,0,1,1.96107469695758,2.1618,0.1569,1.8799,2.4946,1,1,1.44296594681151,1.3024,0.0969,1.1268,1.508,1,1,1.97661392972742,2.1025,0.1518,1.8301,2.4264,1,1,1.46479650840188,1.3362,0.0997,1.1567,1.5479,1,1,0.1,0.0926,0.0142,0.0659,0.1216,1,1,0.1,0.1055,0.0148,0.0778,0.1357,1,1,0.1,0.1025,0.0142,0.0758,0.1314,1,1,0.1,0.094,0.0142,0.0672,0.1232,1,1,1,0.9862,0.0146,0.9578,1.0152,1,1,1,0.9958,0.0148,0.9672,1.025,1,1,0.3,0.2901,0.0107,0.2692,0.3112,1,1,0.3,0.2901,0.0107,0.2692,0.3112,1,1
10,3.38008587561722,3.2066,0.1083,2.9949,3.4185,1,1,2.6490919557642,2.6119,0.0822,2.4498,2.7737,1,1,6.5592497625802,6.3177,0.172,5.978,6.6565,1,1,4.79549474076678,4.7437,0.1287,4.4907,4.996,1,1,8.41991048086296,8.1709,0.1898,7.7951,8.5404,1,1,6.27213639876793,6.2273,0.143,5.9463,6.5085,1,1,9.29394031721092,9.083,0.1991,8.6919,9.4715,1,1,7.10490577112262,7.03,0.1361,6.7619,7.2957,1,1,9.68083248283218,9.4669,0.1924,9.0865,9.8454,1,1,7.54002818053297,7.4719,0.1342,7.2091,7.7371,1,1,0.3,0.3426,0.015,0.3132,0.372,0,1,0.2,0.1782,0.0165,0.1457,0.2103,1,1,-0.15,-0.1472,0.0152,-0.1771,-0.1173,1,1,-0.1,-0.0923,0.0154,-0.1224,-0.0622,1,1,1.16975723241009,1.0184,0.0804,0.8738,1.1881,1,1,0.818364051334181,0.7751,0.062,0.6632,0.9055,1,1,1.77224917802126,1.6677,0.1249,1.4436,1.9326,1,1,1.22554713982381,1.2564,0.094,1.0875,1.4566,1,1,1.92749400743346,1.8639,0.1365,1.6196,2.1537,1,1,1.39038469211727,1.398,0.1036,1.2127,1.6187,1,1,1.96107469695758,1.944,0.1429,1.6883,2.2492,1,1,1.44296594681151,1.3284,0.0981,1.152,1.5372,1,1,1.97661392972742,1.8889,0.1388,1.6412,2.1858,1,1,1.46479650840188,1.3095,0.0971,1.1357,1.5162,1,1,0.1,0.0984,0.0145,0.0711,0.1277,1,1,0.1,0.1192,0.015,0.0912,0.15,1,1,0.1,0.1095,0.0144,0.0825,0.1386,1,1,0.1,0.1062,0.0148,0.0789,0.1364,1,1,1,1.0373,0.0153,1.0075,1.0675,0,1,1,0.9952,0.0146,0.9672,1.0243,1,1,0.3,0.2951,0.0109,0.2739,0.3167,1,1,0.3,0.2951,0.0109,0.2739,0.3167,1,1
11,3.38008587561722,3.2528,0.1301,2.9982,3.5082,1,1,2.6490919557642,2.6748,0.082,2.5147,2.8371,1,1,6.5592497625802,6.415,0.1784,6.0638,6.7633,1,1,4.79549474076678,4.8482,0.1161,4.6218,5.0745,1,1,8.41991048086296,8.2567,0.1901,7.8832,8.6287,1,1,6.27213639876793,6.3534,0.1409,6.076,6.6304,1,1,9.29394031721092,9.0808,0.1929,8.6998,9.4591,1,1,7.10490577112262,7.1851,0.149,6.8921,7.478,1,1,9.68083248283218,9.4365,0.2035,9.0355,9.8349,1,1,7.54002818053297,7.6433,0.155,7.3403,7.9509,1,1,0.3,0.2548,0.0144,0.2265,0.283,0,1,0.2,0.209,0.0155,0.1787,0.2394,1,1,-0.15,-0.1648,0.0152,-0.1948,-0.1351,1,1,-0.1,-0.0974,0.0144,-0.1258,-0.0691,1,1,1.16975723241009,1.2628,0.095,1.0917,1.4636,1,1,0.818364051334181,0.7686,0.0615,0.6575,0.8978,1,1,1.77224917802126,1.7547,0.1292,1.5235,2.0303,1,1,1.22554713982381,1.1247,0.0849,0.9723,1.3032,1,1,1.92749400743346,1.8735,0.137,1.6292,2.1677,1,1,1.39038469211727,1.3723,0.1016,1.1903,1.5896,1,1,1.96107469695758,1.8968,0.1386,1.6474,2.1882,1,1,1.44296594681151,1.4623,0.108,1.2682,1.6907,1,1,1.97661392972742,2.0054,0.1458,1.7407,2.3112,1,1,1.46479650840188,1.515,0.1119,1.3152,1.7515,1,1,0.1,0.0877,0.0146,0.0601,0.1177,1,1,0.1,0.1059,0.0147,0.0783,0.1359,1,1,0.1,0.1042,0.0144,0.0772,0.1339,1,1,0.1,0.0957,0.0144,0.0687,0.1251,1,1,1,0.9885,0.0145,0.9604,1.0173,1,1,1,0.9897,0.0146,0.9616,1.0186,1,1,0.3,0.2768,0.0107,0.256,0.298,0,1,0.3,0.2768,0.0107,0.256,0.298,0,1
12,3.38008587561722,3.3708,0.1222,3.1302,3.6116,1,1,2.6490919557642,2.7167,0.0865,2.5474,2.8866,1,1,6.5592497625802,6.5487,0.1761,6.2057,6.8965,1,1,4.79549474076678,4.8821,0.1135,4.6584,5.1045,1,1,8.41991048086296,8.3406,0.2006,7.9461,8.733,1,1,6.27213639876793,6.3496,0.1287,6.0972,6.6039,1,1,9.29394031721092,9.1657,0.1974,8.7791,9.5522,1,1,7.10490577112262,7.1198,0.1374,6.8484,7.3897,1,1,9.68083248283218,9.5619,0.2075,9.1567,9.9691,1,1,7.54002818053297,7.5755,0.1363,7.3079,7.841,1,1,0.3,0.2901,0.0144,0.2617,0.3185,1,1,0.2,0.2071,0.0143,0.1788,0.2352,1,1,-0.15,-0.1572,0.0135,-0.1835,-0.1306,1,1,-0.1,-0.1088,0.0151,-0.1385,-0.0791,1,1,1.16975723241009,1.1785,0.0896,1.0161,1.3688,1,1,0.818364051334181,0.8152,0.0647,0.6986,0.9516,1,1,1.77224917802126,1.7345,0.1272,1.5075,2.005,1,1,1.22554713982381,1.0966,0.0828,0.9481,1.2717,1,1,1.92749400743346,1.9777,0.144,1.7188,2.2827,1,1,1.39038469211727,1.2514,0.0929,1.0852,1.4487,1,1,1.96107469695758,1.9457,0.1422,1.692,2.2446,1,1,1.44296594681151,1.3492,0.0999,1.1692,1.5594,1,1,1.97661392972742,2.0359,0.1494,1.767,2.353,1,1,1.46479650840188,1.3261,0.0986,1.1494,1.5366,1,1,0.1,0.0864,0.0144,0.0597,0.1161,1,1,0.1,0.0878,0.0144,0.061,0.117,1,1,0.1,0.0797,0.0135,0.0548,0.108,1,1,0.1,0.1051,0.0143,0.0781,0.1341,1,1,1,1.014,0.0149,0.9853,1.0438,1,1,1,1.0105,0.0148,0.982,1.0397,1,1,0.3,0.3199,0.011,0.2983,0.3418,1,1,0.3,0.3199,0.011,0.2983,0.3418,1,1
13,3.38008587561722,3.2555,0.1152,3.0303,3.4826,1,1,2.6490919557642,2.7799,0.0963,2.591,2.971,1,1,6.5592497625802,6.4886,0.1772,6.1395,6.8378,1,1,4.79549474076678,4.9425,0.1312,4.6851,5.1999,1,1,8.41991048086296,8.3718,0.2013,7.9714,8.7658,1,1,6.27213639876793,6.4123,0.1465,6.1237,6.6999,1,1,9.29394031721092,9.3019,0.2038,8.9,9.7007,1,1,7.10490577112262,7.227,0.1517,6.929,7.5263,1,1,9.68083248283218,9.7375,0.2068,9.3297,10.1425,1,1,7.54002818053297,7.6366,0.1416,7.3602,7.9145,1,1,0.3,0.2916,0.0149,0.2625,0.3208,1,1,0.2,0.2044,0.0151,0.1747,0.2337,1,1,-0.15,-0.1523,0.0151,-0.1818,-0.1227,1,1,-0.1,-0.1181,0.0156,-0.1486,-0.0876,1,1,1.16975723241009,1.1133,0.0854,0.9589,1.2927,1,1,0.818364051334181,0.9158,0.0711,0.7882,1.0663,1,1,1.77224917802126,1.738,0.1277,1.5083,2.0074,1,1,1.22554713982381,1.2719,0.0947,1.1023,1.4724,1,1,1.92749400743346,1.9772,0.1454,1.7174,2.2848,1,1,1.39038469211727,1.4302,0.1056,1.2405,1.6552,1,1,1.96107469695758,2.005,0.1461,1.7431,2.3143,1,1,1.44296594681151,1.481,0.1082,1.2881,1.7113,1,1,1.97661392972742,2.041,0.1484,1.7764,2.3582,1,1,1.46479650840188,1.3961,0.1036,1.2114,1.6169,1,1,0.1,0.0941,0.0145,0.0662,0.1235,1,1,0.1,0.0997,0.0144,0.0727,0.1289,1,1,0.1,0.104,0.0144,0.0768,0.1335,1,1,0.1,0.1117,0.0142,0.085,0.141,1,1,1,0.999,0.0148,0.9705,1.0289,1,1,1,1.0204,0.015,0.9913,1.0501,1,1,0.3,0.301,0.011,0.28,0.323,1,1,0.3,0.301,0.011,0.28,0.323,1,1
14,3.38008587561722,3.3922,0.1432,3.1125,3.6743,1,1,2.6490919557642,2.5506,0.0878,2.3781,2.7227,1,1,6.5592497625802,6.5709,0.2025,6.1742,6.9687,1,1,4.79549474076678,4.6483,0.1299,4.3945,4.9054,1,1,8.41991048086296,8.4472,0.2122,8.0307,8.8659,1,1,6.27213639876793,6.1446,0.1513,5.8487,6.4435,1,1,9.29394031721092,9.2728,0.2131,8.8544,9.6924,1,1,7.10490577112262,7.015,0.1557,6.711,7.3212,1,1,9.68083248283218,9.7194,0.2133,9.3031,10.14,1,1,7.54002818053297,7.4249,0.1632,7.1041,7.7471,1,1,0.3,0.2721,0.0156,0.2414,0.3025,1,1,0.2,0.1941,0.0151,0.1644,0.224,1,1,-0.15,-0.1662,0.0139,-0.1936,-0.1388,1,1,-0.1,-0.1257,0.0149,-0.1549,-0.0966,1,1,1.16975723241009,1.383,0.1033,1.1988,1.6044,0,1,0.818364051334181,0.8298,0.0658,0.7108,0.9701,1,1,1.77224917802126,1.997,0.1445,1.7371,2.3008,1,1,1.22554713982381,1.2588,0.0939,1.0892,1.4586,1,1,1.92749400743346,2.1033,0.1528,1.8292,2.4283,1,1,1.39038469211727,1.4883,0.1098,1.29,1.7205,1,1,1.96107469695758,2.1031,0.1534,1.8277,2.4311,1,1,1.44296594681151,1.5243,0.1116,1.3251,1.7609,1,1,1.97661392972742,2.1137,0.1528,1.8382,2.4339,1,1,1.46479650840188,1.6124,0.1181,1.4019,1.8631,1,1,0.1,0.1061,0.0148,0.0788,0.1364,1,1,0.1,0.102,0.0145,0.075,0.1318,1,1,0.1,0.0898,0.0138,0.0641,0.1182,1,1,0.1,0.0998,0.0147,0.072,0.1296,1,1,1,1.0245,0.0151,0.9954,1.0544,1,1,1,0.9911,0.0146,0.963,1.02,1,1,0.3,0.306,0.0109,0.2846,0.3276,1,1,0.3,0.306,0.0109,0.2846,0.3276,1,1
15,3.38008587561722,3.4736,0.133,3.213,3.7345,1,1,2.6490919557642,2.6451,0.0876,2.4735,2.8175,1,1,6.5592497625802,6.7322,0.1928,6.3531,7.1093,1,1,4.79549474076678,4.8283,0.1225,4.5885,5.0691,1,1,8.41991048086296,8.6697,0.2047,8.2678,9.0714,1,1,6.27213639876793,6.3092,0.1462,6.0218,6.5968,1,1,9.29394031721092,9.5994,0.2094,9.185,10.0066,1,1,7.10490577112262,7.1169,0.1474,6.8249,7.4053,1,1,9.68083248283218,10.0444,0.2098,9.6285,10.455,1,1,7.54002818053297,7.5745,0.1595,7.2622,7.8853,1,1,0.3,0.326,0.0133,0.2999,0.3521,1,1,0.2,0.1808,0.0152,0.1511,0.2106,1,1,-0.15,-0.1601,0.0159,-0.1912,-0.1288,1,1,-0.1,-0.1242,0.0161,-0.1559,-0.0925,1,1,1.16975723241009,1.2823,0.0969,1.1064,1.4875,1,1,0.818364051334181,0.8244,0.0645,0.7079,0.9599,1,1,1.77224917802126,1.8907,0.1377,1.642,2.1809,1,1,1.22554713982381,1.1881,0.0889,1.0281,1.3777,1,1,1.92749400743346,2.0175,0.148,1.7509,2.3354,1,1,1.39038469211727,1.4294,0.1055,1.2395,1.6523,1,1,1.96107469695758,2.0633,0.1513,1.7923,2.3824,1,1,1.44296594681151,1.4392,0.106,1.2483,1.6639,1,1,1.97661392972742,2.0817,0.1519,1.808,2.4078,1,1,1.46479650840188,1.575,0.1159,1.368,1.8212,1,1,0.1,0.0692,0.0132,0.0456,0.097,0,1,0.1,0.1024,0.0148,0.0748,0.1323,1,1,0.1,0.1191,0.0142,0.093,0.1486,1,1,0.1,0.118,0.0148,0.0902,0.1484,1,1,1,1.0113,0.0149,0.9825,1.0409,1,1,1,0.9848,0.0145,0.9571,1.0138,1,1,0.3,0.3004,0.0108,0.2793,0.3217,1,1,0.3,0.3004,0.0108,0.2793,0.3217,1,1
16,3.38008587561722,3.1149,0.1066,2.906,3.3241,0,1,2.6490919557642,2.5759,0.0811,2.4168,2.7348,1,1,6.5592497625802,6.303,0.1719,5.9658,6.6393,1,1,4.79549474076678,4.7965,0.1129,4.5752,5.0174,1,1,8.41991048086296,8.2398,0.1863,7.8726,8.6047,1,1,6.27213639876793,6.2303,0.1314,5.9714,6.4887,1,1,9.29394031721092,9.0393,0.1769,8.6932,9.3901,1,1,7.10490577112262,7.0643,0.1318,6.8046,7.3249,1,1,9.68083248283218,9.4949,0.1807,9.1383,9.8477,1,1,7.54002818053297,7.4672,0.1285,7.2141,7.7203,1,1,0.3,0.3128,0.0154,0.2827,0.3432,1,1,0.2,0.1866,0.0158,0.1559,0.2178,1,1,-0.15,-0.1308,0.014,-0.1581,-0.1032,1,1,-0.1,-0.0715,0.0154,-0.1015,-0.0412,1,1,1.16975723241009,1.0172,0.0794,0.8752,1.1849,1,1,0.818364051334181,0.7631,0.0611,0.6521,0.8921,1,1,1.77224917802126,1.6709,0.1225,1.4514,1.9299,1,1,1.22554713982381,1.0897,0.0825,0.9413,1.2663,1,1,1.92749400743346,1.8177,0.1338,1.5761,2.1018,1,1,1.39038469211727,1.2761,0.0944,1.1071,1.4759,1,1,1.96107469695758,1.7336,0.1272,1.5067,2.0041,1,1,1.44296594681151,1.2847,0.0962,1.1122,1.488,1,1,1.97661392972742,1.7826,0.1311,1.5465,2.0626,1,1,1.46479650840188,1.2534,0.0935,1.0859,1.4527,0,1,0.1,0.1041,0.0147,0.0762,0.134,1,1,0.1,0.1081,0.0148,0.0802,0.1383,1,1,0.1,0.0879,0.0142,0.0611,0.1167,1,1,0.1,0.1061,0.014,0.0797,0.1346,1,1,1,0.9959,0.0147,0.9674,1.0251,1,1,1,1.0074,0.0147,0.9791,1.0364,1,1,0.3,0.2933,0.0108,0.2723,0.3148,1,1,0.3,0.2933,0.0108,0.2723,0.3148,1,1
17,3.38008587561722,3.4408,0.1141,3.2174,3.6636,1,1,2.6490919557642,2.759,0.0898,2.5824,2.9349,1,1,6.5592497625802,6.6198,0.1949,6.2367,7.0067,1,1,4.79549474076678,4.9693,0.1322,4.7081,5.2289,1,1,8.41991048086296,8.4438,0.2204,8.006,8.873,1,1,6.27213639876793,6.4923,0.1611,6.1778,6.8065,1,1,9.29394031721092,9.2923,0.222,8.8547,9.7264,1,1,7.10490577112262,7.3058,0.1745,6.963,7.6473,1,1,9.68083248283218,9.5907,0.2271,9.1414,10.0338,1,1,7.54002818053297,7.709,0.1749,7.3634,8.052,1,1,0.3,0.3197,0.0154,0.2895,0.3499,1,1,0.2,0.2033,0.0147,0.1741,0.2319,1,1,-0.15,-0.1321,0.0151,-0.1614,-0.1023,1,1,-0.1,-0.1027,0.0139,-0.1299,-0.0756,1,1,1.16975723241009,1.0852,0.0836,0.9348,1.2619,1,1,0.818364051334181,0.8487,0.0667,0.7292,0.9901,1,1,1.77224917802126,1.9127,0.1397,1.6602,2.2095,1,1,1.22554713982381,1.2959,0.0965,1.1233,1.5014,1,1,1.92749400743346,2.161,0.1565,1.8798,2.4913,1,1,1.39038469211727,1.5817,0.1154,1.3753,1.8267,1,1,1.96107469695758,2.1979,0.1597,1.9106,2.5381,1,1,1.44296594681151,1.7038,0.124,1.4799,1.9667,0,1,1.97661392972742,2.2542,0.1636,1.9592,2.5991,1,1,1.46479650840188,1.7167,0.1249,1.4943,1.9812,0,1,0.1,0.104,0.0148,0.0764,0.1343,1,1,0.1,0.0931,0.0145,0.0657,0.1227,1,1,0.1,0.1033,0.0145,0.0761,0.1328,1,1,0.1,0.0853,0.0138,0.0596,0.1139,1,1,1,1.0019,0.0147,0.9734,1.0314,1,1,1,1.0133,0.0149,0.9845,1.0434,1,1,0.3,0.3196,0.011,0.2984,0.3412,1,1,0.3,0.3196,0.011,0.2984,0.3412,1,1
18,3.38008587561722,3.2263,0.1205,2.9888,3.4614,1,1,2.6490919557642,2.6208,0.1026,2.4197,2.824,1,1,6.5592497625802,6.2613,0.1731,5.9219,6.6011,1,1,4.79549474076678,4.7356,0.148,4.4468,5.0273,1,1,8.41991048086296,8.1172,0.195,7.7356,8.5018,1,1,6.27213639876793,6.1507,0.1595,5.8393,6.4639,1,1,9.29394031721092,8.9227,0.1935,8.5409,9.3025,1,1,7.10490577112262,6.9338,0.1745,6.5918,7.2763,1,1,9.68083248283218,9.2229,0.1964,8.838,9.6102,0,1,7.54002818053297,7.3882,0.1726,7.0477,7.7256,1,1,0.3,0.2927,0.0146,0.2637,0.3214,1,1,0.2,0.2151,0.0136,0.1887,0.2415,1,1,-0.15,-0.1532,0.0163,-0.1854,-0.1212,1,1,-0.1,-0.0921,0.0142,-0.1195,-0.0644,1,1,1.16975723241009,1.1669,0.0892,1.0068,1.3568,1,1,0.818364051334181,0.9842,0.0755,0.8483,1.1424,0,1,1.77224917802126,1.7016,0.125,1.4767,1.964,1,1,1.22554713982381,1.4467,0.1065,1.2548,1.6727,0,1,1.92749400743346,1.9084,0.1392,1.6589,2.202,1,1,1.39038469211727,1.5636,0.1152,1.356,1.8089,1,1,1.96107469695758,1.8979,0.1385,1.6486,2.1907,1,1,1.44296594681151,1.7149,0.125,1.4927,1.9798,0,1,1.97661392972742,1.932,0.1412,1.6797,2.2309,1,1,1.46479650840188,1.7037,0.1251,1.4791,1.9682,0,1,0.1,0.0937,0.015,0.0655,0.1244,1,1,0.1,0.073,0.0134,0.0484,0.1004,1,1,0.1,0.1206,0.0148,0.0933,0.1509,1,1,0.1,0.0924,0.0141,0.0658,0.1212,1,1,1,0.9871,0.0146,0.959,1.016,1,1,1,1.0034,0.0148,0.9749,1.0329,1,1,0.3,0.3096,0.0108,0.2884,0.3308,1,1,0.3,0.3096,0.0108,0.2884,0.3308,1,1
19,3.38008587561722,3.3678,0.1184,3.1335,3.5994,1,1,2.6490919557642,2.4544,0.0865,2.2849,2.6247,0,1,6.5592497625802,6.6067,0.1732,6.2653,6.9461,1,1,4.79549474076678,4.5482,0.1246,4.3031,4.7939,0,1,8.41991048086296,8.4574,0.1915,8.08,8.8299,1,1,6.27213639876793,6.0779,0.1427,5.7973,6.3579,1,1,9.29394031721092,9.317,0.1961,8.9328,9.7029,1,1,7.10490577112262,6.9582,0.146,6.6699,7.2448,1,1,9.68083248283218,9.6763,0.1969,9.2895,10.0608,1,1,7.54002818053297,7.3703,0.1514,7.0711,7.6657,1,1,0.3,0.2843,0.0161,0.2528,0.3159,1,1,0.2,0.2039,0.0145,0.1754,0.2326,1,1,-0.15,-0.1628,0.0159,-0.1935,-0.1311,1,1,-0.1,-0.0885,0.0137,-0.1154,-0.0617,1,1,1.16975723241009,1.1398,0.0875,0.9822,1.3256,1,1,0.818364051334181,0.826,0.0655,0.7079,0.9651,1,1,1.77224917802126,1.698,0.1247,1.4745,1.9631,1,1,1.22554713982381,1.2114,0.0903,1.0492,1.4028,1,1,1.92749400743346,1.8843,0.1383,1.6374,2.1796,1,1,1.39038469211727,1.3983,0.1037,1.2109,1.6175,1,1,1.96107469695758,1.9242,0.1409,1.6717,2.2237,1,1,1.44296594681151,1.4406,0.1067,1.2488,1.6669,1,1,1.97661392972742,1.9425,0.1434,1.686,2.2486,1,1,1.46479650840188,1.4798,0.1092,1.2833,1.7093,1,1,0.1,0.1124,0.015,0.0843,0.1431,1,1,0.1,0.0931,0.0148,0.0651,0.1233,1,1,0.1,0.1166,0.0146,0.0894,0.1467,1,1,0.1,0.0812,0.014,0.0552,0.1097,1,1,1,0.9878,0.0146,0.9598,1.0169,1,1,1,0.9669,0.0143,0.9393,0.9954,0,1,0.3,0.2901,0.0106,0.2694,0.3109,1,1,0.3,0.2901,0.0106,0.2694,0.3109,1,1
20,3.38008587561722,3.7247,0.132,3.4648,3.9841,0,1,2.6490919557642,2.5813,0.0926,2.3988,2.7641,1,1,6.5592497625802,6.9988,0.1906,6.6292,7.3736,0,1,4.79549474076678,4.6123,0.1285,4.36,4.8653,1,1,8.41991048086296,8.875,0.1991,8.482,9.266,0,1,6.27213639876793,6.0538,0.1451,5.7684,6.3394,1,1,9.29394031721092,9.7131,0.2076,9.3086,10.1223,0,1,7.10490577112262,6.924,0.1582,6.614,7.2381,1,1,9.68083248283218,10.1417,0.2043,9.7376,10.5436,0,1,7.54002818053297,7.4458,0.1592,7.1311,7.7578,1,1,0.3,0.2927,0.0152,0.2627,0.3228,1,1,0.2,0.2036,0.0157,0.1728,0.2346,1,1,-0.15,-0.1557,0.0144,-0.1839,-0.1276,1,1,-0.1,-0.1159,0.0137,-0.143,-0.0891,1,1,1.16975723241009,1.2757,0.0961,1.1029,1.4781,1,1,0.818364051334181,0.8799,0.0691,0.7553,1.0261,1,1,1.77224917802126,1.876,0.138,1.629,2.1671,1,1,1.22554713982381,1.2509,0.0934,1.0844,1.4477,1,1,1.92749400743346,1.9641,0.1437,1.7074,2.2696,1,1,1.39038469211727,1.4188,0.1048,1.2291,1.6411,1,1,1.96107469695758,2.0511,0.1495,1.782,2.3697,1,1,1.44296594681151,1.5632,0.1145,1.359,1.8053,1,1,1.97661392972742,2.0232,0.1477,1.7583,2.3384,1,1,1.46479650840188,1.5609,0.1147,1.3531,1.8024,1,1,0.1,0.0996,0.0148,0.072,0.13,1,1,0.1,0.1092,0.0145,0.0818,0.139,1,1,0.1,0.0936,0.0145,0.0662,0.1232,1,1,0.1,0.0857,0.0141,0.059,0.1146,1,1,1,0.9852,0.0145,0.9573,1.0141,1,1,1,1.0039,0.0149,0.9751,1.0336,1,1,0.3,0.2957,0.0107,0.2747,0.317,1,1,0.3,0.2957,0.0107,0.2747,0.317,1,1
21,3.38008587561722,3.4498,0.1309,3.1929,3.7046,1,1,2.6490919557642,2.6467,0.0813,2.4861,2.806,1,1,6.5592497625802,6.5982,0.1836,6.2381,6.9589,1,1,4.79549474076678,4.9099,0.12,4.6738,5.1451,1,1,8.41991048086296,8.4867,0.1983,8.0947,8.8746,1,1,6.27213639876793,6.4539,0.1422,6.1717,6.731,1,1,9.29394031721092,9.2779,0.1929,8.9,9.6566,1,1,7.10490577112262,7.2563,0.1494,6.9623,7.5489,1,1,9.68083248283218,9.6677,0.1925,9.2896,10.0472,1,1,7.54002818053297,7.7067,0.1493,7.4153,8.0047,1,1,0.3,0.3126,0.0143,0.2841,0.3402,1,1,0.2,0.2157,0.0137,0.1889,0.2427,1,1,-0.15,-0.1373,0.0131,-0.1628,-0.1116,1,1,-0.1,-0.0664,0.0139,-0.0936,-0.0389,0,1,1.16975723241009,1.2681,0.0961,1.0955,1.4706,1,1,0.818364051334181,0.7651,0.0618,0.6539,0.8958,1,1,1.77224917802126,1.8047,0.1332,1.5646,2.0868,1,1,1.22554713982381,1.1627,0.0876,1.0053,1.3487,1,1,1.92749400743346,1.9634,0.1434,1.7044,2.2671,1,1,1.39038469211727,1.3952,0.1042,1.2088,1.6148,1,1,1.96107469695758,1.9047,0.1399,1.6529,2.2022,1,1,1.44296594681151,1.4637,0.1088,1.2676,1.6937,1,1,1.97661392972742,1.8951,0.1388,1.6446,2.1876,1,1,1.46479650840188,1.4643,0.1083,1.2693,1.6936,1,1,0.1,0.0886,0.0145,0.0616,0.1183,1,1,0.1,0.0791,0.0138,0.054,0.1079,1,1,0.1,0.0763,0.0128,0.0526,0.1027,1,1,0.1,0.0846,0.0142,0.058,0.1138,1,1,1,1.0235,0.015,0.9943,1.0535,1,1,1,1.0094,0.0149,0.9808,1.0389,1,1,0.3,0.2926,0.0109,0.2713,0.3142,1,1,0.3,0.2926,0.0109,0.2713,0.3142,1,1
22,3.38008587561722,3.2085,0.1319,2.947,3.4665,1,1,2.6490919557642,2.742,0.0961,2.5527,2.9306,1,1,6.5592497625802,6.1894,0.1915,5.8107,6.568,1,1,4.79549474076678,4.9818,0.1339,4.72,5.2457,1,1,8.41991048086296,8.037,0.2039,7.6387,8.4386,1,1,6.27213639876793,6.4011,0.1509,6.1052,6.6983,1,1,9.29394031721092,8.9574,0.207,8.5511,9.3625,1,1,7.10490577112262,7.2583,0.1556,6.9527,7.5648,1,1,9.68083248283218,9.468,0.1979,9.081,9.8537,1,1,7.54002818053297,7.6387,0.1482,7.3487,7.9297,1,1,0.3,0.3009,0.0142,0.2731,0.3287,1,1,0.2,0.2086,0.0132,0.1826,0.2344,1,1,-0.15,-0.1732,0.0153,-0.2029,-0.1428,1,1,-0.1,-0.096,0.0172,-0.1297,-0.0616,1,1,1.16975723241009,1.276,0.0966,1.1037,1.4815,1,1,0.818364051334181,0.9081,0.0709,0.7805,1.0573,1,1,1.77224917802126,1.8847,0.1379,1.635,2.1748,1,1,1.22554713982381,1.3099,0.0974,1.1358,1.5182,1,1,1.92749400743346,2.0162,0.1473,1.7545,2.3294,1,1,1.39038469211727,1.4809,0.1086,1.2851,1.7096,1,1,1.96107469695758,2.0276,0.1477,1.7628,2.3383,1,1,1.44296594681151,1.5289,0.1123,1.3263,1.7659,1,1,1.97661392972742,1.949,0.142,1.6941,2.2525,1,1,1.46479650840188,1.4533,0.1077,1.2604,1.6829,1,1,0.1,0.0857,0.0144,0.0586,0.1153,1,1,0.1,0.0704,0.0129,0.0472,0.098,0,1,0.1,0.1074,0.0144,0.0805,0.1368,1,1,0.1,0.1323,0.015,0.1049,0.1635,0,1,1,0.993,0.0145,0.9651,1.022,1,1,1,1.0161,0.0149,0.9871,1.0456,1,1,0.3,0.2847,0.0109,0.2637,0.3061,1,1,0.3,0.2847,0.0109,0.2637,0.3061,1,1
23,3.38008587561722,3.365,0.1129,3.1435,3.5869,1,1,2.6490919557642,2.6297,0.0961,2.441,2.8206,1,1,6.5592497625802,6.5022,0.1726,6.165,6.8417,1,1,4.79549474076678,4.7786,0.1248,4.5343,5.0237,1,1,8.41991048086296,8.4509,0.1841,8.0868,8.8107,1,1,6.27213639876793,6.2222,0.1381,5.9488,6.4943,1,1,9.29394031721092,9.257,0.1904,8.8834,9.6279,1,1,7.10490577112262,7.0457,0.1397,6.771,7.3203,1,1,9.68083248283218,9.6382,0.1834,9.28,9.9962,1,1,7.54002818053297,7.468,0.1338,7.2042,7.7307,1,1,0.3,0.3042,0.0164,0.2717,0.3362,1,1,0.2,0.1948,0.0141,0.1671,0.2225,1,1,-0.15,-0.1595,0.0155,-0.1902,-0.1293,1,1,-0.1,-0.0847,0.0151,-0.1142,-0.0552,1,1,1.16975723241009,1.0686,0.0829,0.9197,1.2443,1,1,0.818364051334181,0.9164,0.0715,0.7877,1.0686,1,1,1.77224917802126,1.6816,0.1234,1.4604,1.944,1,1,1.22554713982381,1.2142,0.0907,1.0511,1.4055,1,1,1.92749400743346,1.8131,0.1323,1.5764,2.095,1,1,1.39038469211727,1.3578,0.1006,1.1772,1.5701,1,1,1.96107469695758,1.8697,0.1367,1.6249,2.159,1,1,1.44296594681151,1.3664,0.1022,1.1827,1.5814,1,1,1.97661392972742,1.8027,0.1316,1.5665,2.0852,1,1,1.46479650840188,1.2984,0.0968,1.1258,1.5049,1,1,0.1,0.1162,0.0147,0.0887,0.1467,1,1,0.1,0.0851,0.0142,0.0585,0.1142,1,1,0.1,0.1122,0.0143,0.0852,0.1414,1,1,0.1,0.1067,0.0144,0.0801,0.1361,1,1,1,0.9796,0.0144,0.9518,1.008,1,1,1,1.0099,0.0149,0.9813,1.0396,1,1,0.3,0.2934,0.0107,0.2725,0.3144,1,1,0.3,0.2934,0.0107,0.2725,0.3144,1,1
24,3.38008587561722,3.1685,0.1029,2.9665,3.3721,0,1,2.6490919557642,2.6155,0.081,2.4563,2.7763,1,1,6.5592497625802,6.0927,0.1748,5.7496,6.4367,0,1,4.79549474076678,4.7256,0.1132,4.5029,4.9468,1,1,8.41991048086296,7.94,0.1892,7.5647,8.3079,0,1,6.27213639876793,6.2608,0.1278,6.0096,6.5085,1,1,9.29394031721092,8.8072,0.198,8.4198,9.1973,0,1,7.10490577112262,7.059,0.1466,6.7699,7.347,1,1,9.68083248283218,9.2232,0.1961,8.8377,9.6096,0,1,7.54002818053297,7.5731,0.1506,7.2782,7.8707,1,1,0.3,0.2802,0.0164,0.2478,0.3124,1,1,0.2,0.2111,0.0147,0.182,0.2399,1,1,-0.15,-0.1553,0.0145,-0.1839,-0.1267,1,1,-0.1,-0.1035,0.0151,-0.133,-0.0738,1,1,1.16975723241009,0.9739,0.0764,0.8363,1.1348,0,1,0.818364051334181,0.7559,0.061,0.6453,0.8844,1,1,1.77224917802126,1.7161,0.1262,1.4905,1.9825,1,1,1.22554713982381,1.1001,0.0837,0.9496,1.2779,1,1,1.92749400743346,1.8575,0.1357,1.6135,2.1463,1,1,1.39038469211727,1.2477,0.0934,1.0804,1.4461,1,1,1.96107469695758,1.9481,0.142,1.6923,2.2493,1,1,1.44296594681151,1.4229,0.1048,1.2362,1.6451,1,1,1.97661392972742,1.9307,0.1405,1.6774,2.2288,1,1,1.46479650840188,1.4757,0.1097,1.2786,1.7082,1,1,0.1,0.118,0.0148,0.0904,0.1485,1,1,0.1,0.0929,0.0145,0.0658,0.1228,1,1,0.1,0.0964,0.0142,0.0697,0.1254,1,1,0.1,0.1059,0.0141,0.0794,0.1351,1,1,1,0.9854,0.0145,0.9575,1.0143,1,1,1,1.0141,0.0149,0.9853,1.0438,1,1,0.3,0.3007,0.0108,0.2797,0.3222,1,1,0.3,0.3007,0.0108,0.2797,0.3222,1,1
25,3.38008587561722,3.3139,0.1275,3.0623,3.5618,1,1,2.6490919557642,2.5917,0.0905,2.4144,2.7699,1,1,6.5592497625802,6.3696,0.1786,6.0194,6.7241,1,1,4.79549474076678,4.7668,0.1271,4.5159,5.0166,1,1,8.41991048086296,8.2047,0.1872,7.8371,8.5698,1,1,6.27213639876793,6.2727,0.1423,5.9932,6.5542,1,1,9.29394031721092,9.1486,0.1861,8.7834,9.5155,1,1,7.10490577112262,6.9939,0.1463,6.7055,7.28,1,1,9.68083248283218,9.4929,0.1964,9.1081,9.8809,1,1,7.54002818053297,7.4818,0.1562,7.1756,7.7875,1,1,0.3,0.2817,0.0149,0.2523,0.3108,1,1,0.2,0.1975,0.0153,0.1676,0.2274,1,1,-0.15,-0.1547,0.014,-0.1824,-0.1271,1,1,-0.1,-0.0848,0.0157,-0.1156,-0.0538,1,1,1.16975723241009,1.2348,0.093,1.0683,1.4325,1,1,0.818364051334181,0.8566,0.0664,0.7366,0.9976,1,1,1.77224917802126,1.762,0.1292,1.5294,2.0373,1,1,1.22554713982381,1.2282,0.0921,1.0618,1.4229,1,1,1.92749400743346,1.8454,0.1354,1.6022,2.1321,1,1,1.39038469211727,1.3944,0.103,1.2106,1.6107,1,1,1.96107469695758,1.8293,0.1336,1.5882,2.1134,1,1,1.44296594681151,1.4427,0.1063,1.2519,1.6695,1,1,1.97661392972742,1.93,0.1409,1.677,2.2262,1,1,1.46479650840188,1.5349,0.1129,1.3308,1.772,1,1,0.1,0.0938,0.0145,0.0664,0.1232,1,1,0.1,0.102,0.0147,0.0744,0.1322,1,1,0.1,0.0893,0.0139,0.0629,0.1177,1,1,0.1,0.1138,0.0144,0.0865,0.1433,1,1,1,0.9981,0.0147,0.9698,1.0273,1,1,1,0.9998,0.0147,0.9714,1.0289,1,1,0.3,0.2997,0.0108,0.2788,0.3212,1,1,0.3,0.2997,0.0108,0.2788,0.3212,1,1
26,3.38008587561722,3.4732,0.1395,3.1982,3.7481,1,1,2.6490919557642,2.6565,0.0816,2.495,2.8155,1,1,6.5592497625802,6.6199,0.1981,6.2333,7.0088,1,1,4.79549474076678,4.9055,0.1244,4.6631,5.1512,1,1,8.41991048086296,8.5019,0.2107,8.0843,8.9137,1,1,6.27213639876793,6.4288,0.1415,6.1492,6.7043,1,1,9.29394031721092,9.2934,0.2225,8.8561,9.7302,1,1,7.10490577112262,7.2758,0.1474,6.9883,7.5658,1,1,9.68083248283218,9.6817,0.2211,9.2478,10.118,1,1,7.54002818053297,7.6803,0.1452,7.397,7.9647,1,1,0.3,0.3018,0.0147,0.2728,0.3304,1,1,0.2,0.1801,0.0151,0.1506,0.2098,1,1,-0.15,-0.1407,0.0147,-0.1697,-0.1117,1,1,-0.1,-0.1035,0.0167,-0.1363,-0.071,1,1,1.16975723241009,1.3569,0.1014,1.1734,1.5709,0,1,0.818364051334181,0.7621,0.061,0.653,0.8918,1,1,1.77224917802126,1.9513,0.1414,1.6996,2.2502,1,1,1.22554713982381,1.2036,0.0901,1.0422,1.3943,1,1,1.92749400743346,2.0746,0.1509,1.8031,2.3954,1,1,1.39038469211727,1.3858,0.1033,1.2004,1.6053,1,1,1.96107469695758,2.1864,0.158,1.9034,2.521,1,1,1.44296594681151,1.4366,0.106,1.2477,1.661,1,1,1.97661392972742,2.173,0.1575,1.8901,2.5065,1,1,1.46479650840188,1.4287,0.1058,1.2394,1.6514,1,1,0.1,0.0936,0.0145,0.0663,0.1233,1,1,0.1,0.0999,0.0151,0.0716,0.1307,1,1,0.1,0.1007,0.014,0.0745,0.1295,1,1,0.1,0.1249,0.0152,0.0964,0.1563,1,1,1,0.9766,0.0144,0.9491,1.0054,1,1,1,0.983,0.0145,0.9549,1.0119,1,1,0.3,0.284,0.0106,0.2634,0.3049,1,1,0.3,0.284,0.0106,0.2634,0.3049,1,1
27,3.38008587561722,3.3387,0.1248,3.0939,3.5827,1,1,2.6490919557642,2.5659,0.0813,2.4057,2.7263,1,1,6.5592497625802,6.4303,0.1824,6.0691,6.7911,1,1,4.79549474076678,4.6982,0.1093,4.4856,4.9121,1,1,8.41991048086296,8.2389,0.1971,7.8507,8.6261,1,1,6.27213639876793,6.1879,0.1264,5.9432,6.4358,1,1,9.29394031721092,9.0715,0.2011,8.6744,9.4663,1,1,7.10490577112262,7.0344,0.1352,6.7687,7.2996,1,1,9.68083248283218,9.4337,0.1968,9.0459,9.8201,1,1,7.54002818053297,7.4299,0.1412,7.1524,7.7071,1,1,0.3,0.2876,0.0139,0.2602,0.3148,1,1,0.2,0.2104,0.0161,0.1786,0.2421,1,1,-0.15,-0.1727,0.0152,-0.2027,-0.1431,1,1,-0.1,-0.113,0.0159,-0.1446,-0.082,1,1,1.16975723241009,1.1994,0.0913,1.0348,1.3926,1,1,0.818364051334181,0.7613,0.0618,0.6491,0.8899,1,1,1.77224917802126,1.7939,0.132,1.5586,2.0725,1,1,1.22554713982381,1.0529,0.0803,0.9089,1.2244,0,1,1.92749400743346,1.94,0.1421,1.6848,2.2417,1,1,1.39038469211727,1.2352,0.0924,1.0678,1.4304,1,1,1.96107469695758,1.9907,0.1449,1.7324,2.3006,1,1,1.44296594681151,1.3257,0.0988,1.1482,1.5358,1,1,1.97661392972742,1.9373,0.1413,1.685,2.2402,1,1,1.46479650840188,1.3771,0.1022,1.193,1.5934,1,1,0.1,0.0792,0.0139,0.0534,0.1081,1,1,0.1,0.1145,0.015,0.0863,0.1451,1,1,0.1,0.1051,0.0143,0.0784,0.1341,1,1,0.1,0.1147,0.0145,0.0877,0.1446,1,1,1,0.9977,0.0147,0.9694,1.027,1,1,1,0.985,0.0145,0.957,1.0138,1,1,0.3,0.2944,0.0107,0.2737,0.3156,1,1,0.3,0.2944,0.0107,0.2737,0.3156,1,1
28,3.38008587561722,3.4597,0.1302,3.2024,3.7137,1,1,2.6490919557642,2.596,0.086,2.4277,2.7645,1,1,6.5592497625802,6.6059,0.1899,6.2331,6.9784,1,1,4.79549474076678,4.6982,0.1302,4.4404,4.9528,1,1,8.41991048086296,8.4814,0.2117,8.0628,8.8942,1,1,6.27213639876793,6.1021,0.1477,5.8125,6.3945,1,1,9.29394031721092,9.282,0.2157,8.8596,9.704,1,1,7.10490577112262,6.9582,0.1505,6.6613,7.2526,1,1,9.68083248283218,9.6713,0.2061,9.2685,10.077,1,1,7.54002818053297,7.3449,0.1615,7.0288,7.6617,1,1,0.3,0.2753,0.0166,0.243,0.3079,1,1,0.2,0.1929,0.0151,0.1629,0.2224,1,1,-0.15,-0.159,0.0138,-0.1862,-0.1319,1,1,-0.1,-0.0997,0.0149,-0.1287,-0.0703,1,1,1.16975723241009,1.2561,0.0947,1.0854,1.4575,1,1,0.818364051334181,0.8136,0.0645,0.6972,0.9514,1,1,1.77224917802126,1.8666,0.137,1.6215,2.159,1,1,1.22554713982381,1.2703,0.0949,1.0997,1.4719,1,1,1.92749400743346,2.0918,0.1527,1.8203,2.4161,1,1,1.39038469211727,1.4436,0.1066,1.252,1.6695,1,1,1.96107469695758,2.1242,0.1552,1.8456,2.4549,1,1,1.44296594681151,1.4863,0.1098,1.2892,1.7215,1,1,1.97661392972742,2.0362,0.1474,1.7712,2.3476,1,1,1.46479650840188,1.5865,0.117,1.3762,1.8343,1,1,0.1,0.1213,0.0152,0.0926,0.1525,1,1,0.1,0.1007,0.015,0.0721,0.131,1,1,0.1,0.0874,0.0143,0.0609,0.1166,1,1,0.1,0.1011,0.0143,0.0745,0.1303,1,1,1,0.9855,0.0146,0.9574,1.0145,1,1,1,0.9824,0.0144,0.9543,1.0112,1,1,0.3,0.289,0.0106,0.2682,0.3099,1,1,0.3,0.289,0.0106,0.2682,0.3099,1,1
29,3.38008587561722,3.2729,0.1249,3.027,3.516,1,1,2.6490919557642,2.5988,0.095,2.4143,2.7835,1,1,6.5592497625802,6.3535,0.1855,5.9878,6.7192,1,1,4.79549474076678,4.6743,0.1383,4.4023,4.9435,1,1,8.41991048086296,8.1474,0.1989,7.7552,8.5352,1,1,6.27213639876793,6.133,0.1464,5.8462,6.4189,1,1,9.29394031721092,9.0096,0.2085,8.6,9.4186,1,1,7.10490577112262,6.9714,0.1504,6.6737,7.2658,1,1,9.68083248283218,9.3042,0.2075,8.8923,9.7116,1,1,7.54002818053297,7.492,0.1498,7.1981,7.7858,1,1,0.3,0.2974,0.0173,0.2629,0.3309,1,1,0.2,0.1935,0.0155,0.1631,0.2239,1,1,-0.15,-0.1398,0.0154,-0.17,-0.1093,1,1,-0.1,-0.1261,0.0159,-0.1574,-0.0949,1,1,1.16975723241009,1.2085,0.0918,1.044,1.4037,1,1,0.818364051334181,0.9047,0.0703,0.7771,1.0545,1,1,1.77224917802126,1.8207,0.1326,1.5824,2.0987,1,1,1.22554713982381,1.3424,0.0998,1.1635,1.5536,1,1,1.92749400743346,1.9599,0.1433,1.7026,2.2652,1,1,1.39038469211727,1.4338,0.1063,1.2434,1.661,1,1,1.96107469695758,2.0622,0.1496,1.793,2.3798,1,1,1.44296594681151,1.4747,0.1089,1.2799,1.7037,1,1,1.97661392972742,2.0443,0.1491,1.7769,2.3613,1,1,1.46479650840188,1.4799,0.1094,1.2824,1.7115,1,1,0.1,0.1301,0.015,0.1023,0.161,0,1,0.1,0.1092,0.0148,0.0818,0.1399,1,1,0.1,0.1097,0.0148,0.0822,0.1399,1,1,0.1,0.1174,0.0147,0.0901,0.1478,1,1,1,0.9826,0.0145,0.9548,1.0118,1,1,1,1.0115,0.0149,0.9827,1.0411,1,1,0.3,0.2966,0.0108,0.2757,0.318,1,1,0.3,0.2966,0.0108,0.2757,0.318,1,1
30,3.38008587561722,3.2513,0.1215,3.0133,3.4884,1,1,2.6490919557642,2.5882,0.0874,2.4159,2.7591,1,1,6.5592497625802,6.2225,0.1743,5.8826,6.5653,1,1,4.79549474076678,4.7122,0.1304,4.4536,4.9666,1,1,8.41991048086296,7.9229,0.1939,7.5425,8.3032,0,1,6.27213639876793,6.3084,0.1463,6.0194,6.5939,1,1,9.29394031721092,8.772,0.2028,8.3751,9.1693,0,1,7.10490577112262,7.1554,0.1529,6.8539,7.4531,1,1,9.68083248283218,9.1573,0.2045,8.7564,9.5586,0,1,7.54002818053297,7.6335,0.1641,7.3102,7.9573,1,1,0.3,0.3303,0.0163,0.2981,0.3622,1,1,0.2,0.2097,0.0145,0.1813,0.2378,1,1,-0.15,-0.1684,0.0153,-0.1981,-0.1382,1,1,-0.1,-0.1211,0.0137,-0.148,-0.0943,1,1,1.16975723241009,1.1662,0.0897,1.0042,1.3549,1,1,0.818364051334181,0.8253,0.0663,0.7058,0.965,1,1,1.77224917802126,1.7029,0.1261,1.4771,1.9721,1,1,1.22554713982381,1.2612,0.0949,1.0905,1.4639,1,1,1.92749400743346,1.9079,0.1397,1.6555,2.2045,1,1,1.39038469211727,1.4286,0.105,1.2394,1.6506,1,1,1.96107469695758,1.9922,0.1457,1.7339,2.3022,1,1,1.44296594681151,1.5021,0.1105,1.3025,1.737,1,1,1.97661392972742,2.0189,0.1478,1.7551,2.3354,1,1,1.46479650840188,1.612,0.1188,1.399,1.865,1,1,0.1,0.117,0.0149,0.0887,0.1473,1,1,0.1,0.0922,0.0146,0.0648,0.122,1,1,0.1,0.1087,0.0144,0.0815,0.1381,1,1,0.1,0.0838,0.0139,0.0581,0.1122,1,1,1,0.9948,0.0147,0.9662,1.024,1,1,1,1.0024,0.0147,0.9737,1.0318,1,1,0.3,0.3037,0.0108,0.2827,0.325,1,1,0.3,0.3037,0.0108,0.2827,0.325,1,1
31,3.38008587561722,3.3563,0.1179,3.124,3.5879,1,1,2.6490919557642,2.5388,0.0827,2.3766,2.7001,1,1,6.5592497625802,6.6523,0.1765,6.3065,6.9977,1,1,4.79549474076678,4.5964,0.1193,4.3626,4.8319,1,1,8.41991048086296,8.5554,0.1944,8.173,8.9372,1,1,6.27213639876793,6.0622,0.1327,5.8025,6.3238,1,1,9.29394031721092,9.425,0.2116,9.0102,9.844,1,1,7.10490577112262,6.9337,0.1373,6.6627,7.2024,1,1,9.68083248283218,9.8124,0.2226,9.375,10.246,1,1,7.54002818053297,7.3907,0.1394,7.1193,7.6655,1,1,0.3,0.2961,0.015,0.2664,0.3255,1,1,0.2,0.1893,0.0154,0.1588,0.2194,1,1,-0.15,-0.1409,0.0154,-0.1714,-0.1109,1,1,-0.1,-0.0968,0.0142,-0.1247,-0.0688,1,1,1.16975723241009,1.1318,0.0872,0.9757,1.3172,1,1,0.818364051334181,0.7769,0.062,0.6645,0.9071,1,1,1.77224917802126,1.7347,0.1278,1.5055,2.0064,1,1,1.22554713982381,1.1579,0.0866,1.0022,1.3418,1,1,1.92749400743346,1.9076,0.1387,1.6581,2.203,1,1,1.39038469211727,1.2952,0.0965,1.1232,1.5009,1,1,1.96107469695758,2.0883,0.1514,1.8174,2.4078,1,1,1.44296594681151,1.3424,0.0987,1.166,1.5515,1,1,1.97661392972742,2.1974,0.1592,1.9119,2.5339,1,1,1.46479650840188,1.3685,0.1009,1.1877,1.5844,1,1,0.1,0.099,0.0146,0.0719,0.1288,1,1,0.1,0.1038,0.0147,0.0759,0.134,1,1,0.1,0.111,0.0143,0.0841,0.1405,1,1,0.1,0.0867,0.0143,0.0596,0.1159,1,1,1,1.0141,0.0149,0.9853,1.044,1,1,1,0.9928,0.0146,0.9643,1.0218,1,1,0.3,0.3095,0.0108,0.2884,0.331,1,1,0.3,0.3095,0.0108,0.2884,0.331,1,1
32,3.38008587561722,3.3053,0.1101,3.0873,3.5205,1,1,2.6490919557642,2.5146,0.0749,2.3671,2.6613,1,1,6.5592497625802,6.4154,0.1655,6.0917,6.7408,1,1,4.79549474076678,4.6503,0.1125,4.4304,4.8726,1,1,8.41991048086296,8.222,0.1856,7.8605,8.5883,1,1,6.27213639876793,6.0184,0.1288,5.7647,6.2697,0,1,9.29394031721092,9.1598,0.1923,8.7831,9.5347,1,1,7.10490577112262,6.962,0.1315,6.7014,7.2209,1,1,9.68083248283218,9.5386,0.1972,9.153,9.9247,1,1,7.54002818053297,7.3777,0.1384,7.1049,7.6501,1,1,0.3,0.2799,0.0137,0.253,0.3067,1,1,0.2,0.2005,0.0164,0.1683,0.233,1,1,-0.15,-0.1539,0.0137,-0.1804,-0.127,1,1,-0.1,-0.0958,0.0147,-0.1247,-0.0669,1,1,1.16975723241009,1.0644,0.0815,0.917,1.2367,1,1,0.818364051334181,0.6885,0.0564,0.5852,0.8072,0,1,1.77224917802126,1.6187,0.1198,1.4039,1.8729,1,1,1.22554713982381,1.0883,0.0824,0.9398,1.2633,1,1,1.92749400743346,1.8293,0.1335,1.5916,2.1106,1,1,1.39038469211727,1.2577,0.0936,1.0907,1.4545,1,1,1.96107469695758,1.8873,0.1384,1.639,2.1831,1,1,1.44296594681151,1.2914,0.0958,1.1182,1.4951,1,1,1.97661392972742,1.9437,0.1412,1.6915,2.2469,1,1,1.46479650840188,1.3576,0.1012,1.1752,1.5709,1,1,0.1,0.074,0.0137,0.0491,0.1023,1,1,0.1,0.1188,0.0149,0.0909,0.1494,1,1,0.1,0.0831,0.0141,0.0566,0.112,1,1,0.1,0.0992,0.0141,0.0724,0.1275,1,1,1,1,0.0148,0.9714,1.0295,1,1,1,0.9935,0.0147,0.9651,1.0228,1,1,0.3,0.3003,0.0108,0.2795,0.3217,1,1,0.3,0.3003,0.0108,0.2795,0.3217,1,1
33,3.38008587561722,3.2415,0.1088,3.0278,3.4547,1,1,2.6490919557642,2.8254,0.1019,2.6257,3.0243,1,1,6.5592497625802,6.452,0.1671,6.1244,6.7797,1,1,4.79549474076678,4.9989,0.1375,4.7273,5.2686,1,1,8.41991048086296,8.2453,0.1821,7.8892,8.603,1,1,6.27213639876793,6.5332,0.1586,6.2224,6.8407,1,1,9.29394031721092,9.1207,0.1872,8.7545,9.4876,1,1,7.10490577112262,7.2123,0.1737,6.8711,7.5547,1,1,9.68083248283218,9.4579,0.1968,9.0731,9.8416,1,1,7.54002818053297,7.6283,0.1729,7.2894,7.9657,1,1,0.3,0.3034,0.0138,0.2762,0.3304,1,1,0.2,0.2029,0.0165,0.1704,0.2354,1,1,-0.15,-0.1699,0.0142,-0.1974,-0.142,1,1,-0.1,-0.1339,0.0157,-0.1648,-0.103,0,1,1.16975723241009,1.0375,0.0809,0.892,1.2118,1,1,0.818364051334181,0.9757,0.0749,0.8406,1.133,0,1,1.77224917802126,1.6356,0.1213,1.4182,1.894,1,1,1.22554713982381,1.3438,0.1003,1.1637,1.5584,1,1,1.92749400743346,1.7926,0.1318,1.5556,2.0707,1,1,1.39038469211727,1.5552,0.1131,1.352,1.7944,1,1,1.96107469695758,1.8448,0.1347,1.6033,2.1293,1,1,1.44296594681151,1.7179,0.1259,1.4935,1.9853,0,1,1.97661392972742,1.9314,0.1411,1.6787,2.2341,1,1,1.46479650840188,1.7064,0.1246,1.4832,1.9704,0,1,0.1,0.0776,0.0137,0.0524,0.106,1,1,0.1,0.1221,0.015,0.0944,0.153,1,1,0.1,0.094,0.0137,0.0683,0.1218,1,1,0.1,0.1127,0.0145,0.0857,0.1426,1,1,1,0.9945,0.0146,0.9663,1.0234,1,1,1,0.967,0.0142,0.9397,0.9953,0,1,0.3,0.277,0.0106,0.2564,0.2979,0,1,0.3,0.277,0.0106,0.2564,0.2979,0,1
34,3.38008587561722,3.2324,0.1188,2.9976,3.4671,1,1,2.6490919557642,2.7315,0.0892,2.5556,2.9081,1,1,6.5592497625802,6.2945,0.1794,5.9409,6.6485,1,1,4.79549474076678,4.8724,0.1318,4.6145,5.1309,1,1,8.41991048086296,8.1418,0.1956,7.7573,8.5242,1,1,6.27213639876793,6.2856,0.1446,6.0005,6.5696,1,1,9.29394031721092,9.0583,0.1979,8.6707,9.4467,1,1,7.10490577112262,7.1753,0.1508,6.8776,7.4704,1,1,9.68083248283218,9.5215,0.1981,9.1286,9.9067,1,1,7.54002818053297,7.5213,0.1545,7.2199,7.8236,1,1,0.3,0.3174,0.0159,0.2862,0.3483,1,1,0.2,0.1958,0.015,0.1663,0.225,1,1,-0.15,-0.1593,0.0139,-0.1866,-0.1322,1,1,-0.1,-0.1196,0.0143,-0.1474,-0.0914,1,1,1.16975723241009,1.1332,0.0879,0.9753,1.3211,1,1,0.818364051334181,0.843,0.0661,0.724,0.9827,1,1,1.77224917802126,1.7535,0.1283,1.5222,2.0245,1,1,1.22554713982381,1.2826,0.0958,1.1093,1.4852,1,1,1.92749400743346,1.9208,0.1402,1.6717,2.2219,1,1,1.39038469211727,1.4229,0.1053,1.2342,1.6446,1,1,1.96107469695758,1.9509,0.1419,1.6968,2.2526,1,1,1.44296594681151,1.4724,0.109,1.2757,1.7042,1,1,1.97661392972742,1.9547,0.1431,1.6991,2.2599,1,1,1.46479650840188,1.5116,0.1116,1.3121,1.7496,1,1,0.1,0.1109,0.0147,0.0832,0.1412,1,1,0.1,0.0993,0.0145,0.0721,0.1289,1,1,0.1,0.0883,0.014,0.062,0.1168,1,1,0.1,0.0926,0.014,0.0668,0.1213,1,1,1,0.9765,0.0144,0.9487,1.0049,1,1,1,0.9855,0.0144,0.9576,1.0142,1,1,0.3,0.2929,0.0106,0.2721,0.3139,1,1,0.3,0.2929,0.0106,0.2721,0.3139,1,1
35,3.38008587561722,3.668,0.1378,3.3952,3.9356,0,1,2.6490919557642,2.5911,0.087,2.4208,2.7622,1,1,6.5592497625802,6.9879,0.1861,6.6243,7.3575,0,1,4.79549474076678,4.736,0.1311,4.4767,4.9925,1,1,8.41991048086296,8.8893,0.2041,8.4905,9.2893,0,1,6.27213639876793,6.1977,0.1488,5.9045,6.4886,1,1,9.29394031721092,9.669,0.2097,9.2581,10.0787,1,1,7.10490577112262,6.9866,0.1621,6.6679,7.3042,1,1,9.68083248283218,10.0711,0.2033,9.6723,10.4699,1,1,7.54002818053297,7.5315,0.1702,7.2004,7.8648,1,1,0.3,0.3169,0.0162,0.285,0.3488,1,1,0.2,0.2122,0.0153,0.1823,0.2423,1,1,-0.15,-0.1432,0.0143,-0.1715,-0.1153,1,1,-0.1,-0.0949,0.0133,-0.1211,-0.0686,1,1,1.16975723241009,1.3337,0.1008,1.1532,1.5474,1,1,0.818364051334181,0.8237,0.0653,0.7056,0.9616,1,1,1.77224917802126,1.829,0.1335,1.5901,2.1133,1,1,1.22554713982381,1.2661,0.095,1.0947,1.4677,1,1,1.92749400743346,2.0107,0.1465,1.7499,2.3194,1,1,1.39038469211727,1.4558,0.1079,1.2625,1.6841,1,1,1.96107469695758,2.0648,0.1496,1.7954,2.3822,1,1,1.44296594681151,1.6004,0.1181,1.3881,1.8504,1,1,1.97661392972742,2.0096,0.1463,1.7472,2.3178,1,1,1.46479650840188,1.6731,0.1225,1.4522,1.9336,1,1,0.1,0.1158,0.0152,0.0873,0.1474,1,1,0.1,0.1049,0.0148,0.0772,0.1349,1,1,0.1,0.0925,0.0143,0.0655,0.1217,1,1,0.1,0.0788,0.0136,0.0536,0.1063,1,1,1,0.9939,0.0147,0.9653,1.0232,1,1,1,1.0263,0.0151,0.9971,1.0565,1,1,0.3,0.3016,0.0109,0.2805,0.3233,1,1,0.3,0.3016,0.0109,0.2805,0.3233,1,1
36,3.38008587561722,3.3924,0.1368,3.1244,3.6607,1,1,2.6490919557642,2.7025,0.0759,2.5538,2.8515,1,1,6.5592497625802,6.4741,0.2022,6.0808,6.8739,1,1,4.79549474076678,4.853,0.1163,4.6216,5.0822,1,1,8.41991048086296,8.3051,0.2182,7.8794,8.7342,1,1,6.27213639876793,6.3171,0.1373,6.047,6.5856,1,1,9.29394031721092,9.0783,0.2132,8.6587,9.4962,1,1,7.10490577112262,7.0785,0.1477,6.7876,7.3681,1,1,9.68083248283218,9.4527,0.2137,9.0305,9.8751,1,1,7.54002818053297,7.4537,0.1511,7.1567,7.7504,1,1,0.3,0.2849,0.0144,0.2567,0.3131,1,1,0.2,0.2037,0.016,0.1722,0.2352,1,1,-0.15,-0.1556,0.0128,-0.1806,-0.1304,1,1,-0.1,-0.1178,0.0151,-0.1473,-0.0882,1,1,1.16975723241009,1.335,0.0999,1.1559,1.5486,1,1,0.818364051334181,0.7022,0.0579,0.5979,0.8245,1,1,1.77224917802126,1.9869,0.1441,1.7267,2.2912,1,1,1.22554713982381,1.122,0.0853,0.9676,1.302,1,1,1.92749400743346,2.154,0.1565,1.8745,2.4856,1,1,1.39038469211727,1.3388,0.0995,1.1604,1.5509,1,1,1.96107469695758,2.1114,0.1545,1.8343,2.4362,1,1,1.44296594681151,1.4449,0.1071,1.2524,1.6716,1,1,1.97661392972742,2.1125,0.1537,1.8377,2.4382,1,1,1.46479650840188,1.4837,0.1087,1.2869,1.7122,1,1,0.1,0.0904,0.0143,0.0635,0.1198,1,1,0.1,0.1109,0.0146,0.0831,0.1408,1,1,0.1,0.0667,0.0124,0.0447,0.0929,0,1,0.1,0.1027,0.0143,0.0759,0.1321,1,1,1,1.0156,0.0149,0.9868,1.0455,1,1,1,1.0299,0.0151,1.0007,1.0596,0,1,0.3,0.3203,0.0112,0.2987,0.3423,1,1,0.3,0.3203,0.0112,0.2987,0.3423,1,1
37,3.38008587561722,3.3596,0.1199,3.1239,3.5917,1,1,2.6490919557642,2.7299,0.0916,2.5504,2.9096,1,1,6.5592497625802,6.3822,0.1904,6.0073,6.7553,1,1,4.79549474076678,4.8369,0.1327,4.5753,5.0979,1,1,8.41991048086296,8.1119,0.209,7.6969,8.5239,1,1,6.27213639876793,6.2813,0.1557,5.9769,6.588,1,1,9.29394031721092,9.0577,0.2168,8.6337,9.4883,1,1,7.10490577112262,7.1414,0.167,6.8131,7.4667,1,1,9.68083248283218,9.2994,0.2166,8.8734,9.7265,1,1,7.54002818053297,7.5554,0.169,7.2216,7.8871,1,1,0.3,0.3017,0.0146,0.2729,0.3299,1,1,0.2,0.1941,0.0146,0.1656,0.2229,1,1,-0.15,-0.1413,0.0169,-0.1743,-0.1083,1,1,-0.1,-0.0982,0.0151,-0.1279,-0.0685,1,1,1.16975723241009,1.1408,0.0872,0.983,1.3253,1,1,0.818364051334181,0.8731,0.0682,0.7494,1.0166,1,1,1.77224917802126,1.8704,0.1374,1.6249,2.1642,1,1,1.22554713982381,1.301,0.0967,1.1271,1.5065,1,1,1.92749400743346,2.0656,0.1502,1.7981,2.3844,1,1,1.39038469211727,1.5289,0.1128,1.3267,1.7716,1,1,1.96107469695758,2.1383,0.1557,1.8601,2.4701,1,1,1.44296594681151,1.6495,0.1205,1.4322,1.9058,1,1,1.97661392972742,2.1503,0.1565,1.8677,2.4812,1,1,1.46479650840188,1.6641,0.122,1.4463,1.9245,1,1,0.1,0.0915,0.0146,0.0638,0.1215,1,1,0.1,0.0942,0.0144,0.0674,0.1237,1,1,0.1,0.1311,0.0149,0.1036,0.1621,0,1,0.1,0.1052,0.0142,0.0786,0.1342,1,1,1,1.0046,0.0148,0.9763,1.0338,1,1,1,0.9871,0.0145,0.959,1.016,1,1,0.3,0.291,0.0108,0.27,0.3125,1,1,0.3,0.291,0.0108,0.27,0.3125,1,1
38,3.38008587561722,3.4067,0.1148,3.1803,3.6326,1,1,2.6490919557642,2.6444,0.0897,2.4677,2.8186,1,1,6.5592497625802,6.5873,0.1652,6.2647,6.9132,1,1,4.79549474076678,4.7513,0.1207,4.5136,4.9867,1,1,8.41991048086296,8.4589,0.1852,8.0963,8.8215,1,1,6.27213639876793,6.3066,0.1246,6.0582,6.5509,1,1,9.29394031721092,9.3258,0.1924,8.9473,9.7012,1,1,7.10490577112262,7.1204,0.1304,6.862,7.3739,1,1,9.68083248283218,9.7294,0.2068,9.3179,10.1323,1,1,7.54002818053297,7.6039,0.1283,7.3502,7.8549,1,1,0.3,0.3025,0.0149,0.2732,0.3317,1,1,0.2,0.2052,0.0137,0.1785,0.2324,1,1,-0.15,-0.1571,0.0149,-0.1867,-0.1277,1,1,-0.1,-0.0852,0.0143,-0.1134,-0.0572,1,1,1.16975723241009,1.0999,0.0846,0.9474,1.2797,1,1,0.818364051334181,0.8511,0.0671,0.7296,0.9925,1,1,1.77224917802126,1.6258,0.1194,1.4117,1.879,1,1,1.22554713982381,1.1716,0.0883,1.0127,1.3568,1,1,1.92749400743346,1.8236,0.134,1.5832,2.1087,1,1,1.39038469211727,1.2079,0.0909,1.0437,1.3996,1,1,1.96107469695758,1.8981,0.1385,1.6516,2.1892,1,1,1.44296594681151,1.2709,0.0942,1.1023,1.4702,1,1,1.97661392972742,2.03,0.1483,1.7625,2.3413,1,1,1.46479650840188,1.2502,0.0937,1.082,1.4477,0,1,0.1,0.0952,0.0146,0.0674,0.1248,1,1,0.1,0.0819,0.0141,0.0557,0.1111,1,1,0.1,0.0989,0.0147,0.0708,0.1287,1,1,0.1,0.0926,0.0139,0.0661,0.1207,1,1,1,0.9837,0.0145,0.9553,1.0127,1,1,1,0.9967,0.0147,0.9681,1.0258,1,1,0.3,0.2949,0.0106,0.2743,0.3162,1,1,0.3,0.2949,0.0106,0.2743,0.3162,1,1
39,3.38008587561722,3.2573,0.1162,3.0295,3.4843,1,1,2.6490919557642,2.7692,0.0774,2.617,2.9215,1,1,6.5592497625802,6.4329,0.1739,6.0917,6.7729,1,1,4.79549474076678,5.0225,0.1067,4.8123,5.2315,0,1,8.41991048086296,8.2352,0.1885,7.8653,8.6054,1,1,6.27213639876793,6.5296,0.1221,6.2896,6.7686,0,1,9.29394031721092,9.1342,0.1995,8.7435,9.5265,1,1,7.10490577112262,7.3544,0.1299,7.0976,7.6104,1,1,9.68083248283218,9.471,0.1985,9.0807,9.858,1,1,7.54002818053297,7.7873,0.1374,7.5194,8.0571,1,1,0.3,0.2683,0.0152,0.2382,0.2983,0,1,0.2,0.1904,0.0149,0.1613,0.2202,1,1,-0.15,-0.1354,0.0146,-0.164,-0.1068,1,1,-0.1,-0.0917,0.0149,-0.1208,-0.0625,1,1,1.16975723241009,1.1164,0.0852,0.9632,1.2959,1,1,0.818364051334181,0.7211,0.0581,0.6159,0.8431,1,1,1.77224917802126,1.7047,0.1257,1.4797,1.9726,1,1,1.22554713982381,1.0261,0.0781,0.8859,1.1925,0,1,1.92749400743346,1.8511,0.1362,1.6069,2.1384,1,1,1.39038469211727,1.1852,0.0893,1.0234,1.3746,0,1,1.96107469695758,1.9693,0.1439,1.7114,2.2747,1,1,1.44296594681151,1.2655,0.0943,1.0952,1.4671,1,1,1.97661392972742,1.9626,0.1436,1.7046,2.266,1,1,1.46479650840188,1.3393,0.0995,1.1599,1.5537,1,1,0.1,0.1002,0.0151,0.072,0.1309,1,1,0.1,0.0963,0.0146,0.0683,0.1261,1,1,0.1,0.0968,0.0143,0.0701,0.1262,1,1,0.1,0.1001,0.0142,0.0732,0.129,1,1,1,1.0095,0.0148,0.9809,1.0387,1,1,1,1.0217,0.0151,0.9924,1.0514,1,1,0.3,0.3115,0.011,0.2901,0.3332,1,1,0.3,0.3115,0.011,0.2901,0.3332,1,1
40,3.38008587561722,3.4009,0.1176,3.1705,3.6308,1,1,2.6490919557642,2.6205,0.0856,2.4529,2.7889,1,1,6.5592497625802,6.5251,0.1689,6.1917,6.8558,1,1,4.79549474076678,4.8044,0.1314,4.5472,5.0621,1,1,8.41991048086296,8.3041,0.1874,7.9359,8.6747,1,1,6.27213639876793,6.2857,0.147,5.9974,6.5748,1,1,9.29394031721092,9.1433,0.1857,8.7785,9.5071,1,1,7.10490577112262,7.1525,0.1497,6.8595,7.4469,1,1,9.68083248283218,9.5143,0.1829,9.1536,9.8711,1,1,7.54002818053297,7.621,0.1482,7.3296,7.9117,1,1,0.3,0.2682,0.0162,0.236,0.3,1,1,0.2,0.1933,0.0144,0.1655,0.2218,1,1,-0.15,-0.1522,0.0138,-0.1793,-0.1253,1,1,-0.1,-0.0893,0.0151,-0.1191,-0.0597,1,1,1.16975723241009,1.1338,0.0866,0.9789,1.3169,1,1,0.818364051334181,0.8083,0.064,0.6936,0.9428,1,1,1.77224917802126,1.6679,0.123,1.449,1.9287,1,1,1.22554713982381,1.2877,0.0951,1.1161,1.4895,1,1,1.92749400743346,1.8558,0.1345,1.6135,2.1421,1,1,1.39038469211727,1.4309,0.1054,1.2404,1.6549,1,1,1.96107469695758,1.8316,0.134,1.5909,2.116,1,1,1.44296594681151,1.4579,0.1083,1.2654,1.6883,1,1,1.97661392972742,1.7922,0.132,1.5567,2.0707,1,1,1.46479650840188,1.4569,0.1072,1.2631,1.6825,1,1,0.1,0.1137,0.0147,0.086,0.1438,1,1,0.1,0.0894,0.0144,0.0627,0.1188,1,1,0.1,0.0825,0.014,0.0566,0.1111,1,1,0.1,0.1049,0.0147,0.0771,0.135,1,1,1,0.9999,0.0147,0.9712,1.0291,1,1,1,1.0156,0.0149,0.9868,1.0452,1,1,0.3,0.3109,0.0109,0.2897,0.3325,1,1,0.3,0.3109,0.0109,0.2897,0.3325,1,1
41,3.38008587561722,3.4679,0.1408,3.1924,3.7435,1,1,2.6490919557642,2.6159,0.0876,2.444,2.7863,1,1,6.5592497625802,6.6198,0.2073,6.2179,7.0244,1,1,4.79549474076678,4.7831,0.1214,4.5455,5.0203,1,1,8.41991048086296,8.4533,0.219,8.0235,8.8851,1,1,6.27213639876793,6.302,0.136,6.0344,6.5671,1,1,9.29394031721092,9.2941,0.2198,8.8609,9.7233,1,1,7.10490577112262,7.1037,0.1438,6.8222,7.3863,1,1,9.68083248283218,9.6882,0.2117,9.2733,10.1054,1,1,7.54002818053297,7.5482,0.1366,7.2795,7.8168,1,1,0.3,0.3014,0.0136,0.2745,0.328,1,1,0.2,0.219,0.0147,0.1901,0.2478,1,1,-0.15,-0.1647,0.0142,-0.1922,-0.1367,1,1,-0.1,-0.0994,0.0144,-0.128,-0.0713,1,1,1.16975723241009,1.3649,0.1027,1.181,1.5825,0,1,0.818364051334181,0.8233,0.0657,0.7058,0.9627,1,1,1.77224917802126,2.0344,0.148,1.768,2.3491,1,1,1.22554713982381,1.1843,0.0895,1.0224,1.3722,1,1,1.92749400743346,2.1618,0.1569,1.8794,2.495,1,1,1.39038469211727,1.3339,0.0994,1.1549,1.5447,1,1,1.96107469695758,2.1814,0.1578,1.898,2.5158,1,1,1.44296594681151,1.4041,0.1035,1.2179,1.622,1,1,1.97661392972742,2.0937,0.1527,1.8199,2.4176,1,1,1.46479650840188,1.3342,0.0986,1.1563,1.542,1,1,0.1,0.0755,0.0138,0.0497,0.1037,1,1,0.1,0.0975,0.0145,0.0701,0.1269,1,1,0.1,0.0894,0.0144,0.0627,0.1189,1,1,0.1,0.0977,0.0139,0.0713,0.1262,1,1,1,0.9697,0.0143,0.9422,0.9982,0,1,1,0.9909,0.0146,0.9628,1.0197,1,1,0.3,0.2732,0.0105,0.2527,0.2938,0,1,0.3,0.2732,0.0105,0.2527,0.2938,0,1
42,3.38008587561722,3.4007,0.1108,3.1826,3.6193,1,1,2.6490919557642,2.6543,0.0897,2.4779,2.8295,1,1,6.5592497625802,6.7042,0.1629,6.3848,7.0248,1,1,4.79549474076678,4.7504,0.1289,4.496,5.0034,1,1,8.41991048086296,8.6529,0.1785,8.2985,9.0026,1,1,6.27213639876793,6.1387,0.1374,5.8712,6.4108,1,1,9.29394031721092,9.4636,0.1855,9.0991,9.829,1,1,7.10490577112262,6.9643,0.1445,6.6811,7.2496,1,1,9.68083248283218,9.8621,0.1866,9.4973,10.2305,1,1,7.54002818053297,7.4348,0.1461,7.1469,7.721,1,1,0.3,0.3017,0.0141,0.2739,0.3292,1,1,0.2,0.181,0.0161,0.1492,0.2125,1,1,-0.15,-0.1496,0.0163,-0.1818,-0.1177,1,1,-0.1,-0.1031,0.0171,-0.1366,-0.0696,1,1,1.16975723241009,1.0665,0.0828,0.9174,1.2431,1,1,0.818364051334181,0.8516,0.0671,0.7312,0.9936,1,1,1.77224917802126,1.5955,0.1179,1.3839,1.8462,1,1,1.22554713982381,1.266,0.0939,1.0974,1.4648,1,1,1.92749400743346,1.762,0.1295,1.5301,2.0357,1,1,1.39038469211727,1.3434,0.0993,1.165,1.5544,1,1,1.96107469695758,1.8312,0.1343,1.59,2.117,1,1,1.44296594681151,1.4103,0.1041,1.2244,1.6323,1,1,1.97661392972742,1.8382,0.1345,1.5965,2.1253,1,1,1.46479650840188,1.4333,0.1059,1.2436,1.6589,1,1,0.1,0.0824,0.0141,0.0562,0.1113,1,1,0.1,0.117,0.015,0.0891,0.1478,1,1,0.1,0.1215,0.0146,0.0941,0.1515,1,1,0.1,0.1303,0.0151,0.1022,0.1611,0,1,1,1.0158,0.015,0.9869,1.0453,1,1,1,1.0035,0.0147,0.975,1.0326,1,1,0.3,0.2961,0.0109,0.275,0.3176,1,1,0.3,0.2961,0.0109,0.275,0.3176,1,1
43,3.38008587561722,3.4397,0.1031,3.2371,3.6435,1,1,2.6490919557642,2.7193,0.0861,2.5505,2.8878,1,1,6.5592497625802,6.6863,0.1596,6.3702,6.9977,1,1,4.79549474076678,4.9035,0.118,4.6723,5.1347,1,1,8.41991048086296,8.5691,0.1817,8.2119,8.9277,1,1,6.27213639876793,6.4498,0.1369,6.181,6.7193,1,1,9.29394031721092,9.4403,0.1884,9.0687,9.8078,1,1,7.10490577112262,7.2569,0.1527,6.9555,7.5557,1,1,9.68083248283218,9.8638,0.1955,9.4771,10.2459,1,1,7.54002818053297,7.6575,0.1604,7.341,7.9715,1,1,0.3,0.2802,0.0153,0.2502,0.3103,1,1,0.2,0.2211,0.0147,0.1922,0.25,1,1,-0.15,-0.1643,0.0142,-0.1922,-0.1364,1,1,-0.1,-0.0844,0.0153,-0.1143,-0.0543,1,1,1.16975723241009,0.977,0.0765,0.8407,1.1383,0,1,0.818364051334181,0.8051,0.0645,0.6884,0.9413,1,1,1.77224917802126,1.5729,0.1164,1.3628,1.8174,1,1,1.22554713982381,1.1431,0.0871,0.9875,1.3281,1,1,1.92749400743346,1.7938,0.1309,1.5598,2.0741,1,1,1.39038469211727,1.3327,0.099,1.1547,1.5415,1,1,1.96107469695758,1.842,0.1348,1.6002,2.1291,1,1,1.44296594681151,1.509,0.111,1.3106,1.7435,1,1,1.97661392972742,1.9264,0.1412,1.6721,2.2249,1,1,1.46479650840188,1.5656,0.1151,1.3596,1.8101,1,1,0.1,0.1038,0.0151,0.0754,0.1349,1,1,0.1,0.0948,0.0144,0.0677,0.1243,1,1,0.1,0.0903,0.0144,0.0635,0.12,1,1,0.1,0.1079,0.0144,0.0805,0.1373,1,1,1,0.9764,0.0142,0.949,1.0048,1,1,1,1.0094,0.0148,0.9807,1.0389,1,1,0.3,0.2896,0.0106,0.2689,0.3108,1,1,0.3,0.2896,0.0106,0.2689,0.3108,1,1
44,3.38008587561722,3.2723,0.1254,3.0282,3.5179,1,1,2.6490919557642,2.5124,0.0855,2.3437,2.6781,1,1,6.5592497625802,6.2848,0.1753,5.9403,6.6243,1,1,4.79549474076678,4.6031,0.1178,4.3713,4.8337,1,1,8.41991048086296,8.1439,0.1869,7.7778,8.5105,1,1,6.27213639876793,6.0998,0.126,5.8494,6.3449,1,1,9.29394031721092,9.1294,0.185,8.7672,9.494,1,1,7.10490577112262,6.958,0.1357,6.6915,7.226,1,1,9.68083248283218,9.5291,0.1877,9.1586,9.9006,1,1,7.54002818053297,7.4133,0.1317,7.1549,7.6727,1,1,0.3,0.2837,0.0155,0.2533,0.3141,1,1,0.2,0.2178,0.0144,0.1897,0.2464,1,1,-0.15,-0.1742,0.014,-0.2015,-0.1468,1,1,-0.1,-0.1008,0.0134,-0.1271,-0.0746,1,1,1.16975723241009,1.2068,0.0913,1.0436,1.4017,1,1,0.818364051334181,0.7989,0.0641,0.6826,0.9344,1,1,1.77224917802126,1.7337,0.1277,1.5044,2.004,1,1,1.22554713982381,1.1406,0.0865,0.9836,1.3234,1,1,1.92749400743346,1.8356,0.1345,1.593,2.1195,1,1,1.39038469211727,1.2218,0.0914,1.0568,1.4149,1,1,1.96107469695758,1.8164,0.1331,1.5762,2.0989,1,1,1.44296594681151,1.3271,0.0989,1.1513,1.538,1,1,1.97661392972742,1.8398,0.1341,1.5984,2.1254,1,1,1.46479650840188,1.2907,0.0961,1.1188,1.4941,1,1,0.1,0.1053,0.0145,0.0786,0.1353,1,1,0.1,0.09,0.0141,0.0633,0.1187,1,1,0.1,0.0875,0.0143,0.0605,0.1166,1,1,0.1,0.0789,0.0134,0.0541,0.1065,1,1,1,1.0086,0.0149,0.9799,1.0379,1,1,1,1.0084,0.0148,0.9799,1.0376,1,1,0.3,0.3121,0.0109,0.2908,0.3335,1,1,0.3,0.3121,0.0109,0.2908,0.3335,1,1
45,3.38008587561722,3.4095,0.1219,3.1696,3.648,1,1,2.6490919557642,2.6982,0.0836,2.5357,2.8622,1,1,6.5592497625802,6.6078,0.1862,6.2417,6.9762,1,1,4.79549474076678,4.8839,0.1208,4.6473,5.1217,1,1,8.41991048086296,8.5276,0.1978,8.1386,8.9167,1,1,6.27213639876793,6.3634,0.1359,6.0966,6.6325,1,1,9.29394031721092,9.3476,0.2036,8.9444,9.7455,1,1,7.10490577112262,7.1687,0.1425,6.8872,7.4495,1,1,9.68083248283218,9.715,0.1954,9.3345,10.0973,1,1,7.54002818053297,7.6105,0.1451,7.3238,7.8956,1,1,0.3,0.3091,0.0167,0.2762,0.3417,1,1,0.2,0.1821,0.0162,0.1501,0.2138,1,1,-0.15,-0.1418,0.0159,-0.1732,-0.1107,1,1,-0.1,-0.1098,0.0151,-0.1397,-0.0804,1,1,1.16975723241009,1.168,0.09,1.0077,1.359,1,1,0.818364051334181,0.7885,0.0629,0.6744,0.9214,1,1,1.77224917802126,1.8313,0.1343,1.5894,2.1148,1,1,1.22554713982381,1.1718,0.088,1.0136,1.359,1,1,1.92749400743346,1.9475,0.1427,1.6924,2.2541,1,1,1.39038469211727,1.3251,0.0981,1.1491,1.5325,1,1,1.96107469695758,2.0075,0.147,1.7463,2.3207,1,1,1.44296594681151,1.3957,0.1035,1.2074,1.6161,1,1,1.97661392972742,1.9294,0.1417,1.6764,2.2297,1,1,1.46479650840188,1.4195,0.1052,1.2285,1.6399,1,1,0.1,0.1232,0.015,0.0954,0.1538,1,1,0.1,0.114,0.015,0.0861,0.1448,1,1,0.1,0.115,0.0146,0.0876,0.1452,1,1,0.1,0.1049,0.0147,0.0771,0.135,1,1,1,1.0066,0.0149,0.9779,1.0362,1,1,1,1.0005,0.0148,0.9721,1.0301,1,1,0.3,0.3064,0.0109,0.2851,0.328,1,1,0.3,0.3064,0.0109,0.2851,0.328,1,1
46,3.38008587561722,3.3702,0.1285,3.1177,3.6228,1,1,2.6490919557642,2.6812,0.0828,2.5171,2.8425,1,1,6.5592497625802,6.403,0.1937,6.0183,6.7851,1,1,4.79549474076678,4.8119,0.1159,4.5837,5.0381,1,1,8.41991048086296,8.2599,0.1996,7.8696,8.6528,1,1,6.27213639876793,6.3401,0.1405,6.0655,6.6184,1,1,9.29394031721092,9.0926,0.195,8.7077,9.4758,1,1,7.10490577112262,7.2222,0.1422,6.9454,7.5036,1,1,9.68083248283218,9.4751,0.2007,9.0778,9.8699,1,1,7.54002818053297,7.6399,0.1489,7.347,7.9354,1,1,0.3,0.2987,0.0154,0.2686,0.329,1,1,0.2,0.2148,0.0141,0.1871,0.2427,1,1,-0.15,-0.1541,0.0141,-0.1816,-0.1262,1,1,-0.1,-0.0949,0.0148,-0.1238,-0.0659,1,1,1.16975723241009,1.2382,0.0953,1.0677,1.4413,1,1,0.818364051334181,0.774,0.0624,0.6617,0.9065,1,1,1.77224917802126,1.9028,0.1398,1.6505,2.2015,1,1,1.22554713982381,1.117,0.0841,0.9653,1.2949,1,1,1.92749400743346,1.9774,0.1448,1.72,2.2838,1,1,1.39038469211727,1.3789,0.1032,1.1931,1.5977,1,1,1.96107469695758,1.9152,0.1402,1.6629,2.2114,1,1,1.44296594681151,1.3991,0.1032,1.214,1.619,1,1,1.97661392972742,1.9679,0.1439,1.7104,2.2741,1,1,1.46479650840188,1.4558,0.1077,1.2611,1.683,1,1,0.1,0.1054,0.0144,0.0785,0.1351,1,1,0.1,0.0851,0.014,0.0588,0.1139,1,1,0.1,0.0883,0.0143,0.0613,0.1175,1,1,0.1,0.0993,0.0141,0.0727,0.1281,1,1,1,0.9745,0.0143,0.9469,1.003,1,1,1,1.0019,0.0148,0.9734,1.0311,1,1,0.3,0.2931,0.0107,0.2723,0.3143,1,1,0.3,0.2931,0.0107,0.2723,0.3143,1,1
47,3.38008587561722,3.2326,0.1076,3.0223,3.4443,1,1,2.6490919557642,2.6009,0.095,2.4162,2.7879,1,1,6.5592497625802,6.4621,0.164,6.1415,6.7821,1,1,4.79549474076678,4.7308,0.1332,4.47,4.9916,1,1,8.41991048086296,8.3695,0.1775,8.0206,8.7197,1,1,6.27213639876793,6.2383,0.1601,5.9255,6.5537,1,1,9.29394031721092,9.3352,0.1763,8.9902,9.6824,1,1,7.10490577112262,7.1137,0.1669,6.7827,7.4397,1,1,9.68083248283218,9.7931,0.1824,9.4363,10.1496,1,1,7.54002818053297,7.5734,0.1651,7.2494,7.8981,1,1,0.3,0.3055,0.0166,0.2726,0.3383,1,1,0.2,0.1964,0.0145,0.168,0.2251,1,1,-0.15,-0.1435,0.0147,-0.172,-0.1147,1,1,-0.1,-0.1039,0.0145,-0.1323,-0.0756,1,1,1.16975723241009,1.02,0.0806,0.8741,1.1903,1,1,0.818364051334181,0.9015,0.0702,0.7747,1.0489,1,1,1.77224917802126,1.6017,0.1178,1.3894,1.8523,1,1,1.22554713982381,1.2991,0.0962,1.1269,1.503,1,1,1.92749400743346,1.7358,0.1277,1.5064,2.0048,1,1,1.39038469211727,1.5822,0.1148,1.375,1.8261,1,1,1.96107469695758,1.7281,0.1271,1.5001,1.9981,1,1,1.44296594681151,1.6484,0.1205,1.4332,1.9057,1,1,1.97661392972742,1.7894,0.1319,1.5525,2.0683,1,1,1.46479650840188,1.6206,0.1188,1.4075,1.8697,1,1,0.1,0.1204,0.0148,0.0926,0.1506,1,1,0.1,0.0919,0.0145,0.0645,0.1213,1,1,0.1,0.0999,0.0141,0.0738,0.1291,1,1,0.1,0.096,0.0146,0.0686,0.126,1,1,1,1.0091,0.0149,0.9804,1.0386,1,1,1,1.0009,0.0147,0.9726,1.0299,1,1,0.3,0.2915,0.0109,0.2702,0.313,1,1,0.3,0.2915,0.0109,0.2702,0.313,1,1
48,3.38008587561722,3.3582,0.1234,3.1144,3.6001,1,1,2.6490919557642,2.5961,0.0811,2.4353,2.7547,1,1,6.5592497625802,6.5299,0.1801,6.1763,6.8847,1,1,4.79549474076678,4.772,0.1209,4.5344,5.0084,1,1,8.41991048086296,8.3308,0.1945,7.9496,8.7121,1,1,6.27213639876793,6.2687,0.1308,6.0102,6.5259,1,1,9.29394031721092,9.2418,0.2019,8.8485,9.6351,1,1,7.10490577112262,7.0944,0.1427,6.8176,7.3756,1,1,9.68083248283218,9.5496,0.1999,9.1581,9.9417,1,1,7.54002818053297,7.5196,0.1358,7.2536,7.7878,1,1,0.3,0.2974,0.0146,0.2688,0.3259,1,1,0.2,0.1885,0.0155,0.1579,0.2189,1,1,-0.15,-0.1672,0.0139,-0.1941,-0.1399,1,1,-0.1,-0.105,0.0158,-0.1358,-0.0737,1,1,1.16975723241009,1.1985,0.0916,1.0337,1.3927,1,1,0.818364051334181,0.7534,0.0605,0.6443,0.8808,1,1,1.77224917802126,1.7674,0.1291,1.5339,2.0414,1,1,1.22554713982381,1.1743,0.0879,1.0176,1.3606,1,1,1.92749400743346,1.9091,0.1401,1.6583,2.2063,1,1,1.39038469211727,1.2742,0.0944,1.1045,1.473,1,1,1.96107469695758,1.9763,0.1442,1.7213,2.2848,1,1,1.44296594681151,1.399,0.1029,1.2134,1.6178,1,1,1.97661392972742,1.9779,0.1441,1.7213,2.2845,1,1,1.46479650840188,1.3205,0.0976,1.1447,1.5264,1,1,0.1,0.0926,0.015,0.0641,0.123,1,1,0.1,0.109,0.0144,0.0823,0.1385,1,1,0.1,0.0868,0.0138,0.0611,0.1149,1,1,0.1,0.1145,0.0148,0.0868,0.1452,1,1,1,1.0103,0.0149,0.9811,1.0396,1,1,1,1.0037,0.0147,0.9753,1.0327,1,1,0.3,0.2855,0.0109,0.264,0.307,1,1,0.3,0.2855,0.0109,0.264,0.307,1,1
49,3.38008587561722,3.2997,0.1109,3.0827,3.5163,1,1,2.6490919557642,2.543,0.0821,2.3809,2.7043,1,1,6.5592497625802,6.3008,0.1765,5.9536,6.6462,1,1,4.79549474076678,4.5942,0.1253,4.3472,4.8417,1,1,8.41991048086296,8.0593,0.1966,7.6691,8.4456,1,1,6.27213639876793,6.0575,0.1461,5.7695,6.3453,1,1,9.29394031721092,8.88,0.2055,8.4782,9.2838,0,1,7.10490577112262,6.8525,0.1512,6.5562,7.1484,1,1,9.68083248283218,9.2468,0.2012,8.8551,9.6375,0,1,7.54002818053297,7.2846,0.1562,6.9773,7.5912,1,1,0.3,0.3099,0.0146,0.2812,0.3388,1,1,0.2,0.2101,0.0152,0.1803,0.2399,1,1,-0.15,-0.159,0.0152,-0.1893,-0.1293,1,1,-0.1,-0.104,0.0154,-0.1344,-0.0739,1,1,1.16975723241009,1.0615,0.0827,0.9136,1.2349,1,1,0.818364051334181,0.768,0.0618,0.6562,0.8973,1,1,1.77224917802126,1.7367,0.128,1.5082,2.008,1,1,1.22554713982381,1.2158,0.0916,1.052,1.4101,1,1,1.92749400743346,1.9317,0.1415,1.6782,2.2314,1,1,1.39038469211727,1.4283,0.1055,1.2397,1.6524,1,1,1.96107469695758,2.0194,0.1471,1.7541,2.3317,1,1,1.44296594681151,1.4803,0.1091,1.2839,1.709,1,1,1.97661392972742,1.9783,0.1451,1.7163,2.287,1,1,1.46479650840188,1.5377,0.1133,1.3327,1.7755,1,1,0.1,0.0922,0.0143,0.0652,0.1212,1,1,0.1,0.1022,0.0151,0.0743,0.1333,1,1,0.1,0.1065,0.014,0.0806,0.1356,1,1,0.1,0.1076,0.0147,0.0801,0.1374,1,1,1,1.0138,0.0149,0.9853,1.0437,1,1,1,1.0014,0.0147,0.9727,1.0303,1,1,0.3,0.3063,0.0109,0.2848,0.3277,1,1,0.3,0.3063,0.0109,0.2848,0.3277,1,1
50,3.38008587561722,3.464,0.1116,3.2428,3.6807,1,1,2.6490919557642,2.6101,0.0858,2.4403,2.7784,1,1,6.5592497625802,6.5301,0.1728,6.1912,6.8698,1,1,4.79549474076678,4.8616,0.1209,4.6254,5.1001,1,1,8.41991048086296,8.3861,0.1907,8.0108,8.7606,1,1,6.27213639876793,6.3508,0.1434,6.0646,6.6305,1,1,9.29394031721092,9.268,0.2013,8.8701,9.6636,1,1,7.10490577112262,7.0645,0.1547,6.7582,7.3681,1,1,9.68083248283218,9.6743,0.2104,9.2595,10.0893,1,1,7.54002818053297,7.4583,0.1569,7.148,7.7622,1,1,0.3,0.3036,0.0133,0.2773,0.3298,1,1,0.2,0.1916,0.0145,0.1633,0.22,1,1,-0.15,-0.1622,0.0151,-0.1918,-0.1325,1,1,-0.1,-0.1109,0.0142,-0.1392,-0.0829,1,1,1.16975723241009,1.0706,0.0822,0.9213,1.244,1,1,0.818364051334181,0.8068,0.0635,0.6924,0.9409,1,1,1.77224917802126,1.6971,0.1242,1.4747,1.9603,1,1,1.22554713982381,1.1672,0.0877,1.0091,1.3536,1,1,1.92749400743346,1.8833,0.138,1.6349,2.1761,1,1,1.39038469211727,1.4048,0.1041,1.2178,1.6253,1,1,1.96107469695758,1.9861,0.1441,1.7271,2.2909,1,1,1.44296594681151,1.5219,0.1114,1.323,1.7584,1,1,1.97661392972742,2.0713,0.1508,1.8011,2.3955,1,1,1.46479650840188,1.5361,0.1136,1.3332,1.7789,1,1,0.1,0.0734,0.0133,0.0496,0.1015,1,1,0.1,0.0908,0.0146,0.0631,0.1203,1,1,0.1,0.1071,0.014,0.0806,0.1359,1,1,0.1,0.0935,0.0143,0.0665,0.1226,1,1,1,0.984,0.0145,0.9559,1.0127,1,1,1,0.9925,0.0146,0.9641,1.0214,1,1,0.3,0.2867,0.0106,0.266,0.3076,1,1,0.3,0.2867,0.0106,0.266,0.3076,1,1
51,3.38008587561722,3.2432,0.1157,3.016,3.4713,1,1,2.6490919557642,2.749,0.0983,2.5557,2.9426,1,1,6.5592497625802,6.4511,0.1859,6.0867,6.815,1,1,4.79549474076678,4.8957,0.1313,4.6373,5.1533,1,1,8.41991048086296,8.419,0.2016,8.0222,8.8139,1,1,6.27213639876793,6.4038,0.1507,6.1082,6.7005,1,1,9.29394031721092,9.292,0.2013,8.8952,9.6876,1,1,7.10490577112262,7.1579,0.1582,6.8484,7.4655,1,1,9.68083248283218,9.697,0.2076,9.2918,10.1024,1,1,7.54002818053297,7.593,0.1578,7.2821,7.9027,1,1,0.3,0.287,0.0155,0.2565,0.3172,1,1,0.2,0.1768,0.0147,0.1484,0.2058,1,1,-0.15,-0.1587,0.0158,-0.1898,-0.1277,1,1,-0.1,-0.1121,0.0143,-0.14,-0.0838,1,1,1.16975723241009,1.1166,0.085,0.964,1.295,1,1,0.818364051334181,0.9405,0.0721,0.8104,1.0932,1,1,1.77224917802126,1.8273,0.1347,1.5872,2.1149,1,1,1.22554713982381,1.2839,0.0957,1.1125,1.4886,1,1,1.92749400743346,1.9957,0.1456,1.7342,2.3056,1,1,1.39038469211727,1.4841,0.1092,1.2884,1.7158,1,1,1.96107469695758,1.987,0.146,1.7257,2.2957,1,1,1.44296594681151,1.544,0.1138,1.3396,1.7843,1,1,1.97661392972742,2.0511,0.1497,1.7819,2.3686,1,1,1.46479650840188,1.5482,0.1133,1.3455,1.7893,1,1,0.1,0.1033,0.0151,0.0747,0.134,1,1,0.1,0.0968,0.0146,0.069,0.1264,1,1,0.1,0.115,0.0148,0.087,0.1453,1,1,0.1,0.0957,0.0142,0.069,0.1248,1,1,1,0.9871,0.0146,0.9591,1.0161,1,1,1,0.9837,0.0145,0.9559,1.0123,1,1,0.3,0.2835,0.0107,0.2627,0.3045,1,1,0.3,0.2835,0.0107,0.2627,0.3045,1,1
52,3.38008587561722,3.2237,0.1101,3.0061,3.4413,1,1,2.6490919557642,2.6935,0.0856,2.5253,2.8614,1,1,6.5592497625802,6.2945,0.1693,5.9589,6.6283,1,1,4.79549474076678,4.9228,0.1214,4.6834,5.1613,1,1,8.41991048086296,8.112,0.1867,7.7448,8.4784,1,1,6.27213639876793,6.345,0.1373,6.0752,6.6123,1,1,9.29394031721092,8.9845,0.1879,8.6151,9.3491,1,1,7.10490577112262,7.1652,0.1521,6.8651,7.463,1,1,9.68083248283218,9.3579,0.1925,8.9812,9.7346,1,1,7.54002818053297,7.6183,0.161,7.3008,7.9323,1,1,0.3,0.2787,0.0163,0.2464,0.3105,1,1,0.2,0.1887,0.0158,0.1578,0.2199,1,1,-0.15,-0.1687,0.0161,-0.2001,-0.1374,1,1,-0.1,-0.0981,0.0147,-0.127,-0.0695,1,1,1.16975723241009,1.0583,0.0815,0.9114,1.2304,1,1,0.818364051334181,0.8064,0.0635,0.6924,0.941,1,1,1.77224917802126,1.6449,0.1208,1.4287,1.8991,1,1,1.22554713982381,1.1756,0.088,1.0169,1.3627,1,1,1.92749400743346,1.8378,0.1346,1.5965,2.1226,1,1,1.39038469211727,1.3461,0.0994,1.1674,1.5571,1,1,1.96107469695758,1.856,0.1357,1.6134,2.1459,1,1,1.44296594681151,1.4954,0.1097,1.2984,1.7273,1,1,1.97661392972742,1.8911,0.1379,1.6436,2.1827,1,1,1.46479650840188,1.5822,0.1155,1.3738,1.8275,1,1,0.1,0.1171,0.015,0.0891,0.1476,1,1,0.1,0.1129,0.015,0.0849,0.1438,1,1,0.1,0.1166,0.0147,0.0893,0.1468,1,1,0.1,0.1006,0.0143,0.0739,0.1298,1,1,1,0.9777,0.0144,0.9499,1.0062,1,1,1,0.9824,0.0145,0.9543,1.0109,1,1,0.3,0.2912,0.0106,0.2704,0.3121,1,1,0.3,0.2912,0.0106,0.2704,0.3121,1,1
53,3.38008587561722,3.15,0.1156,2.923,3.3776,0,1,2.6490919557642,2.5197,0.0749,2.3728,2.6683,1,1,6.5592497625802,6.2693,0.1816,5.9121,6.6239,1,1,4.79549474076678,4.5549,0.1076,4.3434,4.7648,0,1,8.41991048086296,8.104,0.1869,7.7366,8.4697,1,1,6.27213639876793,5.9458,0.1186,5.7123,6.1782,0,1,9.29394031721092,8.9991,0.1947,8.6194,9.3789,1,1,7.10490577112262,6.7563,0.1312,6.4988,7.0159,0,1,9.68083248283218,9.3708,0.2012,8.9744,9.7624,1,1,7.54002818053297,7.1653,0.1317,6.907,7.4244,0,1,0.3,0.2931,0.0152,0.2634,0.3231,1,1,0.2,0.1937,0.0145,0.1653,0.2219,1,1,-0.15,-0.1308,0.0142,-0.1585,-0.1028,1,1,-0.1,-0.1141,0.0151,-0.1437,-0.0844,1,1,1.16975723241009,1.1103,0.0861,0.9558,1.2926,1,1,0.818364051334181,0.6931,0.0565,0.5906,0.8127,0,1,1.77224917802126,1.7809,0.1304,1.5477,2.0571,1,1,1.22554713982381,1.0379,0.0792,0.896,1.2051,0,1,1.92749400743346,1.8395,0.1341,1.5998,2.122,1,1,1.39038469211727,1.1548,0.0868,0.997,1.3385,0,1,1.96107469695758,1.9238,0.1408,1.6711,2.2234,1,1,1.44296594681151,1.2821,0.0948,1.1125,1.4867,1,1,1.97661392972742,1.9852,0.1441,1.7291,2.2922,1,1,1.46479650840188,1.2913,0.0966,1.1179,1.4943,1,1,0.1,0.1018,0.0146,0.0746,0.1316,1,1,0.1,0.0916,0.0147,0.0643,0.1216,1,1,0.1,0.0902,0.014,0.0636,0.1185,1,1,0.1,0.1055,0.0143,0.0791,0.1349,1,1,1,0.9746,0.0145,0.9468,1.0033,1,1,1,0.998,0.0147,0.9698,1.0271,1,1,0.3,0.2995,0.0107,0.2788,0.3206,1,1,0.3,0.2995,0.0107,0.2788,0.3206,1,1
54,3.38008587561722,3.4826,0.1287,3.2278,3.7327,1,1,2.6490919557642,2.5901,0.0905,2.4138,2.7702,1,1,6.5592497625802,6.8334,0.2016,6.4352,7.2286,1,1,4.79549474076678,4.5691,0.122,4.3308,4.8091,1,1,8.41991048086296,8.7431,0.22,8.3118,9.1757,1,1,6.27213639876793,6.0204,0.1391,5.7477,6.2937,1,1,9.29394031721092,9.5976,0.2201,9.1645,10.0295,1,1,7.10490577112262,6.8274,0.1422,6.5489,7.1093,1,1,9.68083248283218,9.9596,0.2239,9.5192,10.3945,1,1,7.54002818053297,7.1997,0.1499,6.907,7.4948,0,1,0.3,0.291,0.015,0.2614,0.3205,1,1,0.2,0.207,0.017,0.1738,0.2405,1,1,-0.15,-0.1435,0.0153,-0.1733,-0.1131,1,1,-0.1,-0.0897,0.0145,-0.1184,-0.0612,1,1,1.16975723241009,1.2463,0.0939,1.0764,1.4429,1,1,0.818364051334181,0.8524,0.0676,0.7296,0.9942,1,1,1.77224917802126,1.9831,0.1447,1.7238,2.2899,1,1,1.22554713982381,1.1874,0.0905,1.025,1.3806,1,1,1.92749400743346,2.1933,0.1579,1.908,2.5254,1,1,1.39038469211727,1.358,0.1008,1.178,1.571,1,1,1.96107469695758,2.1864,0.1585,1.9027,2.5223,1,1,1.44296594681151,1.3881,0.1035,1.2007,1.6086,1,1,1.97661392972742,2.2163,0.1607,1.9261,2.5551,1,1,1.46479650840188,1.4625,0.1081,1.2702,1.6934,1,1,0.1,0.0977,0.0146,0.0703,0.1274,1,1,0.1,0.1272,0.0155,0.0985,0.1594,1,1,0.1,0.1078,0.0143,0.0811,0.1376,1,1,0.1,0.0982,0.0144,0.0714,0.1278,1,1,1,1.0002,0.0147,0.9719,1.0293,1,1,1,0.9973,0.0146,0.9691,1.0264,1,1,0.3,0.2855,0.0107,0.2648,0.3066,1,1,0.3,0.2855,0.0107,0.2648,0.3066,1,1
55,3.38008587561722,3.1865,0.1289,2.9324,3.4387,1,1,2.6490919557642,2.8077,0.0935,2.6246,2.9907,1,1,6.5592497625802,6.2546,0.1761,5.9081,6.6017,1,1,4.79549474076678,4.9644,0.1217,4.7266,5.2034,1,1,8.41991048086296,8.1249,0.1896,7.754,8.4931,1,1,6.27213639876793,6.4643,0.1406,6.1871,6.7395,1,1,9.29394031721092,8.9657,0.1871,8.597,9.3334,1,1,7.10490577112262,7.2996,0.1477,7.0118,7.5891,1,1,9.68083248283218,9.3536,0.185,8.99,9.7178,1,1,7.54002818053297,7.7,0.1492,7.4069,7.9898,1,1,0.3,0.3204,0.0154,0.2902,0.3505,1,1,0.2,0.217,0.0165,0.1842,0.2494,1,1,-0.15,-0.1513,0.0162,-0.1827,-0.1192,1,1,-0.1,-0.0998,0.0156,-0.1304,-0.0691,1,1,1.16975723241009,1.2392,0.095,1.0688,1.4409,1,1,0.818364051334181,0.8885,0.0697,0.7633,1.0357,1,1,1.77224917802126,1.7199,0.127,1.4908,1.9892,1,1,1.22554713982381,1.1794,0.0889,1.0206,1.3704,1,1,1.92749400743346,1.8696,0.1369,1.6245,2.1608,1,1,1.39038469211727,1.3764,0.102,1.1937,1.5928,1,1,1.96107469695758,1.8423,0.1351,1.6014,2.1314,1,1,1.44296594681151,1.4485,0.108,1.2535,1.6771,1,1,1.97661392972742,1.825,0.1343,1.5814,2.1114,1,1,1.46479650840188,1.4621,0.1079,1.2675,1.6897,1,1,0.1,0.102,0.0149,0.0738,0.1321,1,1,0.1,0.1216,0.0151,0.0935,0.1527,1,1,0.1,0.1203,0.0147,0.0928,0.1509,1,1,0.1,0.1123,0.0145,0.0851,0.1419,1,1,1,1.0083,0.0147,0.9796,1.0375,1,1,1,0.9942,0.0147,0.9655,1.0235,1,1,0.3,0.2929,0.0109,0.2718,0.3145,1,1,0.3,0.2929,0.0109,0.2718,0.3145,1,1
56,3.38008587561722,3.1259,0.1096,2.9096,3.3389,0,1,2.6490919557642,2.7304,0.088,2.5568,2.904,1,1,6.5592497625802,6.1467,0.1771,5.8011,6.4951,0,1,4.79549474076678,4.8663,0.12,4.6344,5.1024,1,1,8.41991048086296,8.1283,0.1995,7.7325,8.5181,1,1,6.27213639876793,6.2562,0.1312,5.9955,6.5145,1,1,9.29394031721092,9.0455,0.2086,8.6371,9.4514,1,1,7.10490577112262,7.1328,0.1314,6.8743,7.3939,1,1,9.68083248283218,9.4659,0.214,9.0486,9.8847,1,1,7.54002818053297,7.4777,0.14,7.2027,7.7524,1,1,0.3,0.3118,0.0157,0.281,0.3425,1,1,0.2,0.1698,0.0154,0.1397,0.1998,0,1,-0.15,-0.1388,0.0143,-0.1668,-0.1106,1,1,-0.1,-0.1188,0.0138,-0.146,-0.0917,1,1,1.16975723241009,1.0373,0.081,0.8906,1.209,1,1,0.818364051334181,0.8395,0.0659,0.7213,0.9793,1,1,1.77224917802126,1.74,0.1282,1.511,2.0129,1,1,1.22554713982381,1.1693,0.0879,1.0114,1.3543,1,1,1.92749400743346,1.9731,0.144,1.7148,2.2797,1,1,1.39038469211727,1.2724,0.0941,1.101,1.4698,1,1,1.96107469695758,2.0575,0.1506,1.7843,2.3774,1,1,1.44296594681151,1.2864,0.0957,1.1138,1.4892,1,1,1.97661392972742,2.1035,0.1534,1.8287,2.4268,1,1,1.46479650840188,1.3674,0.1011,1.1864,1.5802,1,1,0.1,0.1096,0.0148,0.0818,0.1403,1,1,0.1,0.1056,0.0146,0.0781,0.1356,1,1,0.1,0.0965,0.0139,0.0701,0.125,1,1,0.1,0.0839,0.014,0.0578,0.1123,1,1,1,1.002,0.0147,0.9736,1.0312,1,1,1,0.9944,0.0147,0.966,1.0237,1,1,0.3,0.2823,0.0107,0.2614,0.3032,1,1,0.3,0.2823,0.0107,0.2614,0.3032,1,1
57,3.38008587561722,3.5884,0.1251,3.3432,3.8356,1,1,2.6490919557642,2.6005,0.0816,2.4406,2.761,1,1,6.5592497625802,6.7728,0.195,6.3899,7.1555,1,1,4.79549474076678,4.7009,0.1269,4.4525,4.951,1,1,8.41991048086296,8.6048,0.2012,8.2108,8.9955,1,1,6.27213639876793,6.1144,0.1369,5.8464,6.3821,1,1,9.29394031721092,9.4815,0.2035,9.0831,9.8787,1,1,7.10490577112262,6.9604,0.142,6.6817,7.2368,1,1,9.68083248283218,9.8827,0.203,9.4875,10.284,1,1,7.54002818053297,7.4151,0.1465,7.1258,7.7019,1,1,0.3,0.2973,0.0141,0.2693,0.3248,1,1,0.2,0.213,0.0149,0.1835,0.2421,1,1,-0.15,-0.1674,0.0154,-0.1972,-0.1372,1,1,-0.1,-0.0961,0.0145,-0.1244,-0.0678,1,1,1.16975723241009,1.2132,0.0923,1.0465,1.4098,1,1,0.818364051334181,0.7694,0.0621,0.6585,0.9009,1,1,1.77224917802126,1.9285,0.1408,1.6758,2.2276,1,1,1.22554713982381,1.234,0.093,1.0666,1.4311,1,1,1.92749400743346,1.9832,0.145,1.7238,2.293,1,1,1.39038469211727,1.3351,0.1,1.1559,1.5467,1,1,1.96107469695758,2.0128,0.1464,1.7504,2.3221,1,1,1.44296594681151,1.3912,0.1032,1.2076,1.6111,1,1,1.97661392972742,1.9975,0.1467,1.7346,2.309,1,1,1.46479650840188,1.4343,0.1062,1.2436,1.6593,1,1,0.1,0.0824,0.014,0.0564,0.1112,1,1,0.1,0.0985,0.0147,0.0705,0.1285,1,1,0.1,0.1093,0.0143,0.0826,0.1385,1,1,0.1,0.0959,0.0144,0.069,0.1255,1,1,1,1.0114,0.0149,0.9826,1.041,1,1,1,0.9944,0.0146,0.9664,1.0237,1,1,0.3,0.3029,0.011,0.2816,0.3244,1,1,0.3,0.3029,0.011,0.2816,0.3244,1,1
58,3.38008587561722,3.3933,0.11,3.1782,3.6092,1,1,2.6490919557642,2.6761,0.0855,2.5096,2.845,1,1,6.5592497625802,6.67,0.1721,6.3293,7.0057,1,1,4.79549474076678,4.8994,0.1263,4.65,5.1451,1,1,8.41991048086296,8.5291,0.1933,8.1504,8.9121,1,1,6.27213639876793,6.3448,0.1397,6.0685,6.6157,1,1,9.29394031721092,9.3084,0.203,8.9105,9.7061,1,1,7.10490577112262,7.1337,0.1361,6.8678,7.4042,1,1,9.68083248283218,9.8186,0.2062,9.4143,10.2198,1,1,7.54002818053297,7.5538,0.1412,7.2761,7.831,1,1,0.3,0.3125,0.0155,0.2818,0.3428,1,1,0.2,0.1944,0.0154,0.1644,0.2245,1,1,-0.15,-0.1263,0.0146,-0.1546,-0.0973,1,1,-0.1,-0.097,0.0141,-0.1248,-0.0696,1,1,1.16975723241009,1.0515,0.0821,0.9044,1.2263,1,1,0.818364051334181,0.8032,0.0638,0.6888,0.938,1,1,1.77224917802126,1.6895,0.1247,1.4647,1.9552,1,1,1.22554713982381,1.2277,0.0914,1.0641,1.4206,1,1,1.92749400743346,1.9119,0.1397,1.6577,2.2072,1,1,1.39038469211727,1.3664,0.1011,1.1857,1.5825,1,1,1.96107469695758,1.9916,0.1456,1.7334,2.303,1,1,1.44296594681151,1.3324,0.0992,1.1561,1.5437,1,1,1.97661392972742,2.0359,0.1494,1.7684,2.3529,1,1,1.46479650840188,1.3749,0.1016,1.1926,1.5909,1,1,0.1,0.1055,0.0147,0.0776,0.1352,1,1,0.1,0.1032,0.0145,0.0762,0.1328,1,1,0.1,0.0953,0.0143,0.0684,0.1245,1,1,0.1,0.0893,0.0142,0.0626,0.1182,1,1,1,0.9877,0.0145,0.9595,1.0164,1,1,1,0.9986,0.0147,0.97,1.0281,1,1,0.3,0.2924,0.0108,0.2714,0.3136,1,1,0.3,0.2924,0.0108,0.2714,0.3136,1,1
59,3.38008587561722,3.5762,0.1252,3.3326,3.8225,1,1,2.6490919557642,2.7379,0.0761,2.5889,2.8874,1,1,6.5592497625802,6.8963,0.1892,6.5217,7.2678,1,1,4.79549474076678,4.8729,0.1171,4.6433,5.1032,1,1,8.41991048086296,8.7807,0.2155,8.3548,9.2038,1,1,6.27213639876793,6.3209,0.1438,6.0366,6.6012,1,1,9.29394031721092,9.6748,0.2239,9.2393,10.1176,1,1,7.10490577112262,7.0291,0.1493,6.7343,7.3206,1,1,9.68083248283218,10.0661,0.2228,9.6289,10.5032,1,1,7.54002818053297,7.4054,0.1531,7.1066,7.7041,1,1,0.3,0.305,0.0138,0.2777,0.3322,1,1,0.2,0.1903,0.017,0.1572,0.2236,1,1,-0.15,-0.151,0.015,-0.1806,-0.1215,1,1,-0.1,-0.1026,0.0148,-0.1317,-0.0739,1,1,1.16975723241009,1.2049,0.0918,1.0414,1.3986,1,1,0.818364051334181,0.7101,0.0575,0.6064,0.8322,1,1,1.77224917802126,1.8567,0.1362,1.6114,2.1439,1,1,1.22554713982381,1.1385,0.086,0.9838,1.322,1,1,1.92749400743346,2.1307,0.1546,1.8545,2.4587,1,1,1.39038469211727,1.4052,0.1038,1.2184,1.6263,1,1,1.96107469695758,2.2098,0.1606,1.9226,2.5484,1,1,1.44296594681151,1.4765,0.1078,1.2843,1.7068,1,1,1.97661392972742,2.2074,0.1608,1.9178,2.5461,1,1,1.46479650840188,1.5116,0.1107,1.3114,1.7458,1,1,0.1,0.0779,0.0139,0.0523,0.1063,1,1,0.1,0.1267,0.0149,0.0992,0.1577,1,1,0.1,0.1054,0.0144,0.0785,0.1351,1,1,0.1,0.097,0.0148,0.0686,0.1268,1,1,1,0.9972,0.0147,0.9685,1.0265,1,1,1,0.9847,0.0145,0.957,1.0137,1,1,0.3,0.2965,0.0108,0.2756,0.3178,1,1,0.3,0.2965,0.0108,0.2756,0.3178,1,1
60,3.38008587561722,3.4181,0.1165,3.1889,3.6463,1,1,2.6490919557642,2.5368,0.0857,2.3682,2.7056,1,1,6.5592497625802,6.6113,0.1789,6.2618,6.9614,1,1,4.79549474076678,4.6428,0.1275,4.3918,4.8949,1,1,8.41991048086296,8.5423,0.2012,8.1449,8.9349,1,1,6.27213639876793,6.0989,0.1428,5.8181,6.3775,1,1,9.29394031721092,9.2828,0.2083,8.8726,9.6892,1,1,7.10490577112262,6.9512,0.1481,6.6597,7.2406,1,1,9.68083248283218,9.6631,0.2093,9.2565,10.0765,1,1,7.54002818053297,7.341,0.1533,7.0403,7.6419,1,1,0.3,0.3058,0.0145,0.2773,0.3342,1,1,0.2,0.2124,0.0149,0.1831,0.2417,1,1,-0.15,-0.1274,0.0151,-0.157,-0.0979,1,1,-0.1,-0.0871,0.0149,-0.1163,-0.0579,1,1,1.16975723241009,1.1214,0.086,0.9664,1.3047,1,1,0.818364051334181,0.8049,0.0643,0.6885,0.94,1,1,1.77224917802126,1.7556,0.1296,1.5221,2.0312,1,1,1.22554713982381,1.2337,0.0928,1.0662,1.4303,1,1,1.92749400743346,1.9821,0.1446,1.7227,2.2887,1,1,1.39038469211727,1.4006,0.1035,1.2154,1.6192,1,1,1.96107469695758,2.0337,0.1484,1.7653,2.3444,1,1,1.44296594681151,1.4535,0.1073,1.2604,1.6809,1,1,1.97661392972742,2.0696,0.1503,1.7975,2.3868,1,1,1.46479650840188,1.4985,0.1104,1.2994,1.7326,1,1,0.1,0.0885,0.0147,0.0613,0.1189,1,1,0.1,0.0958,0.0149,0.0677,0.1261,1,1,0.1,0.1049,0.0145,0.0774,0.1346,1,1,0.1,0.0987,0.0148,0.0708,0.1288,1,1,1,1.0248,0.0151,0.9955,1.0546,1,1,1,1.0069,0.0148,0.9786,1.0363,1,1,0.3,0.3173,0.011,0.2958,0.3391,1,1,0.3,0.3173,0.011,0.2958,0.3391,1,1
61,3.38008587561722,3.3154,0.128,3.0627,3.5661,1,1,2.6490919557642,2.6502,0.0955,2.4626,2.8376,1,1,6.5592497625802,6.4609,0.185,6.0947,6.8254,1,1,4.79549474076678,4.7169,0.1309,4.4602,4.9737,1,1,8.41991048086296,8.4186,0.1982,8.0304,8.8081,1,1,6.27213639876793,6.2205,0.1519,5.9248,6.5204,1,1,9.29394031721092,9.2889,0.2036,8.8857,9.6833,1,1,7.10490577112262,6.9799,0.1444,6.6966,7.2645,1,1,9.68083248283218,9.6942,0.2078,9.2836,10.1022,1,1,7.54002818053297,7.4597,0.1505,7.1633,7.7557,1,1,0.3,0.3089,0.0139,0.2816,0.3363,1,1,0.2,0.228,0.0171,0.1945,0.2613,1,1,-0.15,-0.1388,0.0149,-0.1679,-0.1095,1,1,-0.1,-0.1087,0.014,-0.136,-0.0812,1,1,1.16975723241009,1.2374,0.0937,1.0675,1.4343,1,1,0.818364051334181,0.9075,0.0708,0.7798,1.0575,1,1,1.77224917802126,1.8172,0.1331,1.5782,2.1001,1,1,1.22554713982381,1.2772,0.0946,1.1058,1.4771,1,1,1.92749400743346,1.9576,0.1426,1.7011,2.2587,1,1,1.39038469211727,1.4834,0.1096,1.2865,1.7133,1,1,1.96107469695758,2.0223,0.1474,1.7567,2.3333,1,1,1.44296594681151,1.4134,0.105,1.2252,1.6367,1,1,1.97661392972742,2.0566,0.1509,1.7875,2.3791,1,1,1.46479650840188,1.4652,0.1085,1.2694,1.6964,1,1,0.1,0.0788,0.0139,0.0531,0.1071,1,1,0.1,0.128,0.0153,0.0997,0.1598,1,1,0.1,0.1033,0.014,0.0768,0.1319,1,1,0.1,0.0835,0.0139,0.0574,0.1115,1,1,1,1.0228,0.015,0.9937,1.0527,1,1,1,0.9876,0.0146,0.9594,1.0165,1,1,0.3,0.3131,0.0109,0.2917,0.3346,1,1,0.3,0.3131,0.0109,0.2917,0.3346,1,1
62,3.38008587561722,3.4216,0.1208,3.1825,3.6581,1,1,2.6490919557642,2.7217,0.0948,2.5346,2.9063,1,1,6.5592497625802,6.7086,0.1788,6.3562,7.0578,1,1,4.79549474076678,4.9342,0.144,4.6531,5.215,1,1,8.41991048086296,8.6544,0.1791,8.3021,9.0057,1,1,6.27213639876793,6.4218,0.1559,6.1187,6.7302,1,1,9.29394031721092,9.5597,0.1752,9.2139,9.9035,1,1,7.10490577112262,7.2522,0.1678,6.9214,7.5817,1,1,9.68083248283218,10.0445,0.1755,9.6977,10.3885,0,1,7.54002818053297,7.6863,0.1634,7.3631,8.0062,1,1,0.3,0.2773,0.0163,0.2456,0.3094,1,1,0.2,0.1913,0.0151,0.1616,0.2212,1,1,-0.15,-0.1467,0.0152,-0.1763,-0.1171,1,1,-0.1,-0.103,0.0144,-0.1312,-0.075,1,1,1.16975723241009,1.1579,0.0879,0.9994,1.3439,1,1,0.818364051334181,0.9024,0.0703,0.7753,1.05,1,1,1.77224917802126,1.7641,0.1294,1.5318,2.0362,1,1,1.22554713982381,1.415,0.1049,1.2271,1.6379,0,1,1.92749400743346,1.7615,0.1291,1.5291,2.036,1,1,1.39038469211727,1.5337,0.1125,1.3326,1.7725,1,1,1.96107469695758,1.7272,0.1272,1.5007,1.9974,1,1,1.44296594681151,1.6503,0.1198,1.4343,1.9044,1,1,1.97661392972742,1.7133,0.1253,1.4877,1.978,1,1,1.46479650840188,1.6109,0.1181,1.3988,1.8618,1,1,0.1,0.117,0.0149,0.089,0.1474,1,1,0.1,0.1004,0.0145,0.0733,0.1299,1,1,0.1,0.105,0.0146,0.0776,0.1349,1,1,0.1,0.0931,0.0145,0.0651,0.1224,1,1,1,0.9961,0.0147,0.9678,1.0253,1,1,1,0.9999,0.0147,0.9716,1.0292,1,1,0.3,0.298,0.0108,0.2768,0.3194,1,1,0.3,0.298,0.0108,0.2768,0.3194,1,1
63,3.38008587561722,3.3219,0.1197,3.0871,3.5562,1,1,2.6490919557642,2.6785,0.0978,2.486,2.8716,1,1,6.5592497625802,6.496,0.1733,6.1559,6.8363,1,1,4.79549474076678,4.821,0.1287,4.5692,5.0733,1,1,8.41991048086296,8.403,0.1918,8.0226,8.777,1,1,6.27213639876793,6.2894,0.1467,6.0013,6.5751,1,1,9.29394031721092,9.3206,0.2046,8.9183,9.7199,1,1,7.10490577112262,7.0544,0.1451,6.7695,7.3384,1,1,9.68083248283218,9.7101,0.2041,9.3063,10.1091,1,1,7.54002818053297,7.5563,0.1502,7.2617,7.8516,1,1,0.3,0.3217,0.015,0.2921,0.3508,1,1,0.2,0.2192,0.0145,0.1907,0.2476,1,1,-0.15,-0.1495,0.0142,-0.1772,-0.1217,1,1,-0.1,-0.0839,0.0152,-0.1137,-0.0544,1,1,1.16975723241009,1.1483,0.0881,0.989,1.3338,1,1,0.818364051334181,0.9338,0.0723,0.8032,1.0873,1,1,1.77224917802126,1.7095,0.1254,1.4847,1.9754,1,1,1.22554713982381,1.2562,0.0934,1.0898,1.4571,1,1,1.92749400743346,1.882,0.138,1.6357,2.1745,1,1,1.39038469211727,1.4285,0.1055,1.2393,1.6498,1,1,1.96107469695758,2.0161,0.1471,1.7522,2.3253,1,1,1.44296594681151,1.4193,0.1054,1.2307,1.6439,1,1,1.97661392972742,2.0174,0.1477,1.7523,2.3331,1,1,1.46479650840188,1.4701,0.1087,1.2753,1.6995,1,1,0.1,0.0964,0.0144,0.0695,0.1258,1,1,0.1,0.0909,0.0144,0.0635,0.1199,1,1,0.1,0.0885,0.0143,0.0616,0.1179,1,1,0.1,0.1074,0.0144,0.0806,0.137,1,1,1,0.9797,0.0144,0.9516,1.0083,1,1,1,1.005,0.0148,0.9767,1.0345,1,1,0.3,0.2993,0.0107,0.2786,0.3207,1,1,0.3,0.2993,0.0107,0.2786,0.3207,1,1
64,3.38008587561722,3.5545,0.133,3.2929,3.8144,1,1,2.6490919557642,2.5824,0.0811,2.4238,2.7423,1,1,6.5592497625802,6.6395,0.1932,6.2609,7.0213,1,1,4.79549474076678,4.8126,0.1184,4.5775,5.0451,1,1,8.41991048086296,8.4623,0.2142,8.0379,8.88,1,1,6.27213639876793,6.3087,0.1375,6.0381,6.5804,1,1,9.29394031721092,9.3458,0.2078,8.9354,9.7553,1,1,7.10490577112262,7.186,0.1466,6.8981,7.474,1,1,9.68083248283218,9.685,0.2142,9.2602,10.1053,1,1,7.54002818053297,7.6403,0.1494,7.3471,7.9345,1,1,0.3,0.3039,0.015,0.2746,0.3334,1,1,0.2,0.1908,0.0155,0.1601,0.2213,1,1,-0.15,-0.1477,0.0145,-0.1761,-0.119,1,1,-0.1,-0.1122,0.0156,-0.1428,-0.0817,1,1,1.16975723241009,1.2818,0.0966,1.1079,1.4839,1,1,0.818364051334181,0.7614,0.061,0.6514,0.8914,1,1,1.77224917802126,1.9036,0.1393,1.6543,2.1974,1,1,1.22554713982381,1.1554,0.0867,1,1.3408,1,1,1.92749400743346,2.1133,0.1533,1.8384,2.4388,1,1,1.39038469211727,1.3326,0.0987,1.1549,1.5409,1,1,1.96107469695758,2.0484,0.1494,1.7811,2.3638,1,1,1.44296594681151,1.4359,0.1062,1.2456,1.6608,1,1,1.97661392972742,2.1168,0.1555,1.8381,2.4475,1,1,1.46479650840188,1.4606,0.108,1.2678,1.6905,1,1,0.1,0.0961,0.0145,0.0689,0.1258,1,1,0.1,0.1057,0.0149,0.0777,0.1359,1,1,0.1,0.0956,0.0146,0.0681,0.1253,1,1,0.1,0.1106,0.0145,0.0835,0.1405,1,1,1,0.992,0.0146,0.9639,1.0209,1,1,1,1.0087,0.0148,0.9802,1.0381,1,1,0.3,0.3112,0.0108,0.2899,0.3325,1,1,0.3,0.3112,0.0108,0.2899,0.3325,1,1
65,3.38008587561722,3.3383,0.1282,3.0834,3.5899,1,1,2.6490919557642,2.6355,0.0935,2.4516,2.8194,1,1,6.5592497625802,6.489,0.1862,6.1234,6.8534,1,1,4.79549474076678,4.7673,0.1292,4.515,5.0216,1,1,8.41991048086296,8.3645,0.2053,7.9606,8.7666,1,1,6.27213639876793,6.217,0.1561,5.9122,6.5238,1,1,9.29394031721092,9.2821,0.2012,8.8873,9.6725,1,1,7.10490577112262,7.1389,0.1661,6.8145,7.4666,1,1,9.68083248283218,9.6276,0.2074,9.2236,10.0331,1,1,7.54002818053297,7.4563,0.1637,7.1343,7.7766,1,1,0.3,0.2978,0.0138,0.2708,0.3246,1,1,0.2,0.2007,0.0152,0.171,0.2304,1,1,-0.15,-0.1526,0.0151,-0.1826,-0.123,1,1,-0.1,-0.106,0.0148,-0.1348,-0.077,1,1,1.16975723241009,1.2408,0.0938,1.0722,1.4382,1,1,0.818364051334181,0.8889,0.0695,0.7634,1.0361,1,1,1.77224917802126,1.8378,0.1345,1.5962,2.1241,1,1,1.22554713982381,1.2568,0.0934,1.0894,1.4542,1,1,1.92749400743346,2.0256,0.1474,1.7604,2.339,1,1,1.39038469211727,1.527,0.1118,1.3251,1.7639,1,1,1.96107469695758,1.9944,0.1455,1.7331,2.302,1,1,1.44296594681151,1.6245,0.1183,1.4109,1.8753,1,1,1.97661392972742,2.049,0.1495,1.7814,2.3655,1,1,1.46479650840188,1.606,0.118,1.3939,1.8591,1,1,0.1,0.078,0.0138,0.0528,0.1069,1,1,0.1,0.0998,0.0145,0.0726,0.1295,1,1,0.1,0.1042,0.0145,0.0769,0.134,1,1,0.1,0.0993,0.0147,0.0719,0.1292,1,1,1,0.9966,0.0147,0.9684,1.0262,1,1,1,1.0012,0.0148,0.9728,1.0307,1,1,0.3,0.3011,0.0109,0.2802,0.3226,1,1,0.3,0.3011,0.0109,0.2802,0.3226,1,1
66,3.38008587561722,3.4758,0.1337,3.2122,3.7386,1,1,2.6490919557642,2.6731,0.0805,2.5159,2.8316,1,1,6.5592497625802,6.6448,0.1907,6.268,7.0196,1,1,4.79549474076678,4.7513,0.1256,4.5035,4.9975,1,1,8.41991048086296,8.448,0.2072,8.0411,8.8549,1,1,6.27213639876793,6.1995,0.1352,5.9327,6.4661,1,1,9.29394031721092,9.3066,0.2065,8.9014,9.7127,1,1,7.10490577112262,7.0179,0.1466,6.7308,7.306,1,1,9.68083248283218,9.6984,0.2162,9.277,10.1208,1,1,7.54002818053297,7.4697,0.1442,7.1857,7.7517,1,1,0.3,0.3088,0.0147,0.2801,0.3377,1,1,0.2,0.2051,0.0157,0.1744,0.2359,1,1,-0.15,-0.1506,0.0138,-0.1779,-0.1238,1,1,-0.1,-0.0718,0.0151,-0.1016,-0.0425,1,1,1.16975723241009,1.296,0.0974,1.122,1.5016,1,1,0.818364051334181,0.751,0.0609,0.642,0.8806,1,1,1.77224917802126,1.8662,0.1365,1.6208,2.1549,1,1,1.22554713982381,1.2157,0.091,1.0522,1.4071,1,1,1.92749400743346,2.0426,0.1491,1.7761,2.3587,1,1,1.39038469211727,1.3231,0.0986,1.146,1.5326,1,1,1.96107469695758,2.0253,0.1484,1.7601,2.3424,1,1,1.44296594681151,1.4179,0.1057,1.2301,1.6425,1,1,1.97661392972742,2.1374,0.1553,1.8602,2.4643,1,1,1.46479650840188,1.4159,0.1044,1.2296,1.6397,1,1,0.1,0.0919,0.0147,0.0641,0.1217,1,1,0.1,0.108,0.0149,0.0802,0.1388,1,1,0.1,0.0849,0.0138,0.0593,0.1134,1,1,0.1,0.1035,0.0144,0.0764,0.1329,1,1,1,0.9871,0.0145,0.9591,1.0159,1,1,1,0.9825,0.0144,0.955,1.0113,1,1,0.3,0.3062,0.0108,0.2855,0.3276,1,1,0.3,0.3062,0.0108,0.2855,0.3276,1,1
67,3.38008587561722,3.5436,0.1255,3.2963,3.7892,1,1,2.6490919557642,2.6612,0.0817,2.502,2.8215,1,1,6.5592497625802,6.7947,0.1673,6.4628,7.1238,1,1,4.79549474076678,4.8225,0.1302,4.5655,5.0763,1,1,8.41991048086296,8.6659,0.1735,8.3227,9.0072,1,1,6.27213639876793,6.3194,0.153,6.017,6.6197,1,1,9.29394031721092,9.4754,0.1715,9.1394,9.8158,1,1,7.10490577112262,7.0794,0.1637,6.7581,7.4003,1,1,9.68083248283218,9.8057,0.1723,9.4692,10.1433,1,1,7.54002818053297,7.4718,0.1673,7.1405,7.796,1,1,0.3,0.2856,0.0162,0.2539,0.3172,1,1,0.2,0.2143,0.015,0.1847,0.2436,1,1,-0.15,-0.1418,0.0152,-0.1713,-0.1116,1,1,-0.1,-0.1012,0.015,-0.1303,-0.0718,1,1,1.16975723241009,1.203,0.0911,1.0389,1.3945,1,1,0.818364051334181,0.7639,0.0617,0.6526,0.895,1,1,1.77224917802126,1.6427,0.1205,1.4257,1.8972,1,1,1.22554713982381,1.2591,0.0943,1.0895,1.4589,1,1,1.92749400743346,1.71,0.126,1.4844,1.9763,1,1,1.39038469211727,1.5048,0.1108,1.3055,1.7396,1,1,1.96107469695758,1.6862,0.1243,1.4621,1.9485,0,1,1.44296594681151,1.6115,0.1176,1.3995,1.8609,1,1,1.97661392972742,1.687,0.1236,1.4645,1.9483,0,1,1.46479650840188,1.6466,0.1206,1.4312,1.9049,1,1,0.1,0.1156,0.0149,0.0878,0.1459,1,1,0.1,0.0983,0.0143,0.0715,0.1272,1,1,0.1,0.106,0.0142,0.0794,0.1354,1,1,0.1,0.1032,0.0143,0.0765,0.1326,1,1,1,0.9802,0.0144,0.9521,1.0089,1,1,1,0.9924,0.0146,0.9642,1.0215,1,1,0.3,0.2881,0.0107,0.2673,0.3093,1,1,0.3,0.2881,0.0107,0.2673,0.3093,1,1
68,3.38008587561722,3.4834,0.121,3.2461,3.7186,1,1,2.6490919557642,2.7239,0.0925,2.5426,2.906,1,1,6.5592497625802,6.6734,0.1735,6.3334,7.0149,1,1,4.79549474076678,4.8233,0.1271,4.5742,5.0728,1,1,8.41991048086296,8.5243,0.1942,8.1432,8.9046,1,1,6.27213639876793,6.322,0.1461,6.036,6.6093,1,1,9.29394031721092,9.3766,0.2097,8.9632,9.7876,1,1,7.10490577112262,7.0791,0.1426,6.8,7.3578,1,1,9.68083248283218,9.7056,0.1963,9.323,10.0917,1,1,7.54002818053297,7.6376,0.1551,7.3323,7.9418,1,1,0.3,0.2801,0.0161,0.2483,0.3115,1,1,0.2,0.2029,0.0143,0.1748,0.2307,1,1,-0.15,-0.1471,0.0147,-0.1755,-0.1182,1,1,-0.1,-0.1079,0.0132,-0.1338,-0.0821,1,1,1.16975723241009,1.1674,0.089,1.007,1.3561,1,1,0.818364051334181,0.8754,0.0682,0.7524,1.0203,1,1,1.77224917802126,1.7043,0.1247,1.4801,1.9698,1,1,1.22554713982381,1.2457,0.0928,1.0796,1.4431,1,1,1.92749400743346,1.9135,0.1395,1.6622,2.211,1,1,1.39038469211727,1.4318,0.1058,1.2424,1.6556,1,1,1.96107469695758,2.069,0.1505,1.7995,2.3861,1,1,1.44296594681151,1.3928,0.1033,1.2057,1.612,1,1,1.97661392972742,1.9455,0.143,1.6918,2.2513,1,1,1.46479650840188,1.5149,0.1116,1.3141,1.7508,1,1,0.1,0.1146,0.0152,0.0864,0.1462,1,1,0.1,0.0897,0.0141,0.0628,0.118,1,1,0.1,0.0982,0.0139,0.0721,0.1267,1,1,0.1,0.0758,0.0135,0.0505,0.1036,1,1,1,1.0077,0.0148,0.9789,1.0371,1,1,1,0.9973,0.0146,0.9688,1.0263,1,1,0.3,0.3053,0.0109,0.2839,0.3265,1,1,0.3,0.3053,0.0109,0.2839,0.3265,1,1
69,3.38008587561722,3.4103,0.1258,3.1618,3.6581,1,1,2.6490919557642,2.5746,0.0933,2.3921,2.7591,1,1,6.5592497625802,6.5492,0.1963,6.1648,6.9358,1,1,4.79549474076678,4.7006,0.1224,4.4594,4.9397,1,1,8.41991048086296,8.4116,0.2106,7.9961,8.8221,1,1,6.27213639876793,6.1736,0.1328,5.9115,6.4334,1,1,9.29394031721092,9.3316,0.2113,8.9173,9.7478,1,1,7.10490577112262,6.9357,0.1321,6.6762,7.193,1,1,9.68083248283218,9.733,0.2098,9.3205,10.1411,1,1,7.54002818053297,7.2978,0.1345,7.031,7.5594,1,1,0.3,0.2912,0.0147,0.2625,0.3199,1,1,0.2,0.1886,0.0151,0.1591,0.218,1,1,-0.15,-0.1862,0.0147,-0.2151,-0.1572,0,1,-0.1,-0.124,0.0149,-0.153,-0.0948,1,1,1.16975723241009,1.2095,0.092,1.0435,1.404,1,1,0.818364051334181,0.8915,0.0695,0.7661,1.0396,1,1,1.77224917802126,1.9343,0.1419,1.6801,2.2354,1,1,1.22554713982381,1.1857,0.0885,1.0249,1.3736,1,1,1.92749400743346,2.0854,0.1526,1.8126,2.4104,1,1,1.39038469211727,1.2888,0.0957,1.1175,1.4909,1,1,1.96107469695758,2.0822,0.1515,1.8111,2.402,1,1,1.44296594681151,1.2909,0.096,1.1183,1.4932,1,1,1.97661392972742,2.0776,0.1515,1.8063,2.3976,1,1,1.46479650840188,1.3061,0.0973,1.1308,1.5124,1,1,0.1,0.0909,0.0144,0.0638,0.12,1,1,0.1,0.0992,0.0142,0.0726,0.1285,1,1,0.1,0.0963,0.0142,0.0695,0.1253,1,1,0.1,0.1019,0.0141,0.0754,0.1307,1,1,1,0.9884,0.0145,0.9602,1.0171,1,1,1,1.0051,0.0148,0.9765,1.0346,1,1,0.3,0.3048,0.0108,0.2838,0.3261,1,1,0.3,0.3048,0.0108,0.2838,0.3261,1,1
70,3.38008587561722,3.4085,0.1311,3.1521,3.6697,1,1,2.6490919557642,2.5556,0.0741,2.4104,2.7006,1,1,6.5592497625802,6.4499,0.1763,6.1039,6.7945,1,1,4.79549474076678,4.762,0.1133,4.5404,4.9835,1,1,8.41991048086296,8.3362,0.1836,7.9758,8.698,1,1,6.27213639876793,6.2381,0.1337,5.9767,6.4993,1,1,9.29394031721092,9.2023,0.1879,8.8324,9.5685,1,1,7.10490577112262,7.099,0.1343,6.836,7.3633,1,1,9.68083248283218,9.5548,0.1727,9.215,9.8915,1,1,7.54002818053297,7.4252,0.1372,7.1548,7.6936,1,1,0.3,0.2849,0.0155,0.2543,0.3152,1,1,0.2,0.2217,0.0145,0.1932,0.2504,1,1,-0.15,-0.1534,0.014,-0.181,-0.126,1,1,-0.1,-0.0912,0.0133,-0.1172,-0.0655,1,1,1.16975723241009,1.2728,0.0951,1.1023,1.4755,1,1,0.818364051334181,0.6809,0.0565,0.5783,0.8009,0,1,1.77224917802126,1.7384,0.1273,1.5107,2.0088,1,1,1.22554713982381,1.0984,0.0837,0.947,1.2762,1,1,1.92749400743346,1.8127,0.1329,1.5739,2.0955,1,1,1.39038469211727,1.2939,0.0965,1.1194,1.5,1,1,1.96107469695758,1.852,0.1351,1.6095,2.138,1,1,1.44296594681151,1.3119,0.0975,1.1357,1.5187,1,1,1.97661392972742,1.6855,0.1244,1.4646,1.946,0,1,1.46479650840188,1.3355,0.0999,1.1556,1.5476,1,1,0.1,0.1034,0.0151,0.0749,0.1345,1,1,0.1,0.0919,0.0146,0.0645,0.1217,1,1,0.1,0.0862,0.0141,0.0595,0.1146,1,1,0.1,0.0776,0.0133,0.0528,0.1053,1,1,1,0.9924,0.0146,0.9639,1.0214,1,1,1,1.0177,0.015,0.9888,1.0475,1,1,0.3,0.3039,0.0108,0.283,0.3253,1,1,0.3,0.3039,0.0108,0.283,0.3253,1,1
71,3.38008587561722,3.2499,0.1181,3.0189,3.4814,1,1,2.6490919557642,2.7122,0.0903,2.5353,2.8907,1,1,6.5592497625802,6.4886,0.1827,6.1281,6.8462,1,1,4.79549474076678,4.8341,0.1209,4.5948,5.0686,1,1,8.41991048086296,8.3612,0.2028,7.9618,8.7642,1,1,6.27213639876793,6.3717,0.1437,6.0877,6.6555,1,1,9.29394031721092,9.3605,0.2086,8.9476,9.771,1,1,7.10490577112262,7.2572,0.1472,6.9675,7.5474,1,1,9.68083248283218,9.6989,0.2111,9.2818,10.1104,1,1,7.54002818053297,7.6707,0.1489,7.3778,7.9618,1,1,0.3,0.3379,0.0158,0.3067,0.3692,0,1,0.2,0.1953,0.0154,0.1652,0.2258,1,1,-0.15,-0.1299,0.0146,-0.1585,-0.1011,1,1,-0.1,-0.1104,0.0152,-0.1402,-0.0804,1,1,1.16975723241009,1.1335,0.0878,0.9749,1.3199,1,1,0.818364051334181,0.8555,0.0671,0.7346,0.9966,1,1,1.77224917802126,1.7923,0.1325,1.5555,2.0768,1,1,1.22554713982381,1.1711,0.0876,1.012,1.356,1,1,1.92749400743346,1.9972,0.147,1.7358,2.3079,1,1,1.39038469211727,1.3999,0.1036,1.2136,1.6208,1,1,1.96107469695758,2.0521,0.1499,1.7818,2.3692,1,1,1.44296594681151,1.4429,0.1069,1.2529,1.6709,1,1,1.97661392972742,2.0831,0.1529,1.8082,2.4068,1,1,1.46479650840188,1.4556,0.1077,1.2634,1.6849,1,1,0.1,0.1111,0.0145,0.0843,0.1409,1,1,0.1,0.1034,0.0145,0.0764,0.1332,1,1,0.1,0.0983,0.0141,0.0717,0.1272,1,1,0.1,0.1038,0.015,0.0756,0.1345,1,1,1,1.0193,0.015,0.9903,1.0492,1,1,1,1.0135,0.0149,0.9847,1.0433,1,1,0.3,0.3058,0.011,0.2843,0.3272,1,1,0.3,0.3058,0.011,0.2843,0.3272,1,1
72,3.38008587561722,3.4154,0.1259,3.1667,3.6613,1,1,2.6490919557642,2.5663,0.0866,2.397,2.7373,1,1,6.5592497625802,6.6076,0.1865,6.2449,6.9722,1,1,4.79549474076678,4.7819,0.1304,4.5266,5.0412,1,1,8.41991048086296,8.4125,0.189,8.0418,8.7833,1,1,6.27213639876793,6.2836,0.1537,5.9838,6.5865,1,1,9.29394031721092,9.2157,0.1941,8.8339,9.5962,1,1,7.10490577112262,7.1753,0.1568,6.866,7.4846,1,1,9.68083248283218,9.5462,0.1924,9.1666,9.9216,1,1,7.54002818053297,7.6492,0.1553,7.3457,7.9544,1,1,0.3,0.319,0.0142,0.2912,0.3468,1,1,0.2,0.2049,0.0152,0.175,0.2346,1,1,-0.15,-0.1551,0.0154,-0.1856,-0.1249,1,1,-0.1,-0.0825,0.0153,-0.1126,-0.0522,1,1,1.16975723241009,1.2169,0.0929,1.0495,1.4143,1,1,0.818364051334181,0.8191,0.0648,0.7024,0.9548,1,1,1.77224917802126,1.8316,0.1344,1.5889,2.1154,1,1,1.22554713982381,1.2739,0.0953,1.1023,1.4739,1,1,1.92749400743346,1.8565,0.1361,1.6136,2.1471,1,1,1.39038469211727,1.5119,0.1115,1.3119,1.7481,1,1,1.96107469695758,1.9066,0.1396,1.6555,2.2046,1,1,1.44296594681151,1.5432,0.1141,1.3392,1.7877,1,1,1.97661392972742,1.895,0.1395,1.6434,2.1882,1,1,1.46479650840188,1.5252,0.1128,1.3229,1.7619,1,1,0.1,0.0839,0.0142,0.0574,0.1125,1,1,0.1,0.1026,0.0145,0.0753,0.1323,1,1,0.1,0.1081,0.0146,0.0806,0.1378,1,1,0.1,0.1076,0.0144,0.0807,0.1371,1,1,1,0.9807,0.0145,0.9528,1.0094,1,1,1,0.9967,0.0147,0.9685,1.0257,1,1,0.3,0.2999,0.0107,0.2792,0.3211,1,1,0.3,0.2999,0.0107,0.2792,0.3211,1,1
73,3.38008587561722,3.4088,0.1158,3.1819,3.6359,1,1,2.6490919557642,2.6306,0.0864,2.4623,2.8014,1,1,6.5592497625802,6.5753,0.1753,6.2284,6.9166,1,1,4.79549474076678,4.7512,0.1227,4.5106,4.9906,1,1,8.41991048086296,8.4955,0.191,8.1204,8.8695,1,1,6.27213639876793,6.2027,0.1395,5.9328,6.4767,1,1,9.29394031721092,9.359,0.1946,8.9751,9.7376,1,1,7.10490577112262,6.9994,0.1386,6.7276,7.2737,1,1,9.68083248283218,9.7156,0.1918,9.34,10.0914,1,1,7.54002818053297,7.4334,0.1432,7.1495,7.7148,1,1,0.3,0.3032,0.0156,0.2726,0.3335,1,1,0.2,0.2111,0.0152,0.1813,0.2409,1,1,-0.15,-0.1312,0.0168,-0.164,-0.0982,1,1,-0.1,-0.1265,0.0141,-0.154,-0.099,1,1,1.16975723241009,1.1072,0.0854,0.9527,1.2885,1,1,0.818364051334181,0.814,0.065,0.6958,0.9502,1,1,1.77224917802126,1.7175,0.1265,1.4911,1.985,1,1,1.22554713982381,1.1851,0.0889,1.0247,1.3732,1,1,1.92749400743346,1.8752,0.1376,1.6273,2.1662,1,1,1.39038469211727,1.3542,0.1007,1.1728,1.5653,1,1,1.96107469695758,1.9106,0.1394,1.6617,2.2065,1,1,1.44296594681151,1.3462,0.1005,1.1667,1.5601,1,1,1.97661392972742,1.8936,0.1385,1.6471,2.1877,1,1,1.46479650840188,1.4034,0.1037,1.2176,1.6239,1,1,0.1,0.1053,0.0146,0.0781,0.1353,1,1,0.1,0.1014,0.0145,0.0741,0.1313,1,1,0.1,0.1259,0.015,0.098,0.1566,1,1,0.1,0.0856,0.014,0.0592,0.114,1,1,1,1.0339,0.0153,1.0042,1.064,0,1,1,1.0355,0.0153,1.006,1.0661,0,1,0.3,0.3101,0.0112,0.2882,0.3322,1,1,0.3,0.3101,0.0112,0.2882,0.3322,1,1
74,3.38008587561722,3.1918,0.1133,2.9695,3.4125,1,1,2.6490919557642,2.5872,0.0845,2.4216,2.7521,1,1,6.5592497625802,6.1652,0.1564,5.8567,6.4724,0,1,4.79549474076678,4.6602,0.1138,4.4372,4.8855,1,1,8.41991048086296,8,0.1695,7.6691,8.3339,0,1,6.27213639876793,6.0881,0.1221,5.8484,6.3293,1,1,9.29394031721092,8.9093,0.1748,8.5658,9.2533,0,1,7.10490577112262,6.8788,0.137,6.6113,7.147,1,1,9.68083248283218,9.199,0.1838,8.8397,9.5597,0,1,7.54002818053297,7.274,0.1337,7.0118,7.5344,0,1,0.3,0.3131,0.0166,0.2801,0.3455,1,1,0.2,0.2031,0.0141,0.175,0.2305,1,1,-0.15,-0.1384,0.0149,-0.1676,-0.1089,1,1,-0.1,-0.1009,0.0157,-0.1317,-0.0698,1,1,1.16975723241009,1.0769,0.0837,0.9262,1.254,1,1,0.818364051334181,0.7909,0.063,0.6775,0.9252,1,1,1.77224917802126,1.5215,0.114,1.3175,1.765,0,1,1.22554713982381,1.0976,0.0827,0.9486,1.2731,1,1,1.92749400743346,1.6624,0.1231,1.4424,1.9252,0,1,1.39038469211727,1.1907,0.089,1.0309,1.3798,0,1,1.96107469695758,1.7214,0.1274,1.4929,1.992,1,1,1.44296594681151,1.3392,0.1,1.1618,1.5523,1,1,1.97661392972742,1.8103,0.1331,1.5705,2.0903,1,1,1.46479650840188,1.3111,0.0974,1.1374,1.5184,1,1,0.1,0.1233,0.0152,0.0948,0.1546,1,1,0.1,0.084,0.014,0.0581,0.113,1,1,0.1,0.1018,0.0143,0.0747,0.1313,1,1,0.1,0.1129,0.0146,0.0857,0.1428,1,1,1,1.0031,0.0148,0.9747,1.0326,1,1,1,1.0037,0.0149,0.9752,1.0336,1,1,0.3,0.3012,0.0109,0.2799,0.3227,1,1,0.3,0.3012,0.0109,0.2799,0.3227,1,1
75,3.38008587561722,3.3697,0.1183,3.1373,3.6014,1,1,2.6490919557642,2.5074,0.0819,2.3474,2.6684,1,1,6.5592497625802,6.5321,0.1813,6.1754,6.8869,1,1,4.79549474076678,4.6864,0.116,4.4568,4.9138,1,1,8.41991048086296,8.3264,0.1963,7.9415,8.7104,1,1,6.27213639876793,6.1657,0.1282,5.9137,6.4186,1,1,9.29394031721092,9.2125,0.2057,8.8075,9.6165,1,1,7.10490577112262,6.9808,0.1354,6.7143,7.2461,1,1,9.68083248283218,9.6133,0.2074,9.2053,10.018,1,1,7.54002818053297,7.3813,0.1358,7.1144,7.6479,1,1,0.3,0.3074,0.0146,0.2789,0.3362,1,1,0.2,0.2129,0.0157,0.1824,0.2442,1,1,-0.15,-0.1442,0.015,-0.1733,-0.1145,1,1,-0.1,-0.0947,0.0147,-0.1233,-0.0659,1,1,1.16975723241009,1.1358,0.0864,0.9799,1.3198,1,1,0.818364051334181,0.7626,0.062,0.6502,0.8939,1,1,1.77224917802126,1.7883,0.1313,1.552,2.0672,1,1,1.22554713982381,1.1172,0.0852,0.9652,1.298,1,1,1.92749400743346,1.9268,0.1401,1.6765,2.2241,1,1,1.39038469211727,1.2356,0.0933,1.0685,1.4343,1,1,1.96107469695758,2.0276,0.148,1.7635,2.3425,1,1,1.44296594681151,1.3195,0.0987,1.1431,1.528,1,1,1.97661392972742,2.0498,0.1494,1.783,2.365,1,1,1.46479650840188,1.3178,0.0979,1.1421,1.5256,1,1,0.1,0.0897,0.0143,0.0632,0.1193,1,1,0.1,0.1091,0.0146,0.082,0.139,1,1,0.1,0.1011,0.0143,0.0743,0.1306,1,1,0.1,0.098,0.0141,0.0715,0.127,1,1,1,0.9977,0.0147,0.9694,1.0271,1,1,1,1.0301,0.0153,1.0008,1.0606,0,1,0.3,0.298,0.011,0.2771,0.3201,1,1,0.3,0.298,0.011,0.2771,0.3201,1,1
76,3.38008587561722,3.363,0.1285,3.1135,3.6155,1,1,2.6490919557642,2.7681,0.0981,2.5748,2.9608,1,1,6.5592497625802,6.3919,0.1729,6.0559,6.7332,1,1,4.79549474076678,5.0145,0.1316,4.7549,5.2721,1,1,8.41991048086296,8.1142,0.1738,7.7732,8.4543,1,1,6.27213639876793,6.5001,0.1444,6.2173,6.7826,1,1,9.29394031721092,8.9683,0.1692,8.6369,9.3024,1,1,7.10490577112262,7.3107,0.1484,7.0167,7.6011,1,1,9.68083248283218,9.3577,0.1592,9.0413,9.669,0,1,7.54002818053297,7.7171,0.1457,7.4323,8.0036,1,1,0.3,0.2928,0.0159,0.2617,0.3241,1,1,0.2,0.2174,0.0136,0.191,0.2441,1,1,-0.15,-0.1487,0.0138,-0.1762,-0.1218,1,1,-0.1,-0.0846,0.0158,-0.1154,-0.0532,1,1,1.16975723241009,1.2323,0.0947,1.0625,1.4329,1,1,0.818364051334181,0.9375,0.0728,0.8063,1.0924,1,1,1.77224917802126,1.704,0.1259,1.4794,1.9723,1,1,1.22554713982381,1.2918,0.0962,1.1188,1.495,1,1,1.92749400743346,1.6933,0.1245,1.4688,1.9548,1,1,1.39038469211727,1.4121,0.1045,1.225,1.6326,1,1,1.96107469695758,1.6539,0.1218,1.4338,1.9108,0,1,1.44296594681151,1.4589,0.1079,1.2661,1.687,1,1,1.97661392972742,1.5586,0.1158,1.3505,1.8032,0,1,1.46479650840188,1.4304,0.1054,1.2403,1.6527,1,1,0.1,0.1088,0.0149,0.0805,0.1394,1,1,0.1,0.0749,0.0135,0.05,0.103,1,1,0.1,0.0869,0.0137,0.0611,0.115,1,1,0.1,0.1121,0.0145,0.085,0.1418,1,1,1,1.0071,0.0147,0.9787,1.0362,1,1,1,0.9853,0.0145,0.9576,1.0141,1,1,0.3,0.3054,0.0107,0.2846,0.3266,1,1,0.3,0.3054,0.0107,0.2846,0.3266,1,1
77,3.38008587561722,3.5372,0.1133,3.3137,3.7591,1,1,2.6490919557642,2.6495,0.0841,2.4846,2.8144,1,1,6.5592497625802,6.8334,0.1691,6.5038,7.166,1,1,4.79549474076678,4.8477,0.1172,4.6175,5.0775,1,1,8.41991048086296,8.6391,0.1802,8.2845,8.9926,1,1,6.27213639876793,6.3026,0.1294,6.0493,6.5559,1,1,9.29394031721092,9.3684,0.1833,9.0073,9.7275,1,1,7.10490577112262,7.1486,0.1347,6.8827,7.4116,1,1,9.68083248283218,9.7139,0.185,9.3499,10.0753,1,1,7.54002818053297,7.4581,0.1422,7.1804,7.737,1,1,0.3,0.3025,0.0139,0.2752,0.3299,1,1,0.2,0.2109,0.014,0.183,0.2384,1,1,-0.15,-0.1601,0.0134,-0.1864,-0.1338,1,1,-0.1,-0.1198,0.0148,-0.1487,-0.0906,1,1,1.16975723241009,1.0862,0.0836,0.9358,1.2635,1,1,0.818364051334181,0.7865,0.0626,0.6739,0.9191,1,1,1.77224917802126,1.6548,0.1222,1.436,1.915,1,1,1.22554713982381,1.1351,0.0856,0.9811,1.3158,1,1,1.92749400743346,1.777,0.1304,1.5433,2.0523,1,1,1.39038469211727,1.2685,0.0943,1.0992,1.4683,1,1,1.96107469695758,1.8123,0.1327,1.5736,2.0928,1,1,1.44296594681151,1.3043,0.0974,1.1281,1.5114,1,1,1.97661392972742,1.836,0.1342,1.5951,2.1184,1,1,1.46479650840188,1.3914,0.1033,1.206,1.6108,1,1,0.1,0.0782,0.0137,0.053,0.1063,1,1,0.1,0.0835,0.0142,0.0572,0.1128,1,1,0.1,0.0787,0.0136,0.0536,0.1069,1,1,0.1,0.098,0.0144,0.0709,0.1274,1,1,1,1.009,0.0149,0.9802,1.0386,1,1,1,0.9862,0.0146,0.9583,1.0154,1,1,0.3,0.2967,0.0108,0.2756,0.318,1,1,0.3,0.2967,0.0108,0.2756,0.318,1,1
78,3.38008587561722,3.5426,0.1164,3.3162,3.7731,1,1,2.6490919557642,2.7327,0.0828,2.5711,2.8943,1,1,6.5592497625802,6.8177,0.1651,6.4927,7.1397,1,1,4.79549474076678,5.0225,0.1138,4.8006,5.2467,0,1,8.41991048086296,8.6059,0.1814,8.2496,8.9586,1,1,6.27213639876793,6.5411,0.1268,6.2932,6.7902,0,1,9.29394031721092,9.356,0.1808,9.0036,9.7098,1,1,7.10490577112262,7.285,0.1308,7.0288,7.5419,1,1,9.68083248283218,9.7536,0.1801,9.3985,10.1047,1,1,7.54002818053297,7.7555,0.1386,7.4852,8.0285,1,1,0.3,0.2862,0.0161,0.2546,0.3176,1,1,0.2,0.1819,0.0141,0.1544,0.2095,1,1,-0.15,-0.1574,0.0165,-0.1896,-0.1249,1,1,-0.1,-0.0993,0.0148,-0.1283,-0.0706,1,1,1.16975723241009,1.1133,0.0852,0.9587,1.2925,1,1,0.818364051334181,0.7782,0.0619,0.6671,0.9098,1,1,1.77224917802126,1.6259,0.1203,1.412,1.8841,1,1,1.22554713982381,1.1007,0.0835,0.9509,1.2769,1,1,1.92749400743346,1.7864,0.1311,1.5507,2.064,1,1,1.39038469211727,1.2319,0.0915,1.0691,1.4264,1,1,1.96107469695758,1.7827,0.1313,1.5474,2.0617,1,1,1.44296594681151,1.2835,0.0949,1.1128,1.4851,1,1,1.97661392972742,1.7732,0.1305,1.5382,2.05,1,1,1.46479650840188,1.3465,0.0996,1.167,1.5583,1,1,0.1,0.1127,0.0151,0.0846,0.1436,1,1,0.1,0.0852,0.0142,0.0586,0.1142,1,1,0.1,0.125,0.0149,0.0969,0.1558,1,1,0.1,0.1021,0.0143,0.0752,0.1316,1,1,1,0.9763,0.0144,0.9486,1.0047,1,1,1,0.99,0.0146,0.9618,1.0192,1,1,0.3,0.2728,0.0106,0.2523,0.2939,0,1,0.3,0.2728,0.0106,0.2523,0.2939,0,1
79,3.38008587561722,3.61,0.1305,3.3558,3.8661,1,1,2.6490919557642,2.6681,0.0975,2.4775,2.8612,1,1,6.5592497625802,6.8303,0.1857,6.4657,7.1966,1,1,4.79549474076678,4.7582,0.1468,4.473,5.0481,1,1,8.41991048086296,8.7685,0.1977,8.3834,9.1559,1,1,6.27213639876793,6.2735,0.1632,5.9546,6.5917,1,1,9.29394031721092,9.6003,0.2023,9.204,9.9994,1,1,7.10490577112262,7.0892,0.1614,6.7737,7.4081,1,1,9.68083248283218,9.996,0.2044,9.5906,10.3967,1,1,7.54002818053297,7.5514,0.1686,7.2176,7.8836,1,1,0.3,0.2827,0.0154,0.2523,0.3129,1,1,0.2,0.1852,0.0155,0.1546,0.2158,1,1,-0.15,-0.137,0.0148,-0.1661,-0.1082,1,1,-0.1,-0.0824,0.0141,-0.1098,-0.0545,1,1,1.16975723241009,1.2693,0.0958,1.0967,1.4721,1,1,0.818364051334181,0.9326,0.0723,0.8021,1.0859,1,1,1.77224917802126,1.8261,0.1337,1.5875,2.1128,1,1,1.22554713982381,1.437,0.106,1.2468,1.6611,0,1,1.92749400743346,1.9505,0.1416,1.6947,2.2509,1,1,1.39038469211727,1.6046,0.1171,1.3936,1.8543,0,1,1.96107469695758,1.9898,0.1454,1.7284,2.2999,1,1,1.44296594681151,1.5894,0.1158,1.3805,1.8345,1,1,1.97661392972742,1.9969,0.1456,1.736,2.3065,1,1,1.46479650840188,1.6532,0.121,1.4377,1.91,1,1,0.1,0.1019,0.0148,0.0743,0.1322,1,1,0.1,0.105,0.0145,0.0776,0.1344,1,1,0.1,0.0994,0.0142,0.0729,0.1289,1,1,0.1,0.0887,0.0143,0.0616,0.1177,1,1,1,0.9885,0.0146,0.9602,1.0174,1,1,1,0.9881,0.0145,0.9602,1.0169,1,1,0.3,0.2953,0.0108,0.2744,0.3165,1,1,0.3,0.2953,0.0108,0.2744,0.3165,1,1
80,3.38008587561722,3.341,0.1208,3.105,3.5781,1,1,2.6490919557642,2.6286,0.0769,2.4771,2.7777,1,1,6.5592497625802,6.4984,0.178,6.1489,6.8497,1,1,4.79549474076678,4.684,0.111,4.4672,4.9019,1,1,8.41991048086296,8.2714,0.1897,7.8989,8.6428,1,1,6.27213639876793,6.1619,0.132,5.9049,6.422,1,1,9.29394031721092,9.1726,0.192,8.7949,9.5499,1,1,7.10490577112262,6.9668,0.1465,6.6772,7.253,1,1,9.68083248283218,9.5525,0.1915,9.1791,9.9264,1,1,7.54002818053297,7.4036,0.1392,7.13,7.6767,1,1,0.3,0.3125,0.0143,0.2842,0.3404,1,1,0.2,0.2021,0.0147,0.1732,0.231,1,1,-0.15,-0.151,0.0147,-0.1799,-0.1223,1,1,-0.1,-0.1143,0.0137,-0.1411,-0.0874,1,1,1.16975723241009,1.1605,0.0884,1.0017,1.3467,1,1,0.818364051334181,0.7185,0.0586,0.6127,0.8413,1,1,1.77224917802126,1.745,0.1284,1.514,2.017,1,1,1.22554713982381,1.0784,0.0819,0.9315,1.2517,1,1,1.92749400743346,1.863,0.1369,1.6182,2.1541,1,1,1.39038469211727,1.2844,0.0961,1.1124,1.4886,1,1,1.96107469695758,1.8933,0.1389,1.6438,2.1885,1,1,1.44296594681151,1.4398,0.1059,1.2509,1.6659,1,1,1.97661392972742,1.8795,0.1377,1.6326,2.1683,1,1,1.46479650840188,1.3609,0.1008,1.1795,1.5735,1,1,0.1,0.0869,0.0143,0.0597,0.1162,1,1,0.1,0.0933,0.0144,0.0661,0.1227,1,1,0.1,0.0955,0.0143,0.0689,0.1245,1,1,0.1,0.083,0.0138,0.057,0.1111,1,1,1,0.9921,0.0147,0.9634,1.0214,1,1,1,1.0122,0.0149,0.9836,1.0416,1,1,0.3,0.3031,0.0109,0.2818,0.3245,1,1,0.3,0.3031,0.0109,0.2818,0.3245,1,1
81,3.38008587561722,3.4762,0.1141,3.2531,3.7026,1,1,2.6490919557642,2.7312,0.0878,2.5587,2.9045,1,1,6.5592497625802,6.7089,0.1782,6.3624,7.0604,1,1,4.79549474076678,4.8822,0.1265,4.6328,5.1291,1,1,8.41991048086296,8.6319,0.1955,8.2465,9.0143,1,1,6.27213639876793,6.3338,0.1355,6.0664,6.6011,1,1,9.29394031721092,9.5081,0.2003,9.115,9.9023,1,1,7.10490577112262,7.0831,0.1331,6.82,7.3433,1,1,9.68083248283218,9.8764,0.2023,9.4766,10.2718,1,1,7.54002818053297,7.5783,0.1352,7.3133,7.845,1,1,0.3,0.2913,0.0156,0.2608,0.3221,1,1,0.2,0.1974,0.0147,0.1685,0.2261,1,1,-0.15,-0.1411,0.0146,-0.1699,-0.1126,1,1,-0.1,-0.099,0.015,-0.1284,-0.0695,1,1,1.16975723241009,1.0997,0.085,0.9484,1.2816,1,1,0.818364051334181,0.8323,0.0654,0.7143,0.97,1,1,1.77224917802126,1.7445,0.1274,1.5173,2.0165,1,1,1.22554713982381,1.2327,0.0922,1.066,1.4285,1,1,1.92749400743346,1.9237,0.1397,1.6728,2.2195,1,1,1.39038469211727,1.3145,0.0976,1.1402,1.5227,1,1,1.96107469695758,1.9768,0.1435,1.7194,2.2793,1,1,1.44296594681151,1.2987,0.0967,1.1268,1.5034,1,1,1.97661392972742,1.9932,0.1455,1.7302,2.303,1,1,1.46479650840188,1.3245,0.0984,1.1467,1.5325,1,1,0.1,0.1068,0.0147,0.079,0.1366,1,1,0.1,0.0947,0.0145,0.0674,0.1243,1,1,0.1,0.0997,0.0144,0.0727,0.1293,1,1,0.1,0.1028,0.0141,0.0761,0.1316,1,1,1,0.9949,0.0147,0.9665,1.0239,1,1,1,0.9945,0.0146,0.9659,1.0233,1,1,0.3,0.29,0.0108,0.269,0.3112,1,1,0.3,0.29,0.0108,0.269,0.3112,1,1
82,3.38008587561722,3.3335,0.1227,3.0913,3.5734,1,1,2.6490919557642,2.6621,0.0892,2.4861,2.8376,1,1,6.5592497625802,6.5793,0.1793,6.2263,6.9332,1,1,4.79549474076678,4.8098,0.1268,4.559,5.0574,1,1,8.41991048086296,8.507,0.1929,8.1277,8.8834,1,1,6.27213639876793,6.2446,0.1474,5.9561,6.5349,1,1,9.29394031721092,9.4072,0.2084,8.9952,9.8147,1,1,7.10490577112262,7.0382,0.149,6.7468,7.3312,1,1,9.68083248283218,9.8323,0.2029,9.4316,10.2298,1,1,7.54002818053297,7.4833,0.1474,7.1914,7.771,1,1,0.3,0.2779,0.0161,0.2459,0.3095,1,1,0.2,0.1981,0.0141,0.1707,0.2256,1,1,-0.15,-0.1577,0.0152,-0.1875,-0.1276,1,1,-0.1,-0.1076,0.0136,-0.1344,-0.081,1,1,1.16975723241009,1.1808,0.0902,1.0199,1.3737,1,1,0.818364051334181,0.8415,0.0663,0.721,0.9816,1,1,1.77224917802126,1.7587,0.1282,1.5269,2.0303,1,1,1.22554713982381,1.2342,0.0924,1.0686,1.4313,1,1,1.92749400743346,1.9075,0.139,1.6563,2.2034,1,1,1.39038469211727,1.4363,0.1055,1.2464,1.6612,1,1,1.96107469695758,2.0492,0.1484,1.782,2.3654,1,1,1.44296594681151,1.4634,0.1078,1.2693,1.6917,1,1,1.97661392972742,1.9916,0.1455,1.7325,2.3015,1,1,1.46479650840188,1.4564,0.1073,1.2633,1.6817,1,1,0.1,0.1138,0.0147,0.0864,0.1442,1,1,0.1,0.084,0.0141,0.0576,0.1129,1,1,0.1,0.1063,0.0143,0.0795,0.1357,1,1,0.1,0.0823,0.0135,0.0573,0.1101,1,1,1,1.0105,0.015,0.9815,1.0402,1,1,1,1.0121,0.015,0.9831,1.0418,1,1,0.3,0.3119,0.011,0.2905,0.3334,1,1,0.3,0.3119,0.011,0.2905,0.3334,1,1
83,3.38008587561722,3.517,0.1088,3.303,3.732,1,1,2.6490919557642,2.599,0.089,2.4242,2.7742,1,1,6.5592497625802,6.7675,0.1673,6.4385,7.0937,1,1,4.79549474076678,4.8082,0.1387,4.5344,5.0797,1,1,8.41991048086296,8.6541,0.1829,8.2939,9.0156,1,1,6.27213639876793,6.308,0.1541,6.0061,6.6093,1,1,9.29394031721092,9.4155,0.1844,9.054,9.7812,1,1,7.10490577112262,7.1595,0.1635,6.8369,7.477,1,1,9.68083248283218,9.807,0.1911,9.4313,10.1821,1,1,7.54002818053297,7.5811,0.1657,7.2551,7.9048,1,1,0.3,0.3074,0.0139,0.2804,0.3349,1,1,0.2,0.1889,0.0152,0.1592,0.2186,1,1,-0.15,-0.1565,0.0141,-0.1843,-0.1289,1,1,-0.1,-0.1091,0.0152,-0.1391,-0.0794,1,1,1.16975723241009,1.0377,0.0806,0.8921,1.2081,1,1,0.818364051334181,0.8456,0.0661,0.7262,0.9845,1,1,1.77224917802126,1.6448,0.1216,1.4274,1.9059,1,1,1.22554713982381,1.3597,0.1005,1.1779,1.5726,1,1,1.92749400743346,1.7819,0.1307,1.5469,2.056,1,1,1.39038469211727,1.517,0.1108,1.319,1.7523,1,1,1.96107469695758,1.7984,0.1329,1.5604,2.0837,1,1,1.44296594681151,1.6024,0.1175,1.3911,1.8516,1,1,1.97661392972742,1.8862,0.1378,1.638,2.1782,1,1,1.46479650840188,1.6216,0.1176,1.409,1.8719,1,1,0.1,0.0811,0.0139,0.0552,0.1093,1,1,0.1,0.1009,0.0144,0.0739,0.1303,1,1,0.1,0.0914,0.0141,0.0648,0.1203,1,1,0.1,0.1071,0.0144,0.0802,0.1366,1,1,1,1.0053,0.0148,0.9768,1.0347,1,1,1,0.9808,0.0144,0.9532,1.0094,1,1,0.3,0.2825,0.0107,0.2618,0.3035,1,1,0.3,0.2825,0.0107,0.2618,0.3035,1,1
84,3.38008587561722,3.2274,0.1107,3.0112,3.442,1,1,2.6490919557642,2.6228,0.084,2.4569,2.7865,1,1,6.5592497625802,6.405,0.16,6.0913,6.7208,1,1,4.79549474076678,4.8721,0.1195,4.6376,5.1069,1,1,8.41991048086296,8.2616,0.1802,7.9081,8.6155,1,1,6.27213639876793,6.3258,0.1486,6.0325,6.6164,1,1,9.29394031721092,9.1149,0.1775,8.7668,9.4592,1,1,7.10490577112262,7.1387,0.151,6.8397,7.4317,1,1,9.68083248283218,9.42,0.1828,9.0646,9.7776,1,1,7.54002818053297,7.6152,0.1529,7.3153,7.9161,1,1,0.3,0.2909,0.0139,0.2638,0.3183,1,1,0.2,0.204,0.0154,0.1739,0.2341,1,1,-0.15,-0.1476,0.0162,-0.1792,-0.1159,1,1,-0.1,-0.1017,0.0154,-0.1319,-0.0718,1,1,1.16975723241009,1.0626,0.0817,0.9142,1.2362,1,1,0.818364051334181,0.7901,0.0634,0.675,0.9225,1,1,1.77224917802126,1.5638,0.1154,1.3564,1.8102,1,1,1.22554713982381,1.1599,0.0873,1.003,1.3449,1,1,1.92749400743346,1.7687,0.1293,1.5363,2.0428,1,1,1.39038469211727,1.4556,0.1079,1.263,1.6848,1,1,1.96107469695758,1.7512,0.1286,1.5198,2.0244,1,1,1.44296594681151,1.4836,0.1094,1.2872,1.7156,1,1,1.97661392972742,1.7933,0.1314,1.5585,2.0705,1,1,1.46479650840188,1.5047,0.1104,1.3061,1.739,1,1,0.1,0.0779,0.0139,0.0523,0.1066,1,1,0.1,0.1052,0.015,0.0771,0.1359,1,1,0.1,0.1186,0.015,0.0905,0.1495,1,1,0.1,0.1088,0.0144,0.0819,0.1386,1,1,1,0.9992,0.0146,0.9708,1.0285,1,1,1,1.001,0.0147,0.9726,1.0301,1,1,0.3,0.305,0.0108,0.284,0.3264,1,1,0.3,0.305,0.0108,0.284,0.3264,1,1
85,3.38008587561722,3.4817,0.1092,3.2658,3.695,1,1,2.6490919557642,2.5968,0.0849,2.4305,2.7641,1,1,6.5592497625802,6.5853,0.1629,6.2647,6.9019,1,1,4.79549474076678,4.8048,0.1347,4.5397,5.0704,1,1,8.41991048086296,8.341,0.1919,7.9639,8.7185,1,1,6.27213639876793,6.3213,0.1551,6.0163,6.6287,1,1,9.29394031721092,9.1987,0.198,8.8066,9.5893,1,1,7.10490577112262,7.2723,0.1578,6.9619,7.5811,1,1,9.68083248283218,9.5926,0.2096,9.1784,9.9999,1,1,7.54002818053297,7.6502,0.1633,7.3289,7.9713,1,1,0.3,0.2989,0.0143,0.2712,0.3271,1,1,0.2,0.1823,0.0157,0.1517,0.213,1,1,-0.15,-0.172,0.014,-0.1994,-0.1442,1,1,-0.1,-0.1073,0.0136,-0.1341,-0.0807,1,1,1.16975723241009,1.0384,0.0808,0.8932,1.2106,1,1,0.818364051334181,0.8038,0.064,0.6885,0.9395,1,1,1.77224917802126,1.5821,0.1178,1.3706,1.83,1,1,1.22554713982381,1.3167,0.0972,1.142,1.5209,1,1,1.92749400743346,1.8799,0.1378,1.6329,2.1742,1,1,1.39038469211727,1.5254,0.1121,1.3249,1.7641,1,1,1.96107469695758,1.9539,0.1425,1.6963,2.252,1,1,1.44296594681151,1.5471,0.1125,1.3462,1.7864,1,1,1.97661392972742,2.0689,0.1513,1.8003,2.3928,1,1,1.46479650840188,1.601,0.1173,1.3899,1.85,1,1,0.1,0.0871,0.0145,0.0594,0.1165,1,1,0.1,0.1088,0.0148,0.0812,0.1391,1,1,0.1,0.0907,0.0137,0.0652,0.1184,1,1,0.1,0.0807,0.0135,0.0553,0.1085,1,1,1,1.0029,0.0147,0.9742,1.0318,1,1,1,0.9751,0.0144,0.9474,1.0037,1,1,0.3,0.2848,0.0107,0.264,0.3059,1,1,0.3,0.2848,0.0107,0.264,0.3059,1,1
86,3.38008587561722,3.3891,0.1223,3.1501,3.629,1,1,2.6490919557642,2.6632,0.0855,2.4952,2.8318,1,1,6.5592497625802,6.6022,0.1759,6.2574,6.9479,1,1,4.79549474076678,4.8142,0.1243,4.5688,5.057,1,1,8.41991048086296,8.4921,0.1851,8.1286,8.8551,1,1,6.27213639876793,6.3135,0.1399,6.0376,6.5875,1,1,9.29394031721092,9.3107,0.1836,8.9495,9.672,1,1,7.10490577112262,7.1484,0.1432,6.8661,7.428,1,1,9.68083248283218,9.7483,0.1759,9.4023,10.0927,1,1,7.54002818053297,7.5993,0.1458,7.3131,7.8824,1,1,0.3,0.3219,0.0147,0.2925,0.3507,1,1,0.2,0.2004,0.0133,0.1744,0.2266,1,1,-0.15,-0.1588,0.0144,-0.187,-0.1305,1,1,-0.1,-0.125,0.0153,-0.155,-0.0952,1,1,1.16975723241009,1.1738,0.0899,1.0132,1.3661,1,1,0.818364051334181,0.805,0.064,0.6897,0.9403,1,1,1.77224917802126,1.7255,0.1271,1.4965,1.9959,1,1,1.22554713982381,1.2036,0.0901,1.0439,1.3962,1,1,1.92749400743346,1.8106,0.1333,1.5711,2.0936,1,1,1.39038469211727,1.362,0.1003,1.1808,1.5738,1,1,1.96107469695758,1.8001,0.1327,1.5627,2.0813,1,1,1.44296594681151,1.4095,0.1039,1.2219,1.628,1,1,1.97661392972742,1.7318,0.1288,1.5011,2.0047,1,1,1.46479650840188,1.4301,0.1059,1.2411,1.6555,1,1,0.1,0.0942,0.0146,0.0669,0.1241,1,1,0.1,0.0704,0.0129,0.0471,0.0971,0,1,0.1,0.0989,0.014,0.073,0.1275,1,1,0.1,0.107,0.0146,0.0794,0.1369,1,1,1,1.0059,0.0147,0.9776,1.0351,1,1,1,1,0.0147,0.9715,1.0292,1,1,0.3,0.2963,0.0109,0.2752,0.3176,1,1,0.3,0.2963,0.0109,0.2752,0.3176,1,1
87,3.38008587561722,3.2785,0.1246,3.0322,3.5248,1,1,2.6490919557642,2.5852,0.0763,2.4353,2.7353,1,1,6.5592497625802,6.3223,0.1732,5.9796,6.6607,1,1,4.79549474076678,4.7159,0.1139,4.4924,4.9427,1,1,8.41991048086296,8.1176,0.1888,7.7455,8.4889,1,1,6.27213639876793,6.2101,0.1272,5.96,6.4598,1,1,9.29394031721092,8.906,0.1853,8.5414,9.2664,0,1,7.10490577112262,7.0686,0.1369,6.7985,7.3376,1,1,9.68083248283218,9.2969,0.1951,8.9142,9.6789,0,1,7.54002818053297,7.4659,0.1357,7.1997,7.7325,1,1,0.3,0.2909,0.0162,0.2591,0.3227,1,1,0.2,0.1973,0.0171,0.1639,0.231,1,1,-0.15,-0.1651,0.0148,-0.1939,-0.1359,1,1,-0.1,-0.1017,0.0137,-0.1285,-0.0748,1,1,1.16975723241009,1.2028,0.0916,1.0373,1.3952,1,1,0.818364051334181,0.7079,0.058,0.603,0.8306,1,1,1.77224917802126,1.7125,0.1258,1.4843,1.9782,1,1,1.22554713982381,1.1032,0.0837,0.9537,1.2806,1,1,1.92749400743346,1.8603,0.1364,1.6142,2.1484,1,1,1.39038469211727,1.2404,0.093,1.0746,1.4388,1,1,1.96107469695758,1.8143,0.1324,1.5757,2.0949,1,1,1.44296594681151,1.3382,0.0991,1.159,1.5488,1,1,1.97661392972742,1.9298,0.142,1.6777,2.232,1,1,1.46479650840188,1.3271,0.0983,1.1493,1.5351,1,1,0.1,0.1157,0.015,0.0875,0.1463,1,1,0.1,0.1281,0.015,0.1003,0.1593,0,1,0.1,0.1017,0.0141,0.0752,0.1304,1,1,0.1,0.0865,0.0141,0.0602,0.1153,1,1,1,0.995,0.0145,0.967,1.0244,1,1,1,0.9861,0.0145,0.9579,1.0149,1,1,0.3,0.3028,0.0108,0.2818,0.3241,1,1,0.3,0.3028,0.0108,0.2818,0.3241,1,1
88,3.38008587561722,3.2089,0.1067,2.9984,3.418,1,1,2.6490919557642,2.5866,0.0756,2.438,2.7362,1,1,6.5592497625802,6.2513,0.1689,5.9196,6.5842,1,1,4.79549474076678,4.7414,0.1257,4.4964,4.9911,1,1,8.41991048086296,8.0478,0.1852,7.6864,8.4116,0,1,6.27213639876793,6.2259,0.1353,5.9584,6.4908,1,1,9.29394031721092,8.9491,0.1884,8.5803,9.3165,1,1,7.10490577112262,7.1748,0.1474,6.8849,7.4647,1,1,9.68083248283218,9.2976,0.2058,8.8927,9.7017,1,1,7.54002818053297,7.58,0.152,7.2782,7.8762,1,1,0.3,0.3149,0.0134,0.2885,0.3411,1,1,0.2,0.1998,0.0142,0.1721,0.2278,1,1,-0.15,-0.1477,0.016,-0.179,-0.1164,1,1,-0.1,-0.0966,0.015,-0.1261,-0.067,1,1,1.16975723241009,1.0195,0.0796,0.8757,1.1866,1,1,0.818364051334181,0.697,0.0569,0.5945,0.817,0,1,1.77224917802126,1.6623,0.1232,1.4427,1.9248,1,1,1.22554713982381,1.217,0.0912,1.0535,1.4097,1,1,1.92749400743346,1.8252,0.1337,1.5847,2.1085,1,1,1.39038469211727,1.324,0.0988,1.1459,1.5326,1,1,1.96107469695758,1.8521,0.1355,1.6096,2.1388,1,1,1.44296594681151,1.4392,0.1061,1.25,1.6647,1,1,1.97661392972742,2.035,0.1474,1.7719,2.3503,1,1,1.46479650840188,1.4935,0.1103,1.2974,1.7304,1,1,0.1,0.0731,0.0134,0.0488,0.101,1,1,0.1,0.087,0.0142,0.0605,0.1162,1,1,0.1,0.119,0.0146,0.0912,0.1492,1,1,0.1,0.1027,0.0145,0.0753,0.1321,1,1,1,0.993,0.0146,0.9648,1.0218,1,1,1,0.9691,0.0143,0.9412,0.9974,0,1,0.3,0.2841,0.0106,0.2634,0.3053,1,1,0.3,0.2841,0.0106,0.2634,0.3053,1,1
89,3.38008587561722,3.3622,0.1262,3.1123,3.6096,1,1,2.6490919557642,2.6536,0.0881,2.4796,2.8255,1,1,6.5592497625802,6.5366,0.1814,6.1805,6.8913,1,1,4.79549474076678,4.8813,0.1274,4.6332,5.1305,1,1,8.41991048086296,8.3437,0.1895,7.9715,8.7165,1,1,6.27213639876793,6.3677,0.1452,6.0826,6.6524,1,1,9.29394031721092,9.2687,0.1915,8.8918,9.6432,1,1,7.10490577112262,7.2853,0.1436,7.0016,7.5659,1,1,9.68083248283218,9.6048,0.1928,9.2279,9.9845,1,1,7.54002818053297,7.7143,0.1406,7.437,7.9897,1,1,0.3,0.2965,0.0143,0.2685,0.3245,1,1,0.2,0.2031,0.0158,0.1722,0.2343,1,1,-0.15,-0.1318,0.0163,-0.1638,-0.0997,1,1,-0.1,-0.1389,0.0163,-0.1711,-0.1067,0,1,1.16975723241009,1.2118,0.0917,1.0477,1.4056,1,1,0.818364051334181,0.8335,0.0667,0.7131,0.9751,1,1,1.77224917802126,1.7756,0.1307,1.5404,2.0506,1,1,1.22554713982381,1.2426,0.0929,1.0753,1.4396,1,1,1.92749400743346,1.8731,0.1369,1.6258,2.1652,1,1,1.39038469211727,1.4181,0.1054,1.228,1.6406,1,1,1.96107469695758,1.8992,0.1382,1.6497,2.1928,1,1,1.44296594681151,1.4021,0.104,1.2147,1.6219,1,1,1.97661392972742,1.8944,0.1394,1.6449,2.1921,1,1,1.46479650840188,1.3716,0.102,1.1898,1.5872,1,1,0.1,0.0879,0.0144,0.061,0.1174,1,1,0.1,0.1112,0.0149,0.0834,0.1417,1,1,0.1,0.124,0.0145,0.0969,0.154,1,1,0.1,0.1176,0.015,0.0894,0.1482,1,1,1,1.0438,0.0153,1.0142,1.0742,0,1,1,1.0082,0.0148,0.9796,1.0374,1,1,0.3,0.308,0.0111,0.2865,0.3301,1,1,0.3,0.308,0.0111,0.2865,0.3301,1,1
90,3.38008587561722,3.4217,0.1254,3.1747,3.6655,1,1,2.6490919557642,2.7196,0.0885,2.5466,2.8929,1,1,6.5592497625802,6.5437,0.1804,6.1899,6.9003,1,1,4.79549474076678,4.8472,0.1265,4.6003,5.0985,1,1,8.41991048086296,8.4965,0.1974,8.1075,8.8838,1,1,6.27213639876793,6.3221,0.1429,6.0422,6.6019,1,1,9.29394031721092,9.4151,0.2074,9.0082,9.8209,1,1,7.10490577112262,7.2842,0.1498,6.99,7.58,1,1,9.68083248283218,9.8327,0.2094,9.4202,10.2443,1,1,7.54002818053297,7.7302,0.1538,7.428,8.0328,1,1,0.3,0.2883,0.0143,0.2598,0.3162,1,1,0.2,0.1941,0.0149,0.165,0.2234,1,1,-0.15,-0.1631,0.0151,-0.1927,-0.1337,1,1,-0.1,-0.1206,0.0135,-0.147,-0.0942,1,1,1.16975723241009,1.2129,0.0922,1.048,1.4061,1,1,0.818364051334181,0.8355,0.0657,0.7171,0.975,1,1,1.77224917802126,1.7738,0.1299,1.5404,2.0486,1,1,1.22554713982381,1.2291,0.0917,1.0643,1.4235,1,1,1.92749400743346,1.955,0.1423,1.7016,2.2555,1,1,1.39038469211727,1.4006,0.1033,1.2145,1.6181,1,1,1.96107469695758,2.0431,0.1488,1.7762,2.3586,1,1,1.44296594681151,1.4594,0.108,1.2661,1.6875,1,1,1.97661392972742,2.0642,0.1498,1.7957,2.3814,1,1,1.46479650840188,1.5014,0.1108,1.3013,1.738,1,1,0.1,0.0861,0.0142,0.0598,0.115,1,1,0.1,0.0958,0.0146,0.0687,0.1256,1,1,0.1,0.1042,0.0144,0.0767,0.1332,1,1,0.1,0.0826,0.0134,0.0576,0.1101,1,1,1,0.9874,0.0146,0.9594,1.0165,1,1,1,0.9992,0.0148,0.9705,1.0287,1,1,0.3,0.2915,0.0108,0.2705,0.3128,1,1,0.3,0.2915,0.0108,0.2705,0.3128,1,1
91,3.38008587561722,3.3936,0.1149,3.1673,3.6181,1,1,2.6490919557642,2.6426,0.0993,2.4486,2.8382,1,1,6.5592497625802,6.4646,0.1827,6.1026,6.8229,1,1,4.79549474076678,4.8354,0.1313,4.5774,5.0939,1,1,8.41991048086296,8.1784,0.1931,7.8024,8.5559,1,1,6.27213639876793,6.3617,0.1387,6.0911,6.635,1,1,9.29394031721092,8.9639,0.2029,8.5671,9.3655,1,1,7.10490577112262,7.2288,0.1472,6.9403,7.5188,1,1,9.68083248283218,9.2898,0.2023,8.8927,9.6863,1,1,7.54002818053297,7.6975,0.1502,7.4014,7.9904,1,1,0.3,0.2839,0.015,0.2545,0.3134,1,1,0.2,0.2034,0.0157,0.1724,0.2342,1,1,-0.15,-0.1546,0.0134,-0.1806,-0.1281,1,1,-0.1,-0.1061,0.0151,-0.1361,-0.0769,1,1,1.16975723241009,1.1079,0.0851,0.9562,1.2892,1,1,0.818364051334181,0.9471,0.0735,0.8139,1.1028,1,1,1.77224917802126,1.8007,0.1314,1.5642,2.0797,1,1,1.22554713982381,1.2824,0.0955,1.1102,1.4858,1,1,1.92749400743346,1.9087,0.1393,1.6585,2.2051,1,1,1.39038469211727,1.359,0.1013,1.1778,1.5744,1,1,1.96107469695758,1.9856,0.145,1.7259,2.2948,1,1,1.44296594681151,1.4457,0.1066,1.2546,1.6731,1,1,1.97661392972742,2.0034,0.1464,1.7448,2.3168,1,1,1.46479650840188,1.4669,0.108,1.2716,1.6944,1,1,0.1,0.0989,0.0147,0.071,0.1287,1,1,0.1,0.1087,0.0145,0.0815,0.1385,1,1,0.1,0.0788,0.0131,0.0545,0.1057,1,1,0.1,0.1048,0.0147,0.077,0.1348,1,1,1,0.9882,0.0146,0.9598,1.0174,1,1,1,0.9901,0.0145,0.9622,1.0191,1,1,0.3,0.2751,0.0107,0.2543,0.2962,0,1,0.3,0.2751,0.0107,0.2543,0.2962,0,1
92,3.38008587561722,3.056,0.1209,2.8179,3.2926,0,1,2.6490919557642,2.6607,0.0813,2.5016,2.8216,1,1,6.5592497625802,6.1394,0.1743,5.7943,6.4821,0,1,4.79549474076678,4.8096,0.1208,4.5707,5.0472,1,1,8.41991048086296,8.0527,0.2021,7.6546,8.4498,1,1,6.27213639876793,6.2292,0.1426,5.95,6.509,1,1,9.29394031721092,9.0778,0.1979,8.6897,9.4659,1,1,7.10490577112262,6.9876,0.1444,6.7006,7.2717,1,1,9.68083248283218,9.4594,0.204,9.0603,9.862,1,1,7.54002818053297,7.4174,0.1433,7.1347,7.6984,1,1,0.3,0.2733,0.0161,0.2415,0.3049,1,1,0.2,0.2153,0.0139,0.1879,0.2426,1,1,-0.15,-0.154,0.0157,-0.1847,-0.1232,1,1,-0.1,-0.091,0.014,-0.1185,-0.0631,1,1,1.16975723241009,1.1665,0.0886,1.0076,1.3562,1,1,0.818364051334181,0.7566,0.0612,0.6451,0.8855,1,1,1.77224917802126,1.7192,0.1264,1.4899,1.9866,1,1,1.22554713982381,1.1788,0.0887,1.0199,1.3687,1,1,1.92749400743346,1.9969,0.1453,1.7357,2.3046,1,1,1.39038469211727,1.3925,0.1028,1.2082,1.6118,1,1,1.96107469695758,1.9725,0.1434,1.7168,2.2757,1,1,1.44296594681151,1.4166,0.105,1.2297,1.6415,1,1,1.97661392972742,2.0107,0.1471,1.7483,2.3216,1,1,1.46479650840188,1.3972,0.1037,1.2115,1.6151,1,1,0.1,0.1121,0.0151,0.0843,0.1431,1,1,0.1,0.0818,0.0142,0.0552,0.1109,1,1,0.1,0.1113,0.0148,0.0834,0.1415,1,1,0.1,0.0887,0.014,0.063,0.1177,1,1,1,0.9989,0.0148,0.9706,1.0286,1,1,1,1.0221,0.015,0.9932,1.0521,1,1,0.3,0.2875,0.0109,0.2663,0.309,1,1,0.3,0.2875,0.0109,0.2663,0.309,1,1
93,3.38008587561722,3.46,0.1258,3.2117,3.7062,1,1,2.6490919557642,2.5776,0.0875,2.4042,2.7488,1,1,6.5592497625802,6.5635,0.1938,6.1821,6.945,1,1,4.79549474076678,4.6952,0.133,4.4333,4.9589,1,1,8.41991048086296,8.5182,0.2074,8.1122,8.9227,1,1,6.27213639876793,6.1369,0.1464,5.8481,6.4268,1,1,9.29394031721092,9.393,0.2152,8.9667,9.815,1,1,7.10490577112262,6.9991,0.1436,6.718,7.2792,1,1,9.68083248283218,9.8002,0.2105,9.3809,10.2106,1,1,7.54002818053297,7.4158,0.1469,7.1276,7.7054,1,1,0.3,0.3021,0.0152,0.2721,0.3321,1,1,0.2,0.1978,0.015,0.1683,0.2275,1,1,-0.15,-0.1448,0.0157,-0.1754,-0.1141,1,1,-0.1,-0.0895,0.0132,-0.1156,-0.0638,1,1,1.16975723241009,1.2105,0.0928,1.0441,1.409,1,1,0.818364051334181,0.8272,0.0649,0.7108,0.9635,1,1,1.77224917802126,1.8919,0.1392,1.6431,2.1899,1,1,1.22554713982381,1.2989,0.0968,1.126,1.5044,1,1,1.92749400743346,2.0456,0.1492,1.78,2.3643,1,1,1.39038469211727,1.4318,0.1049,1.2439,1.6546,1,1,1.96107469695758,2.12,0.1538,1.8442,2.4494,1,1,1.44296594681151,1.4056,0.1046,1.2168,1.6265,1,1,1.97661392972742,2.0691,0.15,1.8002,2.3866,1,1,1.46479650840188,1.4381,0.1062,1.2464,1.6629,1,1,0.1,0.1005,0.0142,0.0741,0.1293,1,1,0.1,0.0975,0.0144,0.0699,0.1269,1,1,0.1,0.1136,0.0145,0.0862,0.1434,1,1,0.1,0.0729,0.0134,0.0488,0.1008,1,1,1,1.0067,0.0148,0.9782,1.0361,1,1,1,0.9918,0.0146,0.9636,1.0207,1,1,0.3,0.3074,0.0109,0.2865,0.3289,1,1,0.3,0.3074,0.0109,0.2865,0.3289,1,1
94,3.38008587561722,3.5278,0.123,3.2861,3.7675,1,1,2.6490919557642,2.7358,0.0825,2.573,2.8984,1,1,6.5592497625802,6.8057,0.1858,6.4399,7.1712,1,1,4.79549474076678,4.8264,0.1186,4.5938,5.0607,1,1,8.41991048086296,8.5991,0.1887,8.2241,8.969,1,1,6.27213639876793,6.3133,0.1286,6.0606,6.5657,1,1,9.29394031721092,9.3822,0.1973,8.9979,9.7694,1,1,7.10490577112262,7.1006,0.1317,6.8391,7.3605,1,1,9.68083248283218,9.6624,0.1975,9.272,10.0504,1,1,7.54002818053297,7.5916,0.1354,7.3256,7.8567,1,1,0.3,0.2962,0.0157,0.2652,0.3272,1,1,0.2,0.1837,0.0161,0.1522,0.2153,1,1,-0.15,-0.1498,0.0137,-0.1764,-0.1228,1,1,-0.1,-0.129,0.0131,-0.1543,-0.1034,0,1,1.16975723241009,1.1903,0.0907,1.0286,1.3841,1,1,0.818364051334181,0.7724,0.0624,0.6598,0.9032,1,1,1.77224917802126,1.8194,0.133,1.5802,2.0998,1,1,1.22554713982381,1.1444,0.0862,0.9889,1.3259,1,1,1.92749400743346,1.8514,0.1363,1.6062,2.1399,1,1,1.39038469211727,1.2607,0.0943,1.0922,1.4613,1,1,1.96107469695758,1.9543,0.143,1.6985,2.2573,1,1,1.44296594681151,1.2775,0.0954,1.107,1.4801,1,1,1.97661392972742,1.9389,0.1421,1.6826,2.2402,1,1,1.46479650840188,1.3208,0.0985,1.1426,1.5266,1,1,0.1,0.1096,0.0151,0.0813,0.1403,1,1,0.1,0.1148,0.015,0.0869,0.1457,1,1,0.1,0.0846,0.0135,0.059,0.1125,1,1,0.1,0.072,0.0133,0.0475,0.0996,0,1,1,1.0034,0.0147,0.9749,1.0329,1,1,1,0.9832,0.0144,0.9553,1.0116,1,1,0.3,0.2844,0.0107,0.2637,0.3053,1,1,0.3,0.2844,0.0107,0.2637,0.3053,1,1
95,3.38008587561722,3.2788,0.1336,3.0145,3.5392,1,1,2.6490919557642,2.6982,0.0857,2.5296,2.8664,1,1,6.5592497625802,6.2591,0.1931,5.8762,6.6345,1,1,4.79549474076678,4.8909,0.1158,4.6638,5.1176,1,1,8.41991048086296,7.9534,0.2066,7.5484,8.3557,0,1,6.27213639876793,6.407,0.1299,6.1534,6.6607,1,1,9.29394031721092,8.8789,0.2044,8.4788,9.279,0,1,7.10490577112262,7.2353,0.1357,6.9676,7.5022,1,1,9.68083248283218,9.3209,0.2104,8.9063,9.7356,1,1,7.54002818053297,7.6831,0.1351,7.4192,7.9493,1,1,0.3,0.2671,0.0152,0.2374,0.2973,0,1,0.2,0.2179,0.0147,0.1888,0.2466,1,1,-0.15,-0.1674,0.0141,-0.1952,-0.1397,1,1,-0.1,-0.1051,0.0146,-0.1341,-0.0765,1,1,1.16975723241009,1.289,0.0968,1.1119,1.4931,1,1,0.818364051334181,0.8029,0.0645,0.6853,0.9391,1,1,1.77224917802126,1.9089,0.1391,1.6615,2.2045,1,1,1.22554713982381,1.1191,0.0849,0.9662,1.2991,1,1,1.92749400743346,2.0474,0.1489,1.7783,2.3616,1,1,1.39038469211727,1.2659,0.0943,1.0965,1.4653,1,1,1.96107469695758,2.0146,0.1464,1.7531,2.3272,1,1,1.44296594681151,1.322,0.0986,1.146,1.5316,1,1,1.97661392972742,2.0728,0.1517,1.8023,2.394,1,1,1.46479650840188,1.3104,0.0974,1.1346,1.5172,1,1,0.1,0.103,0.0149,0.0751,0.1333,1,1,0.1,0.0968,0.0142,0.07,0.1259,1,1,0.1,0.0893,0.014,0.063,0.1178,1,1,0.1,0.098,0.0141,0.0716,0.1269,1,1,1,0.9817,0.0143,0.9541,1.0103,1,1,1,1.0062,0.0148,0.9779,1.0354,1,1,0.3,0.2824,0.0107,0.2619,0.3036,1,1,0.3,0.2824,0.0107,0.2619,0.3036,1,1
96,3.38008587561722,3.4496,0.1226,3.2105,3.6918,1,1,2.6490919557642,2.7344,0.1036,2.5317,2.9393,1,1,6.5592497625802,6.5928,0.1698,6.2589,6.926,1,1,4.79549474076678,4.9162,0.1448,4.6328,5.2008,1,1,8.41991048086296,8.3857,0.1967,7.9963,8.7705,1,1,6.27213639876793,6.3386,0.1566,6.0309,6.6443,1,1,9.29394031721092,9.2204,0.1952,8.8409,9.6027,1,1,7.10490577112262,7.1969,0.1621,6.8782,7.5147,1,1,9.68083248283218,9.6098,0.2011,9.2133,10.0004,1,1,7.54002818053297,7.5477,0.1563,7.241,7.8541,1,1,0.3,0.3191,0.0163,0.2871,0.3511,1,1,0.2,0.2182,0.0147,0.1894,0.247,1,1,-0.15,-0.1442,0.0146,-0.173,-0.1157,1,1,-0.1,-0.1078,0.015,-0.137,-0.0784,1,1,1.16975723241009,1.1732,0.0901,1.0122,1.3655,1,1,0.818364051334181,0.9945,0.0767,0.8572,1.1564,0,1,1.77224917802126,1.6683,0.1235,1.4452,1.9298,1,1,1.22554713982381,1.414,0.1047,1.2258,1.6353,0,1,1.92749400743346,1.936,0.1419,1.6807,2.238,1,1,1.39038469211727,1.5348,0.1136,1.3311,1.7752,1,1,1.96107469695758,1.9184,0.1411,1.6642,2.216,1,1,1.44296594681151,1.5846,0.1164,1.3758,1.8303,1,1,1.97661392972742,1.9709,0.1442,1.7115,2.2777,1,1,1.46479650840188,1.5346,0.1139,1.3311,1.7773,1,1,0.1,0.1171,0.0149,0.0892,0.1477,1,1,0.1,0.0965,0.0148,0.0685,0.1264,1,1,0.1,0.0993,0.0141,0.0731,0.1282,1,1,0.1,0.1025,0.0144,0.0758,0.1316,1,1,1,1.0042,0.0148,0.9756,1.0333,1,1,1,1.0301,0.0152,1.0008,1.0603,0,1,0.3,0.3011,0.011,0.2794,0.3229,1,1,0.3,0.3011,0.011,0.2794,0.3229,1,1
97,3.38008587561722,3.2313,0.1215,2.9923,3.4692,1,1,2.6490919557642,2.7026,0.0915,2.522,2.8823,1,1,6.5592497625802,6.1988,0.177,5.8513,6.5496,0,1,4.79549474076678,4.857,0.1392,4.582,5.1293,1,1,8.41991048086296,8.0732,0.1821,7.7182,8.4319,1,1,6.27213639876793,6.2367,0.1556,5.9321,6.5439,1,1,9.29394031721092,9.018,0.1873,8.6519,9.381,1,1,7.10490577112262,7.0637,0.1551,6.7615,7.3691,1,1,9.68083248283218,9.3776,0.1898,9.0039,9.7511,1,1,7.54002818053297,7.4131,0.1624,7.0957,7.7287,1,1,0.3,0.3166,0.0153,0.2866,0.3466,1,1,0.2,0.1947,0.0153,0.1646,0.2245,1,1,-0.15,-0.1463,0.0142,-0.174,-0.1183,1,1,-0.1,-0.1149,0.0146,-0.1437,-0.0862,1,1,1.16975723241009,1.1674,0.0898,1.0057,1.3568,1,1,0.818364051334181,0.8719,0.0682,0.7487,1.0163,1,1,1.77224917802126,1.7374,0.1277,1.5085,2.0092,1,1,1.22554713982381,1.3621,0.1015,1.1798,1.576,1,1,1.92749400743346,1.7765,0.1303,1.5426,2.0533,1,1,1.39038469211727,1.5287,0.1117,1.3292,1.7671,1,1,1.96107469695758,1.8388,0.1355,1.5947,2.1254,1,1,1.44296594681151,1.5255,0.1118,1.3242,1.763,1,1,1.97661392972742,1.8665,0.1377,1.6206,2.1601,1,1,1.46479650840188,1.5857,0.1157,1.3794,1.833,1,1,0.1,0.1027,0.0144,0.0755,0.1323,1,1,0.1,0.1044,0.0146,0.0766,0.134,1,1,0.1,0.0944,0.0139,0.0682,0.1229,1,1,0.1,0.0976,0.0144,0.0706,0.127,1,1,1,1.0026,0.0148,0.974,1.0316,1,1,1,0.9865,0.0145,0.9583,1.0152,1,1,0.3,0.2998,0.0108,0.2787,0.321,1,1,0.3,0.2998,0.0108,0.2787,0.321,1,1
98,3.38008587561722,3.3526,0.1162,3.1235,3.5824,1,1,2.6490919557642,2.6358,0.0862,2.4666,2.8065,1,1,6.5592497625802,6.4672,0.1679,6.1383,6.7962,1,1,4.79549474076678,4.7342,0.1292,4.4797,4.9892,1,1,8.41991048086296,8.3366,0.1745,7.9941,8.6785,1,1,6.27213639876793,6.2086,0.1554,5.9056,6.5153,1,1,9.29394031721092,9.2002,0.1796,8.8519,9.552,1,1,7.10490577112262,7.0164,0.1722,6.6777,7.3523,1,1,9.68083248283218,9.6443,0.1808,9.2878,10.0008,1,1,7.54002818053297,7.4549,0.1743,7.114,7.8004,1,1,0.3,0.2914,0.0156,0.2609,0.322,1,1,0.2,0.1934,0.014,0.1659,0.221,1,1,-0.15,-0.1658,0.016,-0.1978,-0.1342,1,1,-0.1,-0.1323,0.0137,-0.1592,-0.1054,0,1,1.16975723241009,1.1072,0.0859,0.9523,1.2891,1,1,0.818364051334181,0.8128,0.0646,0.6952,0.9482,1,1,1.77224917802126,1.6405,0.1205,1.4248,1.8959,1,1,1.22554713982381,1.2611,0.094,1.0925,1.4611,1,1,1.92749400743346,1.7047,0.1253,1.4804,1.9703,1,1,1.39038469211727,1.5261,0.1113,1.3275,1.7622,1,1,1.96107469695758,1.7628,0.1304,1.529,2.0402,1,1,1.44296594681151,1.701,0.1239,1.48,1.9635,0,1,1.97661392972742,1.7803,0.1311,1.5431,2.06,1,1,1.46479650840188,1.7184,0.1251,1.4939,1.9833,0,1,0.1,0.1057,0.0156,0.0761,0.1374,1,1,0.1,0.0843,0.0138,0.0584,0.1123,1,1,0.1,0.1144,0.0146,0.0872,0.1445,1,1,0.1,0.0847,0.0135,0.0593,0.1126,1,1,1,0.9867,0.0146,0.9585,1.0157,1,1,1,1.0151,0.0149,0.9861,1.0447,1,1,0.3,0.3058,0.0108,0.2849,0.3274,1,1,0.3,0.3058,0.0108,0.2849,0.3274,1,1
99,3.38008587561722,3.1733,0.1261,2.9224,3.4186,1,1,2.6490919557642,2.5845,0.0761,2.434,2.7326,1,1,6.5592497625802,6.2848,0.1798,5.9335,6.6385,1,1,4.79549474076678,4.6802,0.1147,4.4528,4.9038,1,1,8.41991048086296,8.0792,0.1987,7.6911,8.4703,1,1,6.27213639876793,6.0964,0.1373,5.8275,6.3649,1,1,9.29394031721092,9.0223,0.1965,8.6375,9.41,1,1,7.10490577112262,6.9552,0.1488,6.6619,7.2476,1,1,9.68083248283218,9.4908,0.2026,9.0948,9.8909,1,1,7.54002818053297,7.4262,0.1533,7.1244,7.7271,1,1,0.3,0.3233,0.0147,0.2941,0.3521,1,1,0.2,0.1997,0.0155,0.1695,0.2302,1,1,-0.15,-0.1419,0.0141,-0.1696,-0.1142,1,1,-0.1,-0.0766,0.0156,-0.1072,-0.0458,1,1,1.16975723241009,1.2187,0.0929,1.0523,1.4148,1,1,0.818364051334181,0.7037,0.058,0.599,0.8258,1,1,1.77224917802126,1.762,0.1295,1.5306,2.0373,1,1,1.22554713982381,1.1123,0.0842,0.9612,1.2916,1,1,1.92749400743346,1.9684,0.1428,1.7128,2.2701,1,1,1.39038469211727,1.3474,0.1002,1.1667,1.56,1,1,1.96107469695758,1.9303,0.1409,1.679,2.2316,1,1,1.44296594681151,1.4588,0.1075,1.2663,1.6868,1,1,1.97661392972742,1.988,0.1458,1.7282,2.2967,1,1,1.46479650840188,1.5092,0.1114,1.3092,1.7458,1,1,0.1,0.092,0.0145,0.0649,0.1214,1,1,0.1,0.1075,0.0148,0.0793,0.1381,1,1,0.1,0.0925,0.0141,0.0655,0.1211,1,1,0.1,0.1119,0.0149,0.0842,0.1423,1,1,1,0.994,0.0148,0.9656,1.0233,1,1,1,0.9941,0.0147,0.9659,1.0234,1,1,0.3,0.2842,0.0108,0.2631,0.3055,1,1,0.3,0.2842,0.0108,0.2631,0.3055,1,1
100,3.38008587561722,3.3536,0.1173,3.1236,3.5825,1,1,2.6490919557642,2.6345,0.0837,2.4695,2.7985,1,1,6.5592497625802,6.7117,0.1678,6.3835,7.0395,1,1,4.79549474076678,4.7796,0.12,4.544,5.0134,1,1,8.41991048086296,8.6095,0.176,8.2603,8.9553,1,1,6.27213639876793,6.25,0.1392,5.9783,6.5231,1,1,9.29394031721092,9.5081,0.1887,9.1369,9.8786,1,1,7.10490577112262,7.08,0.143,6.8009,7.3583,1,1,9.68083248283218,9.9721,0.1884,9.6011,10.3412,1,1,7.54002818053297,7.5185,0.1482,7.2267,7.8105,1,1,0.3,0.2779,0.0163,0.2461,0.3105,1,1,0.2,0.1863,0.0138,0.1593,0.2133,1,1,-0.15,-0.1659,0.0158,-0.197,-0.1349,1,1,-0.1,-0.1148,0.0167,-0.1475,-0.0821,1,1,1.16975723241009,1.125,0.0873,0.9685,1.3102,1,1,0.818364051334181,0.7824,0.0623,0.6697,0.9127,1,1,1.77224917802126,1.6419,0.1205,1.4258,1.8969,1,1,1.22554713982381,1.1664,0.0877,1.0084,1.3527,1,1,1.92749400743346,1.7273,0.1269,1.4985,1.9975,1,1,1.39038469211727,1.3576,0.1002,1.1766,1.5696,1,1,1.96107469695758,1.8572,0.1353,1.6132,2.1433,1,1,1.44296594681151,1.4047,0.1037,1.2186,1.6266,1,1,1.97661392972742,1.8575,0.1354,1.6142,2.1434,1,1,1.46479650840188,1.4545,0.1075,1.2623,1.686,1,1,0.1,0.1184,0.0152,0.0903,0.1496,1,1,0.1,0.0804,0.0141,0.0543,0.1096,1,1,0.1,0.1153,0.0144,0.0887,0.1448,1,1,0.1,0.1243,0.0148,0.0968,0.155,1,1,1,0.9944,0.0147,0.9656,1.0236,1,1,1,0.9764,0.0144,0.9485,1.005,1,1,0.3,0.3005,0.0107,0.2796,0.3217,1,1,0.3,0.3005,0.0107,0.2796,0.3217,1,1
